{"type":"FeatureCollection","features":[{"type":"Feature","properties":{"name":"Odha Ghat - Proposed","stroke":"#ffff7f","stroke-opacity":1,"stroke-width":3,"sourceFolder":"Railway station / Odha Ghat - Proposed.kml","source":"Mobility plan Nashik KMZ (NTKMA)","category":"ghat","role":"area","layer":"Ghats"},"geometry":{"type":"Polygon","coordinates":[[[73.90534805713789,19.99407022186985],[73.90568091590166,19.99408802423222],[73.90574315768266,19.99418211705298],[73.90593800117351,19.9941948323695],[73.90613555060582,19.9942304348206],[73.90632227519423,19.99426095094537],[73.9065008813524,19.99430926817123],[73.90686621214283,19.99438301462613],[73.90687162444983,19.99438301459476],[73.90704752487133,19.99444658954411],[73.90731543506536,19.994515249756],[73.90749404249514,19.9945711952565],[73.9078079597633,19.99467800040727],[73.90780796064654,19.99473903363064],[73.90779713723781,19.99482804049523],[73.90779172606308,19.99490433215031],[73.90765912255553,19.99485855831388],[73.90748322021189,19.99477463907857],[73.90721530875213,19.99468054836278],[73.90682562116672,19.99458391515336],[73.90644946510565,19.99446693693849],[73.90617343710684,19.99439318949422],[73.90590011508532,19.9943499580921],[73.90569444659872,19.99434487196804],[73.90533452556915,19.99433215608213],[73.90534805713789,19.99407022186985]]]}},{"type":"Feature","properties":{"name":"Odha Ghat - Proposed","stroke":"#ffff7f","stroke-opacity":1,"stroke-width":3,"sourceFolder":"Railway station / Odha Ghat - Proposed.kml","source":"Mobility plan Nashik KMZ (NTKMA)","category":"ghat","role":"marker","layer":"Ghats"},"geometry":{"type":"Point","coordinates":[73.90663660696435,19.994447665972164]}},{"type":"Feature","properties":{"name":"Adiwashi pada takli holding point","stroke":"#ffff00","stroke-opacity":0.941,"stroke-width":4,"fill":"#0000ff","fill-opacity":0.502,"sourceFolder":"Holding Areas / Holding Area.kmz / Holding Area / Deolali station road","source":"Mobility plan Nashik KMZ (NTKMA)","category":"riverside-holding","role":"area","layer":"Ghats"},"geometry":{"type":"Polygon","coordinates":[[[73.82148487372237,19.98692905467588],[73.8206921647822,19.98702875742604],[73.82055319925442,19.98664796490787],[73.82129981244444,19.98643137189882],[73.82148487372237,19.98692905467588]]]}},{"type":"Feature","properties":{"name":"Adiwashi pada takli holding point","stroke":"#ffff00","stroke-opacity":0.941,"stroke-width":4,"fill":"#0000ff","fill-opacity":0.502,"sourceFolder":"Holding Areas / Holding Area.kmz / Holding Area / Deolali station road","source":"Mobility plan Nashik KMZ (NTKMA)","category":"riverside-holding","role":"marker","layer":"Ghats"},"geometry":{"type":"Point","coordinates":[73.82110298478517,19.9867932407169]}},{"type":"Feature","properties":{"name":"Someshwar Ghat - 16248 Sq.M.","stroke":"#ffff00","stroke-opacity":1,"stroke-width":4,"fill":"#00ffff","fill-opacity":0.502,"sourceFolder":"Holding Areas","source":"Mobility plan Nashik KMZ (NTKMA)","category":"riverside-holding","role":"area","layer":"Ghats"},"geometry":{"type":"Polygon","coordinates":[[[73.71959111585852,20.02961017860724],[73.71983434409047,20.02988275066249],[73.72005362506405,20.02995640999564],[73.7206192343013,20.02998072793348],[73.72131482904301,20.03000443982445],[73.7216794173008,20.0300048210266],[73.72168179302045,20.03044035681284],[73.72083414011874,20.03037960066112],[73.72012626001926,20.03037274233818],[73.71977702483235,20.03035427766295],[73.71952590054131,20.03023874899439],[73.71940834271953,20.02990762138448],[73.71959111585852,20.02961017860724]]]}},{"type":"Feature","properties":{"name":"Someshwar Ghat - 16248 Sq.M.","stroke":"#ffff00","stroke-opacity":1,"stroke-width":4,"fill":"#00ffff","fill-opacity":0.502,"sourceFolder":"Holding Areas","source":"Mobility plan Nashik KMZ (NTKMA)","category":"riverside-holding","role":"marker","layer":"Ghats"},"geometry":{"type":"Point","coordinates":[73.72031054944371,20.0300571426547]}},{"type":"Feature","properties":{"name":"Navashya Ganpati HA - 12956 sqm","stroke":"#ffff00","stroke-opacity":1,"stroke-width":4,"fill":"#00ffff","fill-opacity":0.502,"sourceFolder":"Holding Areas","source":"Mobility plan Nashik KMZ (NTKMA)","category":"riverside-holding","role":"area","layer":"Ghats"},"geometry":{"type":"Polygon","coordinates":[[[73.74318907911137,20.01658314940605],[73.74290407123152,20.0167616784316],[73.74269406532223,20.01690262189296],[73.74242405734535,20.01711403655841],[73.74217904939316,20.01734424334535],[73.74194404085888,20.01755565771652],[73.74182903710772,20.01749458208019],[73.74183903802974,20.0173536389712],[73.74184403886184,20.01719860161277],[73.74183903867839,20.01719390350009],[73.74182403829637,20.01716571486355],[73.74179903760822,20.01714222427798],[73.74178403715555,20.01713282803491],[73.7417690367239,20.01711873369132],[73.74174903614846,20.01710463933006],[73.74173903588607,20.0170858468824],[73.74171903529283,20.01707645061619],[73.74170903503375,20.0170576581755],[73.74169403460958,20.01704356382416],[73.74167903418667,20.01702946946199],[73.74165903364312,20.01701067698856],[73.74164403324602,20.01699188452288],[73.74163403302686,20.01697779017971],[73.74161403243323,20.01695899769404],[73.74159903201684,20.01694490332406],[73.74157903145712,20.01693080893198],[73.74155903087328,20.01692141263886],[73.74153903028906,20.01691201634187],[73.74152903004577,20.01689322388687],[73.7415190298033,20.01687443142958],[73.74150902959134,20.01686033707593],[73.74150902971891,20.01683684656385],[73.74150902981995,20.01681805415668],[73.74151903022926,20.01679456369539],[73.74152903064088,20.01678046943534],[73.74153403087753,20.01676167705817],[73.74153903116742,20.01674288467167],[73.74154903153881,20.0167240923196],[73.74156403207745,20.01670999807495],[73.74157403247455,20.01669590382282],[73.741594033163,20.01667711151892],[73.74160903374995,20.0166489229692],[73.74162403428932,20.01663013063825],[73.74163903480411,20.01661603640714],[73.74165403531485,20.01660194217489],[73.74166403561625,20.01659254600114],[73.74168403630658,20.01657845178966],[73.74169903684057,20.01655496135142],[73.74171403730155,20.01655026331667],[73.74172903773801,20.01653616907817],[73.74175403852108,20.01652677298159],[73.7417890395812,20.01650798068221],[73.7418140403501,20.01649858457681],[73.74183904105838,20.01648918846763],[73.7418590416374,20.01647979233702],[73.74188404240353,20.01646569811954],[73.74190404297411,20.01645630198322],[73.74192404355793,20.01645160394576],[73.74194904426102,20.01644690592067],[73.741969044812,20.0164422078774],[73.741994045546,20.0164328117436],[73.742014046109,20.01641871749142],[73.74203904680677,20.01640932134999],[73.74205904738167,20.01639992515653],[73.74208404807194,20.01639052900734],[73.74210404861297,20.01638113284405],[73.74212404917292,20.01637643477995],[73.74214404971444,20.01636234050869],[73.74215404998644,20.01635294432055],[73.74218405080998,20.0163388500587],[73.7422090514848,20.01632475578374],[73.7422190517611,20.01632005769294],[73.74224405243012,20.01630596341084],[73.7422640529615,20.01630126532637],[73.74228405348691,20.01629186913535],[73.74229905388546,20.01629186914559],[73.74232405454417,20.01627777481106],[73.74234405507012,20.01627307675113],[73.74236405559503,20.01626837861513],[73.74238405611749,20.01626837861694],[73.74240405664047,20.01625898240717],[73.74242405716113,20.01625428433518],[73.74244405768279,20.01624958618705],[73.74246405820193,20.01624958617721],[73.74248405872275,20.01624488809616],[73.74250905937022,20.01624018993454],[73.74253406001722,20.01623549176815],[73.74255406053666,20.01623079367629],[73.7425840613283,20.0162307936361],[73.74260406185218,20.01623079360565],[73.74262406236294,20.01623079357225],[73.7426490630162,20.01623079352639],[73.74267406367667,20.01623549154504],[73.74268906407589,20.01623549151262],[73.74270906462492,20.01624018960902],[73.74273406529124,20.01624488768993],[73.742754065809,20.01624488763771],[73.7427740663637,20.0162495856517],[73.74279406690995,20.01626367994685],[73.74281906757778,20.01626367987067],[73.74284406826706,20.0162730760009],[73.7428640688147,20.01628247214397],[73.74287406914894,20.01630126452936],[73.74288406948577,20.01632005691265],[73.74288906966086,20.01634354741568],[73.74289406981515,20.01635764170916],[73.74290407017047,20.01638113219022],[73.74290407022968,20.01640462270472],[73.74291407057818,20.01642341511534],[73.74292907097207,20.01643281126508],[73.7429440714501,20.01645160361747],[73.74296407209887,20.01646569784657],[73.74298407268297,20.01647509397124],[73.74300407321167,20.01646569768549],[73.74302407377083,20.0164656976009],[73.74304407437162,20.01646099941111],[73.74306907506144,20.01646099929802],[73.74308907559333,20.01645160299849],[73.74310907619804,20.01644690479863],[73.74312907674872,20.01644220659562],[73.74314907728291,20.01643281028552],[73.7431640777616,20.01644220641474],[73.74318907911137,20.01658314940605]]]}},{"type":"Feature","properties":{"name":"Navashya Ganpati HA - 12956 sqm","stroke":"#ffff00","stroke-opacity":1,"stroke-width":4,"fill":"#00ffff","fill-opacity":0.502,"sourceFolder":"Holding Areas","source":"Mobility plan Nashik KMZ (NTKMA)","category":"riverside-holding","role":"marker","layer":"Ghats"},"geometry":{"type":"Point","coordinates":[73.7422071805642,20.01658185174371]}},{"type":"Feature","properties":{"name":"Lakshminarayan Ghat 14525Sq.M","stroke":"#ffff00","stroke-opacity":1,"stroke-width":4,"fill":"#00ffff","fill-opacity":0.502,"sourceFolder":"Holding Areas","source":"Mobility plan Nashik KMZ (NTKMA)","category":"riverside-holding","role":"area","layer":"Ghats"},"geometry":{"type":"Polygon","coordinates":[[[73.80946412635382,20.00166447782458],[73.80953083572928,20.00144545385926],[73.80925437747123,20.00136085009439],[73.80924827527262,20.00122255067823],[73.8097754654446,20.00085396657526],[73.81006206768608,20.00073636371683],[73.8104677404575,20.00053786553839],[73.81072520911061,20.00044507058406],[73.81079431232133,20.00040459581436],[73.81119665436816,20.00096627441584],[73.81119642687105,20.00101967078194],[73.81055526121274,20.00120457904702],[73.81067314550431,20.00136688641448],[73.81058384119538,20.00137895613991],[73.81043094858933,20.00138499332617],[73.81012767524332,20.00153037818568],[73.80982433272251,20.00162172352207],[73.8096860235109,20.00172569853666],[73.80946412635382,20.00166447782458]]]}},{"type":"Feature","properties":{"name":"Lakshminarayan Ghat 14525Sq.M","stroke":"#ffff00","stroke-opacity":1,"stroke-width":4,"fill":"#00ffff","fill-opacity":0.502,"sourceFolder":"Holding Areas","source":"Mobility plan Nashik KMZ (NTKMA)","category":"riverside-holding","role":"marker","layer":"Ghats"},"geometry":{"type":"Point","coordinates":[73.81016109712729,20.001186043835773]}},{"type":"Feature","properties":{"name":"Kapila Sangam Ghat - 26983","stroke":"#ffff00","stroke-opacity":1,"stroke-width":4,"fill":"#00ffff","fill-opacity":0.502,"sourceFolder":"Holding Areas","source":"Mobility plan Nashik KMZ (NTKMA)","category":"riverside-holding","role":"area","layer":"Ghats"},"geometry":{"type":"Polygon","coordinates":[[[73.81344341302797,19.99869980043749],[73.8132647864892,19.99730455027261],[73.81392344355245,19.99733077390295],[73.81429184547888,19.99739371462707],[73.81476630212107,19.99733076431239],[73.81500075004716,19.99820148353994],[73.81507332869216,19.9991718623546],[73.81496727226,19.9991666183498],[73.8149226138947,19.99896729772937],[73.81484446777156,19.99899877041874],[73.81482213585672,19.99868405320538],[73.8143030216079,19.99875224754923],[73.81432534964186,19.99880470020329],[73.8139290368867,19.99885715626341],[73.81344341302797,19.99869980043749]]]}},{"type":"Feature","properties":{"name":"Kapila Sangam Ghat - 26983","stroke":"#ffff00","stroke-opacity":1,"stroke-width":4,"fill":"#00ffff","fill-opacity":0.502,"sourceFolder":"Holding Areas","source":"Mobility plan Nashik KMZ (NTKMA)","category":"riverside-holding","role":"marker","layer":"Ghats"},"geometry":{"type":"Point","coordinates":[73.8143547453571,19.99842423957358]}},{"type":"Feature","properties":{"name":"Nandur Dasak HA - 3126 sq.m.","stroke":"#ffff00","stroke-opacity":1,"stroke-width":4,"fill":"#00ffff","fill-opacity":0.502,"sourceFolder":"Holding Areas","source":"Mobility plan Nashik KMZ (NTKMA)","category":"riverside-holding","role":"area","layer":"Ghats"},"geometry":{"type":"Polygon","coordinates":[[[73.84717368441147,19.99001292427887],[73.8473381435455,19.98971273678794],[73.84771766573876,19.98943038060592],[73.8477176666473,19.98961168198747],[73.84772082968664,19.98966518071866],[73.84770185390644,19.98974840109763],[73.84772715636353,19.98987025924582],[73.84767022914092,19.99010208749222],[73.84755637312696,19.99032499959864],[73.84739507453519,19.99025664036221],[73.84739507375734,19.99010506048971],[73.84717368441147,19.99001292427887]]]}},{"type":"Feature","properties":{"name":"Nandur Dasak HA - 3126 sq.m.","stroke":"#ffff00","stroke-opacity":1,"stroke-width":4,"fill":"#00ffff","fill-opacity":0.502,"sourceFolder":"Holding Areas","source":"Mobility plan Nashik KMZ (NTKMA)","category":"riverside-holding","role":"marker","layer":"Ghats"},"geometry":{"type":"Point","coordinates":[73.84752395293928,19.98990443974533]}},{"type":"Feature","properties":{"name":"Nandur Dasak HA - 9506 sq.m.","stroke":"#ffff00","stroke-opacity":1,"stroke-width":4,"fill":"#00ffff","fill-opacity":0.502,"sourceFolder":"Holding Areas","source":"Mobility plan Nashik KMZ (NTKMA)","category":"riverside-holding","role":"area","layer":"Ghats"},"geometry":{"type":"Polygon","coordinates":[[[73.84774631032955,19.99019831944176],[73.84784102947336,19.9896019108711],[73.84826254712146,19.98973543197559],[73.84867459263391,19.98973542780702],[73.8487787876493,19.98969091842395],[73.84915294634845,19.98975322488823],[73.8491529466558,19.98977547898625],[73.84914821106838,19.98981553644416],[73.84913873936179,19.98986449560021],[73.84912926766224,19.98991345474839],[73.84912453196377,19.98994461054666],[73.8491197961643,19.98997576634723],[73.84911032445304,19.99001582384173],[73.84910558852779,19.99003807799719],[73.84909611651929,19.99006478303048],[73.8490913805675,19.99007813554681],[73.84908664481587,19.99010484051841],[73.8490866450837,19.99012264379594],[73.84908190936677,19.99015825040173],[73.8490819096384,19.99017605367997],[73.84908190997994,19.9901983077676],[73.84908191025482,19.99021611105559],[73.84908191060047,19.99023836514475],[73.84908191087858,19.9902561684168],[73.84908191129851,19.99028287334349],[73.84907243909153,19.99029622591006],[73.84907243944379,19.99031848001975],[73.84906296741138,19.99033628340392],[73.84905349527503,19.99035408678725],[73.84904875929661,19.99037189011629],[73.84903455093146,19.99038524273275],[73.84902981477386,19.99038524278569],[73.84854198682109,19.99033628875899],[73.84795943804626,19.990296235947],[73.84779367183704,19.99019386837962],[73.84774631032955,19.99019831944176]]]}},{"type":"Feature","properties":{"name":"Nandur Dasak HA - 9506 sq.m.","stroke":"#ffff00","stroke-opacity":1,"stroke-width":4,"fill":"#00ffff","fill-opacity":0.502,"sourceFolder":"Holding Areas","source":"Mobility plan Nashik KMZ (NTKMA)","category":"riverside-holding","role":"marker","layer":"Ghats"},"geometry":{"type":"Point","coordinates":[73.84885654587985,19.990095199302896]}},{"type":"Feature","properties":{"name":"Nandur Dasak  HA - 11434 sq.m.","stroke":"#ffff00","stroke-opacity":1,"stroke-width":4,"fill":"#00ffff","fill-opacity":0.502,"sourceFolder":"Holding Areas","source":"Mobility plan Nashik KMZ (NTKMA)","category":"riverside-holding","role":"area","layer":"Ghats"},"geometry":{"type":"Polygon","coordinates":[[[73.8461975815887,19.99101282014239],[73.84615969403586,19.99043866485874],[73.84646754622982,19.99018496953672],[73.8469506351383,19.99017606862879],[73.84715429007757,19.99023392901589],[73.84714955427214,19.99036745331348],[73.84750003082438,19.99053213217152],[73.84738162773836,19.9907947301208],[73.84737215646895,19.99108403253156],[73.84675645262848,19.99106177965069],[73.84642018288903,19.99104842705738],[73.8462544157206,19.99107068086738],[73.8461975815887,19.99101282014239]]]}},{"type":"Feature","properties":{"name":"Nandur Dasak  HA - 11434 sq.m.","stroke":"#ffff00","stroke-opacity":1,"stroke-width":4,"fill":"#00ffff","fill-opacity":0.502,"sourceFolder":"Holding Areas","source":"Mobility plan Nashik KMZ (NTKMA)","category":"riverside-holding","role":"marker","layer":"Ghats"},"geometry":{"type":"Point","coordinates":[73.84676628840008,19.990693731387516]}},{"type":"Feature","properties":{"name":"Nadur Dasak HA - 54603 sq.m.","stroke":"#ffff00","stroke-opacity":1,"stroke-width":4,"fill":"#00ffff","fill-opacity":0.502,"sourceFolder":"Holding Areas","source":"Mobility plan Nashik KMZ (NTKMA)","category":"riverside-holding","role":"area","layer":"Ghats"},"geometry":{"type":"Polygon","coordinates":[[[73.84676327748238,19.98824494185023],[73.8462328346453,19.98761737644701],[73.8463180836708,19.98604178084329],[73.84854876780497,19.98621535833895],[73.84868611505429,19.9863933905547],[73.84851089876364,19.98824048268979],[73.84757315042297,19.98815592335529],[73.84676327748238,19.98824494185023]]]}},{"type":"Feature","properties":{"name":"Nadur Dasak HA - 54603 sq.m.","stroke":"#ffff00","stroke-opacity":1,"stroke-width":4,"fill":"#00ffff","fill-opacity":0.502,"sourceFolder":"Holding Areas","source":"Mobility plan Nashik KMZ (NTKMA)","category":"riverside-holding","role":"marker","layer":"Ghats"},"geometry":{"type":"Point","coordinates":[73.84742455066583,19.987394274491187]}},{"type":"Feature","properties":{"name":"Navashya Ganpati Add HA - 53993 sq.m.","stroke":"#ffff00","stroke-opacity":1,"stroke-width":3,"fill":"#55ffff","fill-opacity":0.502,"sourceFolder":"Holding Areas","source":"Mobility plan Nashik KMZ (NTKMA)","category":"riverside-holding","role":"area","layer":"Ghats"},"geometry":{"type":"Polygon","coordinates":[[[73.74194301171751,20.01755176074846],[73.7414892058106,20.01806531324624],[73.74109999441535,20.01853429310551],[73.74075979804026,20.01901485100598],[73.74039919516265,20.01940935600411],[73.74022505140609,20.01964965600786],[73.74011672519002,20.01976560966096],[73.73999712329118,20.01940935440555],[73.7406445763061,20.01840691508343],[73.74007292718746,20.01763380362734],[73.73970565554258,20.01617780860267],[73.73982514543347,20.01613086812236],[73.74069939815828,20.01649861726586],[73.74054256865493,20.0158982443945],[73.74085028625238,20.0157624414316],[73.74125577830168,20.0158246894144],[73.74167474059075,20.0158148831337],[73.7416595395481,20.01592654052314],[73.7418213197701,20.01601922046538],[73.74195761122144,20.01608466479654],[73.7421092206079,20.01613192604935],[73.74224656151128,20.01615363761003],[73.74231610318219,20.01623077756188],[73.74232778289212,20.01628020309896],[73.74229088328768,20.01629381088421],[73.74225118306309,20.01629835900404],[73.74219694666114,20.0163303712359],[73.74216150376769,20.01633727077117],[73.7421287469954,20.01636269126942],[73.74209103208516,20.01637896811234],[73.74204413053958,20.01639532356099],[73.74200169333814,20.01643063877476],[73.74197236203906,20.01644724525017],[73.74190658062591,20.01644724489639],[73.7418631992119,20.01647350481174],[73.74179895944285,20.01649755298907],[73.74174566582333,20.01652420144032],[73.74169886653314,20.01655105694644],[73.74167944320742,20.01657812198795],[73.74165290542331,20.01660539887578],[73.74162649212462,20.01662537108727],[73.7416045957204,20.01664545772342],[73.7415890961206,20.01667580428651],[73.7415490785058,20.01672181808688],[73.74153233794505,20.01675432334278],[73.74152410737402,20.0167867295212],[73.74151796793689,20.01681038867133],[73.74150696283148,20.01685013265958],[73.74151178907266,20.01686028697173],[73.74153686999772,20.01690119325119],[73.74156964414678,20.01692289294788],[73.74159992888707,20.01695019983188],[73.74161869666938,20.01696668210992],[73.74164700686222,20.01699154469424],[73.74168495764208,20.01702775543844],[73.74171870209841,20.01706186232512],[73.74173677075409,20.01709152129],[73.74175992085338,20.01711141062036],[73.74179038177903,20.01712638942772],[73.74183013409065,20.01716406951116],[73.74185112476053,20.01720208649887],[73.74182070744907,20.01749433938931],[73.74194301171751,20.01755176074846]]]}},{"type":"Feature","properties":{"name":"Navashya Ganpati Add HA - 53993 sq.m.","stroke":"#ffff00","stroke-opacity":1,"stroke-width":3,"fill":"#55ffff","fill-opacity":0.502,"sourceFolder":"Holding Areas","source":"Mobility plan Nashik KMZ (NTKMA)","category":"riverside-holding","role":"marker","layer":"Ghats"},"geometry":{"type":"Point","coordinates":[73.74151259853299,20.016914622485903]}},{"type":"Feature","properties":{"name":"Add Holding Area - 91444 sq.m.","stroke":"#ffff00","stroke-opacity":1,"stroke-width":3,"fill":"#55ffff","fill-opacity":0.502,"sourceFolder":"Holding Areas","source":"Mobility plan Nashik KMZ (NTKMA)","category":"riverside-holding","role":"area","layer":"Ghats"},"geometry":{"type":"Polygon","coordinates":[[[73.84150741863048,19.98484042065099],[73.84103099542814,19.98451695676455],[73.84013819450377,19.98406991914866],[73.83985286964543,19.98395987527282],[73.83938443117675,19.98377796517865],[73.83884407247709,19.98351747331208],[73.83824813708044,19.98357996124147],[73.83775627002133,19.98363369931612],[73.8370078651032,19.98376878954732],[73.83647464928058,19.98379590862755],[73.83591467689834,19.98401458691257],[73.83535004934186,19.9841156984867],[73.83466764335692,19.9844413326541],[73.83376655985656,19.98385096285154],[73.83511701328358,19.9836464342632],[73.83514183857916,19.98284227843703],[73.83942192182636,19.98282790943095],[73.83936650145982,19.98304750442166],[73.84027017657182,19.98327560990741],[73.8402722630439,19.98276227305653],[73.8408927687283,19.98279146376282],[73.84088781221078,19.98338641144587],[73.84124068759351,19.98341600997533],[73.84124300941968,19.98351972831337],[73.84159105692589,19.98364600817437],[73.84145853094176,19.98413214796198],[73.84256531600491,19.98437347088109],[73.84235521556728,19.98532869064863],[73.84205204129292,19.98531323801004],[73.84150741863048,19.98484042065099]]]}},{"type":"Feature","properties":{"name":"Add Holding Area - 91444 sq.m.","stroke":"#ffff00","stroke-opacity":1,"stroke-width":3,"fill":"#55ffff","fill-opacity":0.502,"sourceFolder":"Holding Areas","source":"Mobility plan Nashik KMZ (NTKMA)","category":"riverside-holding","role":"marker","layer":"Ghats"},"geometry":{"type":"Point","coordinates":[73.83917758016268,19.983834438310215]}},{"type":"Feature","properties":{"name":"Odha Holding Area - 17986 sq.m.","stroke":"#ffff00","stroke-opacity":1,"stroke-width":4,"fill":"#00ffff","fill-opacity":0.502,"sourceFolder":"Holding Areas","source":"Mobility plan Nashik KMZ (NTKMA)","category":"riverside-holding","role":"area","layer":"Ghats"},"geometry":{"type":"Polygon","coordinates":[[[73.90887207514055,19.99734748268414],[73.90896587130617,19.99704090081524],[73.9085499020053,19.99683395879136],[73.90804013686784,19.99673048713054],[73.90809723207074,19.99627444839373],[73.90834599668791,19.99630127470024],[73.90829705897141,19.99653887461728],[73.908643698741,19.99668450063098],[73.90860291758595,19.99678413940575],[73.9086518550749,19.99683395877772],[73.90885983949207,19.99688761031306],[73.90903927579534,19.99651971295496],[73.90905150884733,19.99608283538848],[73.90893324362925,19.99601385502572],[73.908721182301,19.99597553280421],[73.90883129072552,19.99572643555381],[73.9094511628185,19.99587589133592],[73.909434851474,19.99613265313766],[73.90996500848878,19.99617863659962],[73.90981412873809,19.99733981629393],[73.90950826565273,19.99725933923308],[73.909357376117,19.99752759945251],[73.90887207514055,19.99734748268414]]]}},{"type":"Feature","properties":{"name":"Odha Holding Area - 17986 sq.m.","stroke":"#ffff00","stroke-opacity":1,"stroke-width":4,"fill":"#00ffff","fill-opacity":0.502,"sourceFolder":"Holding Areas","source":"Mobility plan Nashik KMZ (NTKMA)","category":"riverside-holding","role":"marker","layer":"Ghats"},"geometry":{"type":"Point","coordinates":[73.90890895450748,19.99661901855322]}},{"type":"Feature","properties":{"name":"Talkuteshwar - 47759 Sq.M.","stroke":"#ffff00","stroke-opacity":1,"stroke-width":4,"fill":"#00ffff","fill-opacity":0.502,"sourceFolder":"Holding Areas","source":"Mobility plan Nashik KMZ (NTKMA)","category":"riverside-holding","role":"area","layer":"Ghats"},"geometry":{"type":"Polygon","coordinates":[[[73.7963496984286,20.00220480070572],[73.79719958111328,20.00220924576259],[73.79726096115246,20.00241777462834],[73.79740260786511,20.00240002811643],[73.79737427863523,20.00222255694331],[73.79796447260824,20.00221368391464],[73.79799752366856,20.0026218665201],[73.79838469141306,20.00258193405708],[73.79831858918396,20.00224030312521],[73.79875297302736,20.00220036868866],[73.7987813050543,20.00313208845537],[73.79839885741069,20.00316314807675],[73.79837524924615,20.00304335622192],[73.79809195532418,20.00308328789828],[73.79802585368279,20.00328294119453],[73.7981061207214,20.00350034083789],[73.79826665571593,20.00396619686048],[73.79838469786768,20.00446311045566],[73.79838942274169,20.00501770368164],[73.79776144611607,20.00497333665304],[73.79769062198693,20.00452966228359],[73.79723262589607,20.00457846593664],[73.7969351722078,20.00296793052649],[73.79610889305107,20.00311433536876],[73.79596724856096,20.00229353051046],[73.7963496984286,20.00220480070572]]]}},{"type":"Feature","properties":{"name":"Talkuteshwar - 47759 Sq.M.","stroke":"#ffff00","stroke-opacity":1,"stroke-width":4,"fill":"#00ffff","fill-opacity":0.502,"sourceFolder":"Holding Areas","source":"Mobility plan Nashik KMZ (NTKMA)","category":"riverside-holding","role":"marker","layer":"Ghats"},"geometry":{"type":"Point","coordinates":[73.79768735388879,20.00310103069728]}},{"type":"Feature","properties":{"name":"Laksminarayan Ghat D - 73965 sq.m.","stroke":"#ffff00","stroke-opacity":1,"stroke-width":4,"fill":"#00ffff","fill-opacity":0.502,"sourceFolder":"Holding Areas","source":"Mobility plan Nashik KMZ (NTKMA)","category":"riverside-holding","role":"area","layer":"Ghats"},"geometry":{"type":"Polygon","coordinates":[[[73.80531964286678,20.00153095647009],[73.80529622403034,20.00123761052285],[73.80450796134564,20.00036491620409],[73.80534302678299,20.00013756074111],[73.80592835120011,20.00008621444286],[73.80595956089638,19.99980020082173],[73.80628734151193,19.99978552654915],[73.80631855541667,19.99966818713729],[73.80681802849396,19.99960950557763],[73.80775454390731,19.99961681115457],[73.80850375398666,19.99949944478491],[73.8090578606779,19.99944075191857],[73.8092841832355,19.9993307358559],[73.80948710286486,19.99946273326926],[73.8094871097206,19.99963140876383],[73.81012706473913,19.99941136498744],[73.8102207282485,19.99963137223609],[73.81010366576133,19.99974138432484],[73.80734877351392,20.0012155599442],[73.80713805912053,20.00131823704788],[73.80685710138154,20.00129624385525],[73.80620153816278,20.00143559973804],[73.80531964286678,20.00153095647009]]]}},{"type":"Feature","properties":{"name":"Laksminarayan Ghat D - 73965 sq.m.","stroke":"#ffff00","stroke-opacity":1,"stroke-width":4,"fill":"#00ffff","fill-opacity":0.502,"sourceFolder":"Holding Areas","source":"Mobility plan Nashik KMZ (NTKMA)","category":"riverside-holding","role":"marker","layer":"Ghats"},"geometry":{"type":"Point","coordinates":[73.8073334704666,20.000207968818163]}},{"type":"Feature","properties":{"name":"Takali Sangam Ghat - 75465 Sq.m.","stroke":"#ffff00","stroke-opacity":1,"stroke-width":4,"fill":"#55ffff","fill-opacity":0.502,"sourceFolder":"Holding Areas","source":"Mobility plan Nashik KMZ (NTKMA)","category":"riverside-holding","role":"area","layer":"Ghats"},"geometry":{"type":"Polygon","coordinates":[[[73.8218678597461,19.98735062175046],[73.82286376061812,19.98692221060449],[73.8238406987634,19.98664169942721],[73.82499491884224,19.98637444684486],[73.82558808235652,19.98842334574964],[73.8233437291007,19.98895694692782],[73.82266977188387,19.9890231939469],[73.8218678597461,19.98735062175046]]]}},{"type":"Feature","properties":{"name":"Takali Sangam Ghat - 75465 Sq.m.","stroke":"#ffff00","stroke-opacity":1,"stroke-width":4,"fill":"#55ffff","fill-opacity":0.502,"sourceFolder":"Holding Areas","source":"Mobility plan Nashik KMZ (NTKMA)","category":"riverside-holding","role":"marker","layer":"Ghats"},"geometry":{"type":"Point","coordinates":[73.82337958513214,19.98763038587523]}},{"type":"Feature","properties":{"name":"Nandini Sangam Left Bank -72465 sq.m.","stroke":"#ffff00","stroke-opacity":1,"stroke-width":4,"fill":"#55ffff","fill-opacity":0.502,"sourceFolder":"Holding Areas","source":"Mobility plan Nashik KMZ (NTKMA)","category":"riverside-holding","role":"area","layer":"Ghats"},"geometry":{"type":"Polygon","coordinates":[[[73.8250294468099,19.98939516544563],[73.82545348876432,19.98936586772409],[73.82542854553667,19.98916075954724],[73.82681290902337,19.98869780232571],[73.82751133735616,19.99033279884545],[73.82341429487302,19.99127628379335],[73.82298402735023,19.99002218019347],[73.8250294468099,19.98939516544563]]]}},{"type":"Feature","properties":{"name":"Nandini Sangam Left Bank -72465 sq.m.","stroke":"#ffff00","stroke-opacity":1,"stroke-width":4,"fill":"#55ffff","fill-opacity":0.502,"sourceFolder":"Holding Areas","source":"Mobility plan Nashik KMZ (NTKMA)","category":"riverside-holding","role":"marker","layer":"Ghats"},"geometry":{"type":"Point","coordinates":[73.82520793706546,19.98970575291507]}},{"type":"Feature","properties":{"name":"Holding Area - Lakshminarayan Ghat Left Bank  - 65864 sq.m.","stroke":"#ffff00","stroke-opacity":1,"stroke-width":4,"fill":"#55ffff","fill-opacity":0.502,"sourceFolder":"Holding Areas","source":"Mobility plan Nashik KMZ (NTKMA)","category":"riverside-holding","role":"area","layer":"Ghats"},"geometry":{"type":"Polygon","coordinates":[[[73.79892923575544,20.00276207281808],[73.80070540588537,20.00264738094249],[73.80066818562184,20.00312816676242],[73.80141936722016,20.00312816142283],[73.80149209214117,20.00226798728526],[73.80171320069469,20.00214646877779],[73.80298279946415,20.00223221090351],[73.80294177470034,20.00366791091786],[73.8029446646474,20.00399979797397],[73.80052455384079,20.00425999603331],[73.80046224995094,20.00376887726981],[73.79974037454505,20.00383379951458],[73.7989570481106,20.00379772591573],[73.79892923575544,20.00276207281808]]]}},{"type":"Feature","properties":{"name":"Holding Area - Lakshminarayan Ghat Left Bank  - 65864 sq.m.","stroke":"#ffff00","stroke-opacity":1,"stroke-width":4,"fill":"#55ffff","fill-opacity":0.502,"sourceFolder":"Holding Areas","source":"Mobility plan Nashik KMZ (NTKMA)","category":"riverside-holding","role":"marker","layer":"Ghats"},"geometry":{"type":"Point","coordinates":[73.80088644202381,20.003171616382552]}},{"type":"Feature","properties":{"name":"Holding Area - Nandur Dasak - 69067 sq.m.","stroke":"#ffff00","stroke-opacity":1,"stroke-width":4,"fill":"#00ffff","fill-opacity":0.502,"sourceFolder":"Holding Areas","source":"Mobility plan Nashik KMZ (NTKMA)","category":"riverside-holding","role":"area","layer":"Ghats"},"geometry":{"type":"Polygon","coordinates":[[[73.8412331042156,19.9859337442579],[73.84153506533924,19.98631364212963],[73.84172065272887,19.98654469668457],[73.8418609540308,19.98673492946854],[73.84201291653584,19.9869047342079],[73.84218711580642,19.98721041107761],[73.84229741897285,19.98750383533973],[73.84233467546187,19.9875783626291],[73.84242324508371,19.98781953494743],[73.8425030990853,19.98800076204218],[73.8426327985534,19.98824050666724],[73.84267324578046,19.98831925684359],[73.84295553270377,19.98883200828615],[73.84313918813359,19.98913029798555],[73.84321445915752,19.9892752927382],[73.84319864058868,19.98928440633642],[73.8433865333409,19.98952923621557],[73.84342476025532,19.98959822983613],[73.84363102568223,19.98988367748991],[73.84368527432565,19.9899434529585],[73.84382910019923,19.99004268330854],[73.84389599953225,19.99008138270391],[73.8442457609501,19.99023625577894],[73.84460421155777,19.9902890423522],[73.84465667489579,19.99031666928806],[73.84462542411924,19.99097321443693],[73.84338998286348,19.9908733701445],[73.84338986323235,19.99036922424867],[73.84328316488627,19.99036444710545],[73.84256013280968,19.99024102403373],[73.84254181429517,19.99025518930558],[73.84253732218438,19.99027410693396],[73.84254660064687,19.99028357887568],[73.8425729502701,19.99019144405752],[73.84256617207592,19.98982045334772],[73.84255036460814,19.98948659359215],[73.84197065553023,19.98944727413944],[73.84163989214902,19.98869786079685],[73.84152885549518,19.98817500453521],[73.84131186966736,19.98779857545039],[73.84094529527701,19.98739438319047],[73.84017452304133,19.98673423126955],[73.8412331042156,19.9859337442579]]]}},{"type":"Feature","properties":{"name":"Holding Area - Nandur Dasak - 69067 sq.m.","stroke":"#ffff00","stroke-opacity":1,"stroke-width":4,"fill":"#00ffff","fill-opacity":0.502,"sourceFolder":"Holding Areas","source":"Mobility plan Nashik KMZ (NTKMA)","category":"riverside-holding","role":"marker","layer":"Ghats"},"geometry":{"type":"Point","coordinates":[73.8426662660531,19.988857227239425]}},{"type":"Feature","properties":{"name":"Ramkund and near by Ghats","fill":"#ff5500","fill-opacity":0.502,"sourceFolder":"Routes / VIP routes.kmz","source":"Mobility plan Nashik KMZ (NTKMA)","category":"ghat","role":"area","layer":"Ghats"},"geometry":{"type":"Polygon","coordinates":[[[73.79359431824538,20.00513859569647],[73.79349751066083,20.00560916139635],[73.79314411643726,20.00560315669951],[73.7931216502454,20.00591399478547],[73.79346531315556,20.00589910349974],[73.79343219304262,20.00600865295432],[73.79331168319231,20.00606887007642],[73.79313792220354,20.00650564311645],[73.79301319041758,20.00675581246517],[73.79301988779505,20.00675570434503],[73.79304309683974,20.00674264234559],[73.7930564628116,20.00674242989008],[73.79306979040084,20.00673914345471],[73.79307319046053,20.00674225828947],[73.79306684168445,20.00676129622057],[73.79305407590753,20.00679648583154],[73.79304454196897,20.0068315639218],[73.79303168368035,20.00687326131328],[73.7930221933581,20.00691539389051],[73.79300918448007,20.00695146730605],[73.79300606462382,20.00697109360647],[73.79291073415028,20.00696387058489],[73.79283247787949,20.00709486095593],[73.79283974043267,20.00722607289427],[73.79285409395025,20.00734212746643],[73.79276266093082,20.00736272741208],[73.79276264355518,20.00736967051263],[73.79275201398593,20.00738383254908],[73.79275195807628,20.00740125486546],[73.79274832508507,20.0074293045374],[73.79274826454764,20.00744683498632],[73.79274816756593,20.00747497208643],[73.79274799912388,20.00753388642351],[73.79274430593925,20.00757577387044],[73.7927442529375,20.00759324504623],[73.79261409183218,20.0076834452466],[73.79260870119536,20.00783586470573],[73.79257756175008,20.00822450363881],[73.79243350615428,20.00826855505554],[73.79234444636269,20.00820978250805],[73.79227730497541,20.0081851948377],[73.7922180988085,20.00826064913407],[73.79208781223942,20.00830516859121],[73.792076450985,20.00830527423531],[73.79205389871149,20.00830492983674],[73.79203506176324,20.00830479434856],[73.79202728994376,20.00830883124584],[73.79200841071568,20.00830881532363],[73.79199307517688,20.00831284805361],[73.79197395311905,20.00831687990263],[73.79195884147953,20.00831686709532],[73.79193239648195,20.00831684497474],[73.79191350747197,20.00831682906696],[73.79190170572258,20.00832479079577],[73.79190039772163,20.00834848017116],[73.79191318523488,20.00839880739624],[73.79191952368956,20.00842599103994],[73.79192207969646,20.00845323247036],[73.79173329958188,20.00849241732255],[73.79137218657877,20.00857870938404],[73.79115905315939,20.00875243792926],[73.79096063116185,20.00852706495094],[73.7911165747663,20.00845848368197],[73.7914761672073,20.00831147513828],[73.79173582271001,20.00816084063022],[73.791860130309,20.00816657458368],[73.79184593280384,20.00821360392628],[73.79198946628512,20.00824444463029],[73.79211073955122,20.00821784372386],[73.79225707118533,20.00811626237788],[73.79233122287854,20.00814812439866],[73.7924563159874,20.00792928319981],[73.79246270143236,20.00780640474235],[73.79252031813562,20.00765839665444],[73.79252719116515,20.00747320829896],[73.79250868975116,20.00732640736743],[73.79247650867221,20.00719201284087],[73.79248156843857,20.00712399057478],[73.79260675566024,20.00637925649771],[73.79268327449904,20.00621276881446],[73.7928496047842,20.00589935502297],[73.7930984991337,20.00550555129873],[73.79352348143252,20.00443211295701],[73.79365903057028,20.00448289886697],[73.79359431824538,20.00513859569647]]]}},{"type":"Feature","properties":{"name":"Ramkund and near by Ghats","fill":"#ff5500","fill-opacity":0.502,"sourceFolder":"Routes / VIP routes.kmz","source":"Mobility plan Nashik KMZ (NTKMA)","category":"ghat","role":"marker","layer":"Ghats"},"geometry":{"type":"Point","coordinates":[73.79253235773048,20.007382471417426]}},{"type":"Feature","properties":{"name":"additional parking","category":"parking","zone":"outer","layer":"Parking zones"},"geometry":{"type":"Polygon","coordinates":[[[73.71144559592923,19.98392077093941],[73.712233790409,19.9840749806253],[73.71278707178554,19.98400116986936],[73.71296667080661,19.98400121436622],[73.71298503989392,19.98364188082367],[73.71299847395824,19.9833790807526],[73.71373753988743,19.98340860654492],[73.71373554774135,19.98283977623992],[73.7134383929046,19.9828117578461],[73.71348162042693,19.98260282212167],[73.71369860794299,19.98267874560831],[73.71381132310333,19.98160485417659],[73.71313144810881,19.9816807259655],[73.71283016164695,19.98171850983731],[73.71260536239677,19.9817261945633],[73.71231647788566,19.98159963861397],[73.71227391405696,19.98181939763372],[73.71160256208111,19.98166411035177],[73.71144559592923,19.98392077093941]]]}},{"type":"Feature","properties":{"name":"Panjarpol Outer Parking","category":"parking","zone":"outer","layer":"Parking zones"},"geometry":{"type":"Polygon","coordinates":[[[73.80566062262822,20.05016449124523],[73.80582387486548,20.04949221012052],[73.80604560523354,20.04897147370549],[73.8060184774114,20.04858595622558],[73.8054534818434,20.04880419174736],[73.80527802524406,20.04885144783005],[73.80528553808819,20.04925083759452],[73.80467378176655,20.04938919796172],[73.8046945114904,20.04921834265512],[73.80424695059544,20.04923565714222],[73.80414222231168,20.04889567134008],[73.80506173321962,20.04877941230627],[73.80488895872519,20.04848852713566],[73.80470402364838,20.04845824353005],[73.80469665529426,20.04823372834039],[73.80384176610247,20.04840562854122],[73.8029019931547,20.04847885224162],[73.80227991617903,20.04861495210291],[73.80233921706879,20.04922659125418],[73.80351235637393,20.04962135237088],[73.80566062262822,20.05016449124523]]]}},{"type":"Feature","properties":{"name":"Panjarpol Outer Parking","category":"parking","zone":"outer","layer":"Parking zones"},"geometry":{"type":"Polygon","coordinates":[[[73.79935538133513,20.04839002516855],[73.800688102726,20.04878278085727],[73.80250556204952,20.04825743855937],[73.8020215006706,20.04552329599352],[73.79936187240563,20.04594407871209],[73.79935538133513,20.04839002516855]]]}},{"type":"Feature","properties":{"name":"THAKKAR GROUND - outer parking","category":"parking","zone":"outer","layer":"Parking zones"},"geometry":{"type":"Polygon","coordinates":[[[73.7991774737674,20.04923707760307],[73.79747871883762,20.04952263308701],[73.79637012493917,20.04972404633963],[73.79497488456241,20.0494544764162],[73.7934318040913,20.04948231460908],[73.79199944307037,20.04916737750115],[73.79202427322127,20.05068923870517],[73.79219810596618,20.05164986698032],[73.79256999604884,20.05230891470536],[73.79275759535464,20.05319576757359],[73.79061755595582,20.05313507831491],[73.79051980095386,20.05507623311696],[73.79322230940674,20.05536968132952],[73.79334195301088,20.05465101329721],[73.79390776188302,20.05459902279551],[73.79441933378726,20.05457043269126],[73.79536278747402,20.05489632266203],[73.79779485438036,20.05431226068002],[73.7997916260636,20.05425592352472],[73.7992054973506,20.05168914568932],[73.7991774737674,20.04923707760307]]]}},{"type":"Feature","properties":{"name":"Jain Mnadir Parking","category":"parking","zone":"outer","layer":"Parking zones"},"geometry":{"type":"Polygon","coordinates":[[[73.71819027468521,19.93224306497567],[73.71688888318343,19.93272193182919],[73.71697238317823,19.93145998144644],[73.71695934890735,19.93044240122189],[73.71694290017324,19.92873549585838],[73.71695408565647,19.92852238529237],[73.71850293529458,19.92765519864836],[73.71913937040999,19.92814638242897],[73.72002783765907,19.92886043551263],[73.72062697414289,19.92944362087282],[73.71962263028284,19.93004781506614],[73.71852767518256,19.93071602219185],[73.71759767058478,19.9313580255684],[73.71819027468521,19.93224306497567]]]}},{"type":"Feature","properties":{"name":"Plot opposite Madsangavi Shiwar S. No. 62","category":"parking","zone":"outer","layer":"Parking zones"},"geometry":{"type":"Polygon","coordinates":[[[73.86296161261605,20.00028220131379],[73.86353752587037,20.00031414020405],[73.86349387862617,20.00069141127559],[73.86375068456833,20.00072769647783],[73.86375503754809,20.00091052622764],[73.8645607973313,20.00094848394861],[73.86466533702294,19.99993760879037],[73.86615946013224,20.00016652195941],[73.86576164192606,20.00135071538114],[73.86553967788578,20.0013601779222],[73.86532238633062,20.00160321093421],[73.86461769140419,20.00154570751017],[73.8645827376805,20.00186021453213],[73.86107818088861,20.00158426860441],[73.86116115888662,20.00094702844999],[73.86226763845544,20.00106575948176],[73.86238744663193,19.99978451661151],[73.86296270326838,19.99979487023791],[73.86296585305035,19.99981575043133],[73.86296980765218,19.99982204383643],[73.86296161261605,20.00028220131379]]]}},{"type":"Feature","properties":{"name":"Identified adgaon parking location","category":"parking","zone":"outer","layer":"Parking zones"},"geometry":{"type":"Polygon","coordinates":[[[73.88297359243997,20.05241065965265],[73.88239155646552,20.05282526150628],[73.88228302089888,20.05288759424646],[73.88071663967557,20.05100013541744],[73.88089365592958,20.05047354070844],[73.88099039096556,20.05023574257572],[73.88073870599762,20.04976405886658],[73.88021333248759,20.05005467262193],[73.87997961836838,20.05024031580728],[73.87974192759515,20.05010624625701],[73.8807674392919,20.04866367595728],[73.88107191502327,20.0486953641451],[73.88139673376034,20.04864191230325],[73.88208784190664,20.04864203364226],[73.8822795328084,20.04844444688466],[73.88303100973309,20.04870875459715],[73.88347504611914,20.04901110504352],[73.88390988151228,20.04914722769398],[73.88423504312905,20.04915977108718],[73.88464241360289,20.05001527852766],[73.8846097651368,20.05149706225775],[73.88429960152746,20.05145809859318],[73.88297359243997,20.05241065965265]]]}},{"type":"Feature","properties":{"name":"Madsangavi Shiwar S. No. 459","category":"parking","zone":"outer","description":"S. No. 459","layer":"Parking zones"},"geometry":{"type":"Polygon","coordinates":[[[73.86399602830677,19.99963193487993],[73.86403573572167,19.99908643930892],[73.86446968398981,19.99907924682831],[73.8644978084175,19.99875498248691],[73.86402710262001,19.9987120552703],[73.86406651318649,19.99777948632795],[73.86568416948691,19.99785222997645],[73.86566117310875,19.99867529532698],[73.86586522593231,19.99870054820123],[73.86570812197597,19.99923385500709],[73.86563335555621,19.9994280945313],[73.86565950468176,19.99983812673021],[73.86399602830677,19.99963193487993]]]}},{"type":"Feature","properties":{"name":"NMC School","category":"parking","zone":"outer","Name_Road":"Gangapur Road","Name":"NMC School","Two_Wheeler":"215","Motor_Vehicle":"58","Bus_Parking":"44","Nivara_Shed_20x25m":"1","Stall_4x3m":"5","Clock_room_15x20m":"1","Bavik_Gram":"0","Area":"2.126577","InOut":"Out","Area_Acer":"5.254886","layer":"Parking zones"},"geometry":{"type":"Polygon","coordinates":[[[73.71989557500007,20.02762121500007],[73.71984084700006,20.02794601200003],[73.71980991400005,20.02813874800006],[73.71967190500004,20.02863962400005],[73.71944942600004,20.02865390100004],[73.71933283200008,20.02867293700007],[73.71893546200005,20.02912503400006],[73.71849764100006,20.02963661900003],[73.71839056600004,20.03000424500004],[73.71823471100004,20.03002447100005],[73.71765888100003,20.02969372600006],[73.71801508700008,20.02917595500003],[73.71774858700007,20.02905603000005],[73.71782473000007,20.02865628100005],[73.71784566900004,20.02853254900003],[73.71781330800007,20.02829650600006],[73.71810455400004,20.02833648100005],[73.71834821100003,20.02844688800008],[73.71886598200007,20.02856871600005],[73.71931141700003,20.02845640600003],[73.71985507600004,20.02764553300005],[73.71989557500007,20.02762121500007]]]}},{"type":"Feature","properties":{"name":"Sambhaji Stadium","category":"parking","zone":"outer","layer":"Parking zones"},"geometry":{"type":"Polygon","coordinates":[[[73.75817022700005,19.96121105300006],[73.75694728500008,19.96257032400007],[73.75594007500007,19.96179948600007],[73.75598460600008,19.96144324300008],[73.75525041600008,19.96132969400003],[73.75535937700005,19.96065393700007],[73.75547226400005,19.96044436100004],[73.75572208000006,19.96050587600007],[73.75646919200005,19.95979697800004],[73.75670761700007,19.96001380700005],[73.75787723700006,19.96096586200002],[73.75794694400008,19.96102056900003],[73.75794767600007,19.96102056500007],[73.75817022700005,19.96121105300006]]]}},{"type":"Feature","properties":{"name":"APMC Market","category":"parking","zone":"outer","Name_Road":"Pune Road 1","Name":"APMC Market","Two_Wheeler":"105","Motor_Vehicle":"136","Bus_Parking":"122","Nivara_Shed_20x25m":"1","Stall_4x3m":"10","Clock_room_15x20m":"1","Bavik_Gram":"1","Area":"4.270192","InOut":"Out","Area_Acer":"10.551873","layer":"Parking zones"},"geometry":{"type":"Polygon","coordinates":[[[73.84894536400003,19.95150443500006],[73.84844214000003,19.95144372100003],[73.84834988800003,19.95144757700007],[73.84833516200007,19.95139749400005],[73.84825237500007,19.95111592900003],[73.84784446300006,19.94996464500002],[73.84784250800004,19.94995271600004],[73.84784166100007,19.94994067100004],[73.84784192700005,19.94992860200006],[73.84784330400004,19.94991660100004],[73.84784578200004,19.94990475900005],[73.84784934200007,19.94989316600004],[73.84785395700004,19.94988191100003],[73.84785959200008,19.94987107900005],[73.84786620400007,19.94986075300005],[73.84787374200005,19.94985101100008],[73.84788215000003,19.94984192700002],[73.84789136300003,19.94983357100006],[73.84790131100004,19.94982600500003],[73.84791191900007,19.94981928900006],[73.84792310500006,19.94981347200007],[73.84793478500006,19.94980859900005],[73.84794687000004,19.94980470800004],[73.84795926700008,19.94980182700004],[73.84797084300004,19.94980009100004],[73.84820507800003,19.94973513000002],[73.84844147800004,19.94967761100003],[73.84851231900006,19.94966274400002],[73.84859915400006,19.94964452000005],[73.84865767300005,19.94963223900004],[73.84867978100004,19.94962759900005],[73.84891971800005,19.94958515000008],[73.84916102300008,19.94955031100005],[73.84940342400006,19.94952312000004],[73.84957182600004,19.94950961200004],[73.84964665200005,19.94950361000002],[73.84989043300004,19.94949180000003],[73.85013449600007,19.94948770500002],[73.85014145900004,19.94948818500006],[73.85014835200008,19.94948923800007],[73.85015512100006,19.94949085400003],[73.85016171600006,19.94949302300006],[73.85016808600005,19.94949572600007],[73.85017418200005,19.94949894400003],[73.85017995900006,19.94950265300002],[73.85018537100007,19.94950682300004],[73.85019037900008,19.94951142400004],[73.85019494400007,19.94951642000007],[73.85019903100005,19.94952177300007],[73.85020260900006,19.94952744200003],[73.85020565000008,19.94953338500005],[73.85020813300008,19.94953955500006],[73.85021003700007,19.94954590700007],[73.85021134800007,19.94955239200004],[73.85021205700008,19.94955896000005],[73.85021215800003,19.94956556100004],[73.85021165000006,19.94957214600004],[73.85021053700007,19.94957866400006],[73.85021022900008,19.94958001200007],[73.85003062900006,19.95065845400006],[73.85001851000004,19.95073122600007],[73.84991526200008,19.95135119600008],[73.84894536400003,19.95150443500006]]]}},{"type":"Feature","properties":{"name":"Arogya vidhya vidyanan","category":"parking","zone":"outer","layer":"Parking zones"},"geometry":{"type":"Polygon","coordinates":[[[73.80574318300006,20.07441114300008],[73.80575941004327,20.0742677682182],[73.80601685544585,20.07352178167711],[73.80612962046361,20.07299264009137],[73.80614771337554,20.07231408336322],[73.80610362800037,20.07197299523316],[73.80921298200192,20.07302231424702],[73.80903708269673,20.07528202721965],[73.81106040300006,20.07620014200006],[73.81060448800008,20.07727436200003],[73.80534476600008,20.07846415900008],[73.80537555600006,20.07832059700007],[73.80542909400003,20.07805052800006],[73.80548620100006,20.07762698400006],[73.80550166700004,20.07713324600007],[73.80548025200005,20.07646580700003],[73.80549096000004,20.07617194400007],[73.80554687700004,20.07571389700007],[73.80565276300007,20.07495960800003],[73.80574318300006,20.07441114300008]]]}},{"type":"Feature","properties":{"name":"Peth Road Cricket Stadium","category":"parking","zone":"outer","layer":"Parking zones"},"geometry":{"type":"Polygon","coordinates":[[[73.78012063100005,20.08417572100007],[73.78013014900006,20.08383783700003],[73.78091537100005,20.08387590900003],[73.78093916600005,20.08352850700004],[73.78381355400006,20.08396632800003],[73.78425613400003,20.08395681000007],[73.78430848200003,20.08435656000006],[73.78378976000005,20.08434704200005],[73.78374693000006,20.08484197000007],[73.78276183300005,20.08495618400008],[73.78199564600004,20.08487052300006],[73.78112000500005,20.08464209500005],[73.78109621000004,20.08425186400007],[73.78012063100005,20.08417572100007]]]}},{"type":"Feature","properties":{"name":"Additional area - NMC school","category":"parking","zone":"outer","layer":"Parking zones"},"geometry":{"type":"Polygon","coordinates":[[[73.71810213586565,20.02830853965357],[73.71816359238255,20.02794943585028],[73.71811916958393,20.02767110058864],[73.71893599018021,20.02683268988046],[73.7196600692679,20.02614179607244],[73.71981922699709,20.02654339719986],[73.71990183493735,20.02704327599205],[73.7198776536281,20.02752689753181],[73.71982113227321,20.02763381501607],[73.71929459765195,20.02843144856062],[73.71885724254781,20.02856040062215],[73.71830840730235,20.0284340178689],[73.71810213586565,20.02830853965357]]]}},{"type":"Feature","properties":{"name":"Plot adjacent to 60 M DP road land","category":"parking","zone":"outer","layer":"Parking zones"},"geometry":{"type":"Polygon","coordinates":[[[73.84224248516662,19.93928396542184],[73.8433895491521,19.93865798358033],[73.84343707794514,19.9388226221781],[73.84500266266213,19.94313252809366],[73.8424223083588,19.94330844901263],[73.84224248516662,19.93928396542184]]]}},{"type":"Feature","properties":{"name":"Plot near 60 M DP road part 2","category":"parking","zone":"outer","layer":"Parking zones"},"geometry":{"type":"Polygon","coordinates":[[[73.84510787865905,19.94328520558061],[73.84592971464153,19.94609307384113],[73.84582820111616,19.94623203189503],[73.84571574825578,19.94679897453537],[73.84538786171836,19.94680672784923],[73.84537111757075,19.94646272927763],[73.84515585157808,19.94647024852436],[73.84511460383816,19.94676021505083],[73.84424593208831,19.94666011039664],[73.843685533703,19.94671387051634],[73.84338840096703,19.94652303312567],[73.84344841864409,19.9447656208226],[73.84249464484748,19.94476559754442],[73.84243691764621,19.94348923256907],[73.84510787865905,19.94328520558061]]]}},{"type":"Feature","properties":{"name":"Untitled Polygon","category":"parking","zone":"outer","layer":"Parking zones"},"geometry":{"type":"Polygon","coordinates":[[[73.80549808407487,20.07774535670582],[73.80548637348276,20.07721412732284],[73.80548172297141,20.07623087258682],[73.80569591297571,20.07430795747699],[73.80591293310437,20.07386262114387],[73.80614273161471,20.07315602189634],[73.80611872315525,20.07243493473778],[73.80609564700187,20.07199531813686],[73.8092161318994,20.07303623157921],[73.80900182063829,20.07524858654161],[73.81108362305127,20.07621054673954],[73.81061971255434,20.07727568065269],[73.80750737307577,20.07795562292286],[73.80534370715532,20.07847023865791],[73.80549808407487,20.07774535670582]]]}},{"type":"Feature","properties":{"name":"Adj. to Jugnu hotel","category":"parking","zone":"outer","layer":"Parking zones"},"geometry":{"type":"Polygon","coordinates":[[[73.80798143326487,20.06123763867324],[73.80632620038533,20.06127183138179],[73.80620484016626,20.06082139763031],[73.80582399307103,20.06083780862593],[73.80588394807022,20.06038648548812],[73.80848112018612,20.06045047974633],[73.80922530984864,20.05883146396468],[73.8098643264047,20.05786103354643],[73.81100319411887,20.0578893379836],[73.81159441850588,20.05805329404865],[73.81163628805741,20.05892139086013],[73.81178617634706,20.06111810834176],[73.81530999987864,20.06118508255232],[73.81537898281977,20.06198258725017],[73.81543660513051,20.06329004356902],[73.81480078353684,20.06325709717929],[73.81434844886348,20.06324445509743],[73.81268608471157,20.06307537594342],[73.81279067849451,20.06508011648322],[73.81215069185092,20.06509280471608],[73.80997461570652,20.06513926593305],[73.80675661127194,20.06550481795784],[73.80798143326487,20.06123763867324]]]}},{"type":"Feature","properties":{"name":"S. No. 150 / 1","category":"parking","zone":"outer","layer":"Parking zones"},"geometry":{"type":"Polygon","coordinates":[[[73.7158412482486,19.93697220113463],[73.71584327269129,19.93674950807964],[73.71590751156073,19.93632858976587],[73.71701541426982,19.93621148920311],[73.71742060839415,19.93615344987237],[73.71821614290673,19.93608559781477],[73.71913508102797,19.93600142907284],[73.71920711540021,19.93689132479136],[73.71914161819483,19.93700916777665],[73.71886973540227,19.93699436392376],[73.71737144070538,19.93710965202013],[73.71586685649251,19.93717342288547],[73.7158412482486,19.93697220113463]]]}},{"type":"Feature","properties":{"name":"S. No. 146/1","category":"parking","zone":"outer","layer":"Parking zones"},"geometry":{"type":"Polygon","coordinates":[[[73.71307124674512,19.94025949390326],[73.71332574303278,19.93994676170269],[73.71355558406525,19.939778401157],[73.71382892587529,19.93963479548749],[73.71406417259624,19.93949824790762],[73.71450008583179,19.93918454041755],[73.71466514382608,19.93904666447077],[73.71492176404897,19.93878560882099],[73.7150829714831,19.9385186838076],[73.71529729118096,19.9382359834504],[73.71528881571116,19.93890467110118],[73.71524447933572,19.93957206535178],[73.71524033261288,19.94032525163529],[73.71514353564368,19.94053028273364],[73.71447395783396,19.94056675100089],[73.71348142165114,19.9406828286497],[73.71281674644082,19.94074428100048],[73.71260621721747,19.94062772249569],[73.71307124674512,19.94025949390326]]]}},{"type":"Feature","properties":{"name":"NMC inner parking - Near Dive Bungalow","category":"parking","zone":"inner","source":"Mobility plan Nashik KMZ (NTKMA)","layer":"Parking zones"},"geometry":{"type":"Polygon","coordinates":[[[73.81840256297714,19.98521597689001],[73.81839449358502,19.98514185346479],[73.81818161303585,19.98512714044339],[73.818116770838,19.98360403387901],[73.81779083924775,19.98354231708117],[73.81793345523829,19.98302190893986],[73.81915260702776,19.98288244800157],[73.81908997930684,19.98111797682103],[73.8196976766082,19.9810840668158],[73.81973890184308,19.98099872396822],[73.81967243393419,19.98033342710012],[73.82063887306613,19.98018975604028],[73.82067364814179,19.98041899888945],[73.8207965043546,19.98119760953367],[73.82089771525482,19.98178768258951],[73.82106714865537,19.98286784020632],[73.82112436988399,19.98324707037902],[73.82118301934908,19.98356474900425],[73.82077975237844,19.98390708675381],[73.82039621534607,19.98423977255705],[73.82004437998752,19.98454541518306],[73.81956948126081,19.98497441441555],[73.81929568397432,19.98523508246997],[73.81840256297714,19.98521597689001]]]}},{"type":"Feature","properties":{"name":"Press Quarters, Nehru Nagar","category":"parking","zone":"inner","layer":"Parking zones"},"geometry":{"type":"Polygon","coordinates":[[[73.82464105339785,19.96950114497421],[73.82460204567035,19.96876316281808],[73.82754583164602,19.96866659556383],[73.82874552997065,19.96869243485989],[73.82881744831177,19.96856438555555],[73.82996182706749,19.96860273778188],[73.83084611457444,19.96859004526329],[73.83078859073342,19.96928178900143],[73.82813989603842,19.96929517064851],[73.82579754170064,19.96950124468716],[73.82464105339785,19.96950114497421]]]}},{"type":"Feature","properties":{"name":"Press Quarters, Nehru Nagar Part 2","category":"parking","zone":"inner","layer":"Parking zones"},"geometry":{"type":"Polygon","coordinates":[[[73.82392280963279,19.96768258756002],[73.82560439838545,19.96773639993771],[73.82555651146546,19.968708327955],[73.82507875732597,19.96868928036636],[73.8250661339838,19.96869199174387],[73.82460073703353,19.96869739904854],[73.82393887691565,19.96871643253512],[73.82388146527087,19.96867299175209],[73.82387774750781,19.96860608639872],[73.82392280963279,19.96768258756002]]]}},{"type":"Feature","properties":{"name":"Pick-up area","category":"parking","zone":"inner","layer":"Parking zones"},"geometry":{"type":"Polygon","coordinates":[[[73.76994178747493,20.03454928913717],[73.77004480330805,20.03565677650047],[73.77012020320652,20.03590922307821],[73.76977794098491,20.03603334110216],[73.76979578378031,20.03630679355398],[73.769794877141,20.03664290472589],[73.76981468200684,20.0370911865427],[73.77009350518715,20.03703801377478],[73.77081430945465,20.03683658861414],[73.77087395289914,20.03692315561695],[73.77110649417222,20.03754039201917],[73.76924712442816,20.03786920710373],[73.76892271840828,20.03785078749894],[73.76847535440288,20.03755030632557],[73.76838277044554,20.03715790711538],[73.76837438554216,20.03659048839085],[73.76839116545759,20.03610975916707],[73.76848050240716,20.03484673226004],[73.76853031563492,20.03390720427362],[73.76977393438564,20.03383384244202],[73.76994178747493,20.03454928913717]]]}},{"type":"Feature","properties":{"name":"Mira Empire","category":"parking","zone":"inner","description":"6.86 ha","layer":"Parking zones"},"geometry":{"type":"Polygon","coordinates":[[[73.7366953185807,20.03881704533842],[73.73990596769023,20.03858357744429],[73.73998285525235,20.03942213326749],[73.73999280039094,20.03991546198223],[73.73947289056291,20.03991556374258],[73.73944527152605,20.03971808700395],[73.73924223073604,20.03971388361555],[73.73921706537568,20.03995916856223],[73.73879996560115,20.0399942587617],[73.73883900372208,20.04049543627412],[73.73866937039111,20.04050943320816],[73.73843320804923,20.04089765595769],[73.73792181978615,20.04088088286064],[73.73743109539141,20.04079346564433],[73.73655055165916,20.04063204667395],[73.7366953185807,20.03881704533842]]]}},{"type":"Feature","properties":{"name":"Youva festival Road","category":"parking","zone":"inner","Name_Road":"Ch. Sambhajinagar Road","Name":"Youva festival Road","Two_Wheeler":"1569","Motor_Vehicle":"526","Bus_Parking":"563","Nivara_Shed_20x25m":"1","Stall_4x3m":"10","Clock_room_15x20m":"1","Bavik_Gram":"0","Area":"10.885878","InOut":"IN","layer":"Parking zones"},"geometry":{"type":"Polygon","coordinates":[[[73.83211754000007,20.01469623100007],[73.83212103100004,20.01248333400002],[73.83490741300005,20.01235483900007],[73.83651555000006,20.01224025500005],[73.83671104500007,20.01311864600007],[73.83682660600005,20.01413268500005],[73.83211754000007,20.01469623100007]]]}},{"type":"Feature","properties":{"name":"50% NMC owned","category":"parking","zone":"inner","layer":"Parking zones"},"geometry":{"type":"Polygon","coordinates":[[[73.83455204798861,20.01438629925521],[73.83212085288034,20.01470060479376],[73.83213059475989,20.01249498873019],[73.83433448163004,20.0123954319743],[73.83455204798861,20.01438629925521]]]}},{"type":"Feature","properties":{"name":"50 % requisition","category":"parking","zone":"inner","layer":"Parking zones"},"geometry":{"type":"Polygon","coordinates":[[[73.83434381879428,20.01239992507516],[73.83651684392768,20.01225788085198],[73.83672108104463,20.01317021664646],[73.83680141593426,20.01411078138333],[73.83456303642755,20.0143924139109],[73.83434381879428,20.01239992507516]]]}},{"type":"Feature","properties":{"name":"Additional Parking area - Gandhinagar Press land","category":"parking","zone":"inner","layer":"Parking zones"},"geometry":{"type":"Polygon","coordinates":[[[73.81782836314349,19.97936804200245],[73.81839915070923,19.97932504695706],[73.81843956754615,19.9798092471939],[73.81872703516096,19.97976728421351],[73.81864522284356,19.97933852241083],[73.81908333230683,19.97928472444516],[73.81955550631346,19.97923784758233],[73.82073088306036,19.97909830077968],[73.82133550001382,19.97903898734161],[73.82147626604782,19.97974287592142],[73.82157326304946,19.98025145427367],[73.82163666115594,19.98085753720854],[73.82035596105818,19.98097614184912],[73.81979350052166,19.98097229747365],[73.81975446881425,19.98037916235992],[73.8186364970572,19.98044053394056],[73.81807533609343,19.98046377101783],[73.81785140015735,19.98046044715401],[73.81782836314349,19.97936804200245]]]}},{"type":"Feature","properties":{"name":"Idgaha Maidan","category":"parking","zone":"inner","Name_Road":"Trimbakeashwar Road","Name":"Idgaha Maidan","Two_Wheeler":"0","Motor_Vehicle":"92","Bus_Parking":"156","Nivara_Shed_20x25m":"1","Stall_4x3m":"12","Clock_room_15x20m":"1","Bavik_Gram":"0","Area":"3.282599","InOut":"IN","Area_Acer":"8.111479","layer":"Parking zones"},"geometry":{"type":"Polygon","coordinates":[[[73.77988864600007,19.99613551700003],[73.77986234700006,19.99629956600006],[73.77931609700005,19.99620329000004],[73.77932711600005,19.99615173000007],[73.77899536800004,19.99608131400004],[73.77902639100006,19.99589506600006],[73.77913816000006,19.99527262100003],[73.77930523000003,19.99436512500006],[73.77933066100007,19.99421541300006],[73.77936833700005,19.99418297800003],[73.77937916100007,19.99417518600006],[73.77979702000005,19.99412653000007],[73.77997415500005,19.99414929400007],[73.78009544100007,19.99416968200006],[73.78031229800007,19.99423023000003],[73.78046194000007,19.99428275700006],[73.78046664000004,19.99428662100007],[73.78055674300003,19.99437693000004],[73.78056156500008,19.99439721500005],[73.78059374800006,19.99454738000003],[73.78059804000003,19.99456796200008],[73.78060062500003,19.99458035500004],[73.78065825200008,19.99468042900003],[73.78059370700004,19.99493457800003],[73.78060853400007,19.99506811700007],[73.78062033100008,19.99536648500003],[73.78038838800006,19.99626159100006],[73.78008948000007,19.99616271700006],[73.77988864600007,19.99613551700003]]]}},{"type":"Feature","properties":{"name":"Mahamarg Bus Stand","category":"parking","zone":"inner","Name_Road":"Mumbai Road","Name":"Mahamarg Bus Stand","Two_Wheeler":"0","Motor_Vehicle":"0","Bus_Parking":"107","Nivara_Shed_20x25m":"1","Stall_4x3m":"6","Clock_room_15x20m":"1","Bavik_Gram":"0","Area":"1.697404","InOut":"IN","Area_Acer":"4.194377","layer":"Parking zones"},"geometry":{"type":"Polygon","coordinates":[[[73.78229035000004,19.98696739000007],[73.78223383400007,19.98642434700002],[73.78223125500006,19.98613999800006],[73.78220100900006,19.98600358500005],[73.78217782900003,19.98590787300003],[73.78208838700004,19.98581820100003],[73.78207123100003,19.98580702200007],[73.78199247500004,19.98573455900004],[73.78197570500004,19.98571787700007],[73.78199471100004,19.98561255600004],[73.78215304000008,19.98558566600008],[73.78250802200006,19.98585488900005],[73.78263457300005,19.98597146100008],[73.78261651900004,19.98608321400008],[73.78294019200007,19.98634648500007],[73.78311692600005,19.98651408000006],[73.78317299800005,19.98672005200007],[73.78326427400003,19.98682012500007],[73.78339190400004,19.98692809800008],[73.78348258600005,19.98710562100007],[73.78350760600006,19.98740553200003],[73.78290401100008,19.98747724700007],[73.78235520000004,19.98750011400006],[73.78229035000004,19.98696739000007]]]}},{"type":"Feature","properties":{"name":"Natyagruha - NMC Reservation - staging area","category":"parking","zone":"inner","layer":"Parking zones"},"geometry":{"type":"Polygon","coordinates":[[[73.83824922524018,19.95710723876662],[73.83765060617678,19.9571562932796],[73.83756743238823,19.95711335894582],[73.83734333351583,19.95654429641745],[73.83780816542473,19.95653258465483],[73.83815254980874,19.95655016084567],[73.83824922524018,19.95710723876662]]]}},{"type":"Feature","properties":{"name":"Belgaon Dhaga Gat no.140,167,","sourceFolder":"Parking / Outer parking / Sandip Foundation","source":"Mobility plan Nashik KMZ (NTKMA)","category":"parking","zone":"outer","layer":"Parking zones"},"geometry":{"type":"Polygon","coordinates":[[[73.68562079269788,19.97348793187475],[73.68333240020537,19.97269667099453],[73.6831321315796,19.97165599584135],[73.68277401139453,19.97169083639955],[73.68262015672335,19.96696216984894],[73.68429062448044,19.96795258211252],[73.68504101828026,19.96910591849479],[73.68513402690041,19.97083388163508],[73.68440840021168,19.97087824779307],[73.68454347243105,19.97229305789575],[73.68609668371225,19.97232575456127],[73.68562079269788,19.97348793187475]]]}},{"type":"Feature","properties":{"name":"Belgaon Dhaga Gat no 140","sourceFolder":"Parking / Outer parking / Sandip Foundation","source":"Mobility plan Nashik KMZ (NTKMA)","category":"parking","zone":"outer","layer":"Parking zones"},"geometry":{"type":"Polygon","coordinates":[[[73.6827501946021,19.97168599324486],[73.68160932162594,19.97155603776036],[73.68158915043885,19.97131353125901],[73.68080400047012,19.97124722124796],[73.68079897877746,19.97029345273398],[73.67924488688368,19.96993932593307],[73.67843865372913,19.9626013281013],[73.68207964478457,19.96271973630583],[73.68226511191183,19.96382779362228],[73.68268755046104,19.96596676163505],[73.6827501946021,19.97168599324486]]]}},{"type":"Feature","properties":{"name":"Belgaon Dhaga Gat no.121,122,120,119","sourceFolder":"Parking / Outer parking / Sandip Foundation","source":"Mobility plan Nashik KMZ (NTKMA)","category":"parking","zone":"outer","layer":"Parking zones"},"geometry":{"type":"Polygon","coordinates":[[[73.68337443722301,19.96200837764972],[73.67685664372597,19.95900116698732],[73.67823038254882,19.95307323347066],[73.6822794898206,19.95269431444881],[73.6818273424544,19.95448201297463],[73.68242586346848,19.95744245690605],[73.68337443722301,19.96200837764972]]]}},{"type":"Feature","properties":{"name":"Rajur Bahula","sourceFolder":"Parking / Outer parking / Mumbai road outer parking","source":"Mobility plan Nashik KMZ (NTKMA)","category":"parking","zone":"outer","layer":"Parking zones"},"geometry":{"type":"Polygon","coordinates":[[[73.70817183811951,19.91256440410017],[73.70753092130543,19.91213324495734],[73.70630337404343,19.91095457189359],[73.70491595758695,19.91009568969225],[73.70512256336356,19.90957556913391],[73.7057214725543,19.90890870890281],[73.70590970810483,19.90801933879301],[73.70606560502073,19.90661730981248],[73.70531750600121,19.9064527316026],[73.70432312170195,19.90622380605086],[73.70312784112188,19.90635363410119],[73.70287941752157,19.90485744191259],[73.7036803300932,19.90497471272909],[73.70444066345158,19.90506674708661],[73.70539318667566,19.90504270556166],[73.70696617714385,19.90519814630539],[73.70761986029561,19.90518811319294],[73.70843682316575,19.90513057188561],[73.7101067079058,19.90485595800534],[73.7102704955907,19.90523649785051],[73.71115751878638,19.90523584081045],[73.71147472973587,19.90478911917283],[73.7119391441189,19.90367722333483],[73.71228416407406,19.90333672890904],[73.71292042785119,19.90306158808494],[73.71329491875792,19.90298327728307],[73.71535680850057,19.90291695359287],[73.71504562139697,19.90435949699427],[73.71543935404478,19.90431993549551],[73.71634147924331,19.90415171930372],[73.71674314596716,19.90404287852782],[73.71812658386162,19.90445334481587],[73.71806278890706,19.9047684546835],[73.71801434771302,19.90570899030748],[73.71683201077867,19.90589149756217],[73.71595321690926,19.90619100022049],[73.71613852785978,19.90718141534847],[73.71625033614963,19.90758992832011],[73.71670071469971,19.90830881079196],[73.71715059967619,19.90834415790318],[73.71841239176429,19.90846306969491],[73.71845688371856,19.90941009314252],[73.71833700024952,19.91029395535179],[73.71780326088826,19.91127345187813],[73.71364584057187,19.91360417117108],[73.7119217643316,19.91458836557536],[73.71076897577353,19.91555503457195],[73.70817183811951,19.91256440410017]]]}},{"type":"Feature","properties":{"name":"Parking opposite Rajur Bahula parking","sourceFolder":"Parking / Outer parking / Mumbai road outer parking","source":"Mobility plan Nashik KMZ (NTKMA)","category":"parking","zone":"outer","layer":"Parking zones"},"geometry":{"type":"Polygon","coordinates":[[[73.7074233162825,19.91532482308716],[73.70693962247513,19.91670484092974],[73.70668794342957,19.91682205303675],[73.70548352919468,19.91768141693004],[73.7038244356324,19.91705845490326],[73.70368989638642,19.91630807314422],[73.70359088389822,19.91385784653226],[73.70410894997426,19.91236369534185],[73.70476319974865,19.91063577784831],[73.70678470367434,19.91211557810544],[73.70854787362718,19.91378532505458],[73.7074233162825,19.91532482308716]]]}},{"type":"Feature","properties":{"name":"Moh chincholi additional","description":"S. No. 310, 334, 335","sourceFolder":"Parking / Outer parking","source":"Mobility plan Nashik KMZ (NTKMA)","category":"parking","zone":"outer","layer":"Parking zones"},"geometry":{"type":"Polygon","coordinates":[[[73.92576100353466,19.90011606319496],[73.92333729894608,19.89947478993227],[73.92347850244937,19.89799501573197],[73.92459343856925,19.89727994158161],[73.92602284681789,19.8990295525747],[73.92583196577557,19.90009899695786],[73.92576100353466,19.90011606319496]]]}},{"type":"Feature","properties":{"name":"Moh Chincholi parking - private vehicles","sourceFolder":"Parking / Outer parking","source":"Mobility plan Nashik KMZ (NTKMA)","category":"parking","zone":"outer","layer":"Parking zones"},"geometry":{"type":"Polygon","coordinates":[[[73.92559127497692,19.90247827889212],[73.92604869299431,19.89902709660294],[73.92463090123942,19.8972101044753],[73.92595724225225,19.8961349889601],[73.92736360006037,19.89528563374993],[73.92764944403606,19.89502759666807],[73.92872421992014,19.89596297166531],[73.92841550924665,19.89669407011634],[73.92803819462154,19.89728539584921],[73.92818683513563,19.89755417795439],[73.92836977775424,19.89783371057331],[73.92832404347752,19.89815624925231],[73.92779808552075,19.89846803759029],[73.92748937036873,19.89860780408863],[73.9266432587608,19.8990486031871],[73.92659749475509,19.90243527544202],[73.92559127497692,19.90247827889212]]]}},{"type":"Feature","properties":{"name":"Bardi / Lakhalgaon Parking","sourceFolder":"Parking / Outer parking","source":"Mobility plan Nashik KMZ (NTKMA)","category":"parking","zone":"outer","layer":"Parking zones"},"geometry":{"type":"Polygon","coordinates":[[[73.91318525615534,19.99744836326019],[73.91304192633993,19.99669220958253],[73.9129942165039,19.99607038868404],[73.91264137306416,19.99587605151358],[73.91238471509718,19.99482329991534],[73.91481620805506,19.99375957932179],[73.91564787260847,19.99339847478115],[73.91634468242944,19.99298801862771],[73.91760575371526,19.99274845870278],[73.91906299191973,19.99269459615801],[73.91915136803495,19.9941551537635],[73.9191300225138,19.9948585323043],[73.9191016073654,19.99528861969141],[73.91906701628946,19.99707129025062],[73.91925491272242,19.99715322093481],[73.91922385018455,19.9984090132251],[73.91753044346851,19.9973316146548],[73.91695517463259,19.99716660038704],[73.9162972775006,19.99708455515241],[73.91591550513752,19.99710480067455],[73.91437373783705,19.99726365775402],[73.91318525615534,19.99744836326019]]]}},{"type":"Feature","properties":{"name":"Khambale 1","sourceFolder":"Parking / Outer parking","source":"Mobility plan Nashik KMZ (NTKMA)","category":"parking","zone":"outer","layer":"Parking zones"},"geometry":{"type":"Polygon","coordinates":[[[73.6361164540226,19.95357834207142],[73.63677548672607,19.95402529461785],[73.6373917327448,19.9537829290222],[73.63835366164462,19.95322170514699],[73.6369258455466,19.95229273716862],[73.63573627786685,19.95326501564722],[73.6361164540226,19.95357834207142]]]}},{"type":"Feature","properties":{"name":"Khambale 1","sourceFolder":"Parking / Outer parking","source":"Mobility plan Nashik KMZ (NTKMA)","category":"parking","zone":"outer","layer":"Parking zones"},"geometry":{"type":"Polygon","coordinates":[[[73.6368391650919,19.95412494384598],[73.63803747023073,19.95556539826908],[73.63915122094018,19.95515131929766],[73.63897553399171,19.95454420755187],[73.6387802500238,19.95459832010384],[73.63866585731513,19.95437183252515],[73.63835704185406,19.95340580731288],[73.63802131180108,19.95356242816944],[73.63752076742178,19.95392207934004],[73.6371712957673,19.95401295973839],[73.6368391650919,19.95412494384598]]]}},{"type":"Feature","properties":{"name":"Khambale 1","sourceFolder":"Parking / Outer parking","source":"Mobility plan Nashik KMZ (NTKMA)","category":"parking","zone":"outer","layer":"Parking zones"},"geometry":{"type":"Polygon","coordinates":[[[73.63954083908067,19.95749323059879],[73.63920130306792,19.95720170444957],[73.63876361179496,19.95694170335344],[73.63849544466734,19.95637766900832],[73.63832705411875,19.95598428205529],[73.63661684178774,19.95625021846733],[73.63679004742599,19.95706146644734],[73.6373452056852,19.95711705735877],[73.63726451889437,19.95757877673696],[73.63954083908067,19.95749323059879]]]}},{"type":"Feature","properties":{"name":"Khambale 2","sourceFolder":"Parking / Outer parking","source":"Mobility plan Nashik KMZ (NTKMA)","category":"parking","zone":"outer","layer":"Parking zones"},"geometry":{"type":"Polygon","coordinates":[[[73.64222489427527,19.96606303457308],[73.64201490429043,19.96297368573957],[73.64022446511623,19.96274253687308],[73.63899007364873,19.96281320627933],[73.6389559993346,19.96625137223017],[73.64222489427527,19.96606303457308]]]}},{"type":"Feature","properties":{"name":"Lakhalgaon Outer parking 2","sourceFolder":"Parking / Outer parking","source":"Mobility plan Nashik KMZ (NTKMA)","category":"parking","zone":"outer","layer":"Parking zones"},"geometry":{"type":"Polygon","coordinates":[[[73.91403733624715,19.99750214131258],[73.91507187371637,19.99738625700082],[73.9161273366719,19.99733044767127],[73.91649540086931,19.99730019969199],[73.91727387662101,19.99743223380091],[73.91791578334099,19.99772020071082],[73.9188356874999,19.99834847301502],[73.92004275537585,19.99919316443421],[73.92064893125865,19.99952510299234],[73.92074027948476,19.99970064236266],[73.92030992082113,19.99972921411288],[73.92029306137164,20.0002206259923],[73.92089036454058,20.00012535272883],[73.92094474186949,20.00051752926264],[73.9209943827399,20.00104508391978],[73.9207322110275,20.00111597137622],[73.92015333808519,20.00111595971667],[73.91886114344345,20.00100254891675],[73.91880907622719,20.00016172898908],[73.91855501577,20.00027372047138],[73.91677778183582,20.0005724540125],[73.91689476588715,20.00184997500052],[73.9179058157723,20.00173561170076],[73.91798579059581,20.00222024990947],[73.91808358915148,20.00267957324217],[73.91679063401996,20.00281941447055],[73.91646935222894,20.00282770010761],[73.91517981183642,20.00304118985562],[73.91510220628226,20.00412215458984],[73.91503388113738,20.00453519009696],[73.91505565719929,20.00496760891097],[73.91333362085976,20.00512974323711],[73.91221653529722,20.00526719502964],[73.91221292756401,20.00409765919036],[73.91319697394856,20.00397017705412],[73.91320899044753,20.00327556648938],[73.91230715246559,20.00330723274027],[73.91228207481836,20.00177903735151],[73.9125969279712,20.00173649343235],[73.91262221679553,20.0013669366242],[73.91249050414292,20.0012959020756],[73.91252073009666,20.00093946404841],[73.91232887101611,20.00094933145398],[73.91243261862013,19.99969345124962],[73.9124465483721,19.99911312046049],[73.91442862178477,19.99875622729068],[73.91411224094593,19.99780835934025],[73.91403733624715,19.99750214131258]]]}},{"type":"Feature","properties":{"name":"Dhakambe parking revised","sourceFolder":"Parking / Outer parking","source":"Mobility plan Nashik KMZ (NTKMA)","category":"parking","zone":"outer","layer":"Parking zones"},"geometry":{"type":"Polygon","coordinates":[[[73.80562988538209,20.09062616806023],[73.80642782886854,20.09053858587168],[73.80632494571141,20.08993465795676],[73.8074538113935,20.089619595338],[73.80735498368615,20.08931383842267],[73.80786642229207,20.08925206583703],[73.80813769889924,20.08912614148767],[73.80914135959414,20.08893755328265],[73.80932471447387,20.08874535611758],[73.80981035262101,20.08869739648466],[73.81059113125308,20.08855105601376],[73.81064657511205,20.08875640259582],[73.8113180510796,20.08988515377153],[73.80947684040429,20.09001730873614],[73.80973155662221,20.09105486825155],[73.81170721724244,20.09139621473564],[73.81178868764715,20.09190475447701],[73.81069083981134,20.09234763470114],[73.81047092521791,20.09345088831293],[73.80913328122074,20.09371772817687],[73.8090604566149,20.09419489384876],[73.80901813477244,20.09462011902106],[73.80933016993686,20.09553280692088],[73.80985455892547,20.09586037298818],[73.81007626705517,20.09582166473606],[73.81050211263857,20.095432817814],[73.81075036050699,20.0951558234528],[73.81077556327304,20.09469518842169],[73.81074597966256,20.09405710931662],[73.8119453185417,20.09457485161296],[73.81199107221579,20.09499774837167],[73.81201849234832,20.09555602871363],[73.81227863202894,20.09625346773843],[73.81252164365502,20.09710482192273],[73.812735025575,20.09795895399957],[73.81288841165743,20.09881363042821],[73.81310584405797,20.09975907036182],[73.81321759935999,20.10032974471115],[73.81199761534215,20.10029495545978],[73.8111976744983,20.10031144993521],[73.8108580333966,20.10144866322142],[73.8107669169013,20.10171570843263],[73.81088735328188,20.10187125636628],[73.81101315455204,20.10217863081506],[73.81099607244096,20.10244271982673],[73.81129540088645,20.10268678991058],[73.81155250657754,20.102671235481],[73.81183034434731,20.10268712765391],[73.81188784038626,20.10287738908397],[73.81133861318686,20.10289298877682],[73.81025022824437,20.10277099264827],[73.80954518831716,20.10198468336775],[73.80847831487941,20.10088080272864],[73.80714826205562,20.09996500772669],[73.80562988538209,20.09062616806023]]]}},{"type":"Feature","properties":{"name":"Dhakambe parking revised 2","sourceFolder":"Parking / Outer parking","source":"Mobility plan Nashik KMZ (NTKMA)","category":"parking","zone":"outer","layer":"Parking zones"},"geometry":{"type":"Polygon","coordinates":[[[73.81191906695452,20.09270116744975],[73.81170263517858,20.09138378930085],[73.81150209017937,20.09029691149347],[73.81109855927926,20.08950891191138],[73.8106453353979,20.08871174733699],[73.81061865841323,20.08825383113436],[73.81124956615297,20.08810394410532],[73.81203400610077,20.0878301485415],[73.81203177024963,20.08826341155473],[73.81187526134288,20.08876199064542],[73.812790215376,20.08877983227648],[73.81370109841666,20.08886982914401],[73.81444564637944,20.08893671336535],[73.81418226464268,20.09007648508545],[73.8142349032233,20.09094731539135],[73.81598312646076,20.09074311894432],[73.81792121359976,20.08987149472928],[73.81809396227013,20.09044900798141],[73.81906936438529,20.09041088526269],[73.82000818725335,20.09022560944382],[73.82068202875114,20.09022564100729],[73.82200013408789,20.08993365270868],[73.82222802517126,20.09047130256513],[73.82261313128855,20.09096662504193],[73.8228834567337,20.0912830840968],[73.82365636211348,20.09152657649229],[73.82462609875869,20.09320260502915],[73.82471884891909,20.09339420056346],[73.82539942015123,20.09597294479667],[73.82338532086595,20.09672309816069],[73.82356441585907,20.09531694044292],[73.82268050763827,20.09554977664087],[73.82160013630573,20.09565953179522],[73.82048236081437,20.09569620789591],[73.81959292668148,20.09570842004762],[73.81879796906593,20.09573715454958],[73.81814231025812,20.09553856626712],[73.81815144185096,20.09607720501415],[73.81657768488574,20.09622766607171],[73.81494736214904,20.09635217993398],[73.81448769621707,20.09645224575258],[73.81229575896211,20.09624748427166],[73.81201899521591,20.09557297859988],[73.81195622501124,20.09455358933841],[73.81191906695452,20.09270116744975]]]}},{"type":"Feature","properties":{"name":"Parking opposite Tata showroom","sourceFolder":"Parking / Outer parking","source":"Mobility plan Nashik KMZ (NTKMA)","category":"parking","zone":"outer","layer":"Parking zones"},"geometry":{"type":"Polygon","coordinates":[[[73.89416478117427,20.05640162743845],[73.89411297970742,20.05550864637553],[73.89484742498095,20.05527622405796],[73.89509659050344,20.0552183450283],[73.89582525204405,20.05511013042446],[73.89669534450248,20.0550486470077],[73.89678485003971,20.0562676523212],[73.8980957412125,20.05617295488349],[73.89865304593499,20.05618999504107],[73.90016126988826,20.05636360090533],[73.90245950048023,20.0566677775744],[73.90163917906732,20.05722465915253],[73.90103229703146,20.05761255572826],[73.90078909841996,20.05782390238122],[73.8995504399235,20.05854940900809],[73.89933369056786,20.05862372926977],[73.89889765074736,20.05878960252773],[73.89813472492766,20.05890426018494],[73.89685998494801,20.05916933302483],[73.89617468754017,20.05927913962863],[73.89521113105876,20.05950586488964],[73.89400461031317,20.06003398188795],[73.89282515800821,20.06076076949759],[73.89214296155511,20.06108005649623],[73.8915079964496,20.06120756421972],[73.89035217245593,20.06133647267174],[73.88882986542039,20.05963995946259],[73.8878984686729,20.05853518611377],[73.8867037097915,20.05756041846557],[73.88668326151756,20.05756043084646],[73.88540899587147,20.05619140311254],[73.88409603322792,20.05486755530112],[73.88284270814565,20.05360459660218],[73.88207932139117,20.05257105156809],[73.88067778449887,20.05101045043778],[73.88070283873964,20.05052877899199],[73.88076907143517,20.04994436896293],[73.88084036069874,20.04953986112276],[73.88097403868099,20.04901939431527],[73.88103560873134,20.04887877260613],[73.881043096883,20.0486986318399],[73.88111341512807,20.04836822676496],[73.88123882083444,20.04773507290986],[73.88150597950298,20.04679822284668],[73.88180655380823,20.04594994686111],[73.8819263288242,20.0453866287965],[73.88088410399247,20.04518144059324],[73.88094160402952,20.04483557897365],[73.88112807518006,20.04349918508452],[73.88114760575698,20.04269200862592],[73.88128003634255,20.04219865227803],[73.88187338569085,20.04254450925064],[73.88232361821832,20.0426488796147],[73.88362553884667,20.04285686847188],[73.88422731289495,20.04298301320924],[73.88523474347359,20.04314680611394],[73.88615409321628,20.04344681777665],[73.88734151937564,20.04370445082301],[73.88882527573432,20.04385280400643],[73.88982659858928,20.04393209989999],[73.88993409332382,20.04490532766005],[73.88867705292135,20.04484836156664],[73.88839215288668,20.04501561423268],[73.88807913192097,20.04551017326722],[73.88764865016957,20.04579380656553],[73.8871002500073,20.04657925599817],[73.88695851019826,20.04714378515806],[73.88696404263462,20.04794881944821],[73.88744929021051,20.04792874118458],[73.8873415393509,20.0494005317955],[73.88797542637603,20.04930144097067],[73.88791213214833,20.04963542264212],[73.88802750680703,20.04997824264973],[73.88792418414195,20.05014621022195],[73.8877476362886,20.05035511600817],[73.88767458810284,20.0508594969754],[73.88773166624293,20.05108876695222],[73.8876574036046,20.05130124935205],[73.8875066214365,20.05154279972377],[73.8874267332466,20.05193153989677],[73.88729768788222,20.05219195995704],[73.88724895612185,20.05252073539218],[73.88720778159305,20.05296099328766],[73.88711445515307,20.05328491328158],[73.8877593050386,20.05322290504393],[73.88760590765952,20.0528582596767],[73.88822931405213,20.05286089031877],[73.88824011446673,20.05322579150792],[73.88924312788238,20.05345075245928],[73.88922494050875,20.05379916368474],[73.88866409636572,20.05383069386325],[73.88853575356721,20.05389400410974],[73.88844406230237,20.05412305675064],[73.88849416224525,20.05463874551744],[73.88870593552573,20.05541379419669],[73.8886224509362,20.05566296187448],[73.88861366555355,20.05583333338591],[73.88924769091666,20.05580324920124],[73.88929932261715,20.05456563273042],[73.89207592755645,20.05467378134601],[73.89206926570618,20.05496956085008],[73.89214927677286,20.05631211274498],[73.89416478117427,20.05640162743845]]]}},{"type":"Feature","properties":{"name":"Parking behind Tata showroom","sourceFolder":"Parking / Outer parking","source":"Mobility plan Nashik KMZ (NTKMA)","category":"parking","zone":"outer","layer":"Parking zones"},"geometry":{"type":"Polygon","coordinates":[[[73.88962708173419,20.06138512583277],[73.88357770932748,20.06311870809801],[73.88080276738253,20.06393440706976],[73.87941078343397,20.06442691786429],[73.87753593255029,20.06468780869154],[73.87564752377067,20.06571948423981],[73.87502420302235,20.06567644073819],[73.87453338477384,20.06601740171165],[73.8741491738669,20.06630510163917],[73.87290448548649,20.06755442586399],[73.87201386674195,20.06814398825037],[73.87174741247756,20.06865417785176],[73.8716150970353,20.06941473569954],[73.86934532810346,20.07050513035458],[73.8677892647554,20.06992097095816],[73.86694723858847,20.0697029795829],[73.8662145937008,20.0695232516581],[73.86438938041566,20.06898980934646],[73.86446628957006,20.06880419596039],[73.8636694110088,20.06870340587052],[73.86373100081603,20.06815413540805],[73.86484197017153,20.06797404924065],[73.86640129839674,20.06843590989372],[73.86679888143829,20.06769560781546],[73.86773637730124,20.06667391416959],[73.8681190094281,20.06643331543206],[73.8684764343782,20.06620785956127],[73.86903961513362,20.06602137722353],[73.86885648123435,20.065130364975],[73.86825680465985,20.06478509293374],[73.86828870141906,20.06404076294385],[73.87225846876933,20.06357229876909],[73.87253651088827,20.06262388988034],[73.87257578593272,20.06127488179507],[73.87523628145198,20.06073259555837],[73.87729570021057,20.06030717529157],[73.87717237445926,20.05960319978519],[73.87915087518809,20.05966437680501],[73.87923336861547,20.05799602769321],[73.87916757304356,20.05748232327501],[73.87921971415786,20.0564792486482],[73.8793089970916,20.05556533571853],[73.88062200811234,20.05552692633144],[73.88137889412484,20.05546418651142],[73.88228561014664,20.05547203528639],[73.883168511649,20.05551915223133],[73.88370584449109,20.05553495196142],[73.88402534317893,20.05540991936191],[73.88502853530439,20.05644845797924],[73.88587281490457,20.05735020600657],[73.88555597151523,20.05744800762394],[73.88583973320851,20.05822164955465],[73.88610920355055,20.05935070597053],[73.8872372034261,20.05915819375197],[73.88685048847991,20.05876367473028],[73.8870115802696,20.05852786157162],[73.88791989570522,20.05947501346967],[73.88962708173419,20.06138512583277]]]}},{"type":"Feature","properties":{"name":"Moh Chincholi parking revised","sourceFolder":"Parking / Outer parking","source":"Mobility plan Nashik KMZ (NTKMA)","category":"parking","zone":"outer","layer":"Parking zones"},"geometry":{"type":"Polygon","coordinates":[[[73.92212750690582,19.89840277108889],[73.92045990693028,19.89906004063887],[73.92018781702232,19.89614329943231],[73.91805349959847,19.89600640387065],[73.9200613182065,19.89503160185233],[73.92109304236142,19.89508394327313],[73.92110732320634,19.89265079811934],[73.92103306956862,19.8914613570772],[73.92104293488727,19.89110240430578],[73.92535449312444,19.89058273116673],[73.92582401634387,19.88976390381163],[73.92643687013428,19.88951353839038],[73.92640195341545,19.88894306117223],[73.9257703729649,19.88893577961384],[73.92571985890055,19.88926356137349],[73.9242788802857,19.88953806277934],[73.92408460563864,19.88836314871627],[73.9230602804519,19.88847640929077],[73.92244918219315,19.88836413995503],[73.92205115868228,19.88824532917208],[73.92290471993503,19.88665830708467],[73.9192228561733,19.88548930183961],[73.92110992336035,19.88046033693523],[73.92322149262387,19.88076298267433],[73.92376835488481,19.87944595707041],[73.9264329105093,19.87984244063583],[73.9259856634566,19.88196425844519],[73.92661794649365,19.88214960470343],[73.92692096276858,19.88082681028989],[73.92771509535358,19.88079137355119],[73.92841409421966,19.88092601547219],[73.92840969416481,19.88318061177043],[73.93210460017235,19.88411178189493],[73.93136558598218,19.88638016508598],[73.92783228353458,19.88647424165257],[73.9280227827631,19.8903583116461],[73.93014006047258,19.89014720461244],[73.93139378665792,19.89008429661323],[73.93049212674146,19.89125535470916],[73.93011308958401,19.89222384546763],[73.92964714305653,19.89324254433459],[73.92212750690582,19.89840277108889]]]}},{"type":"Feature","properties":{"name":"Ramshej Parking","sourceFolder":"Parking / Outer parking","source":"Mobility plan Nashik KMZ (NTKMA)","category":"parking","zone":"outer","layer":"Parking zones"},"geometry":{"type":"Polygon","coordinates":[[[73.76269634720003,20.11764118696218],[73.76226639172246,20.11845317192082],[73.75973973358299,20.11841705455031],[73.75858829484388,20.11848740748232],[73.75837520754075,20.11948379384786],[73.75642001596418,20.11883618328446],[73.75564312396294,20.11854235414314],[73.75667179681344,20.11772180419938],[73.75661223447983,20.1172417626263],[73.75523360479026,20.1174027003222],[73.75327962607453,20.11737764047677],[73.753185592707,20.11713106473241],[73.75225328339376,20.11715088123763],[73.75229413233274,20.1174429801824],[73.75240023191502,20.11761923675003],[73.75251000858478,20.11784122967211],[73.75244981936561,20.11848938651033],[73.7522022890048,20.11851885627627],[73.75182538143214,20.11863915569845],[73.75150679878844,20.11885239390387],[73.75105180053974,20.11912024407626],[73.75025927712805,20.11958008607677],[73.74819238007319,20.12116030384337],[73.74772689792218,20.12041880308445],[73.7475425761056,20.11985841887543],[73.74724774288232,20.11919204114489],[73.74702222962202,20.11888240471288],[73.74591097148367,20.11993339291132],[73.74507840410274,20.11724374799211],[73.74577775357075,20.11638924707887],[73.74616721375064,20.11591549368246],[73.7464043806709,20.11559137300928],[73.74668593795609,20.1149589266479],[73.74602821268114,20.11347452938467],[73.74572732154438,20.11296492041031],[73.74549627554909,20.11189949426729],[73.7454702933181,20.11120646215404],[73.74544492410254,20.11082328624657],[73.74588756743331,20.11007076976616],[73.74615620615906,20.1088043811663],[73.74615868017597,20.10843891164775],[73.74591769019246,20.10797212984195],[73.74536513957956,20.10739212743804],[73.74812354703123,20.10714823979918],[73.7482105817172,20.10765762231323],[73.74837769188264,20.10799540136419],[73.74891305780056,20.10812967570333],[73.74885943381092,20.10905884806599],[73.74913997021801,20.10908301481519],[73.74924630102359,20.10948330254868],[73.74915065640478,20.10949508425973],[73.74921766748119,20.11003841041273],[73.74934695289016,20.11005308138489],[73.74936440509175,20.10997116712032],[73.74954077562197,20.10994288403471],[73.75000548387847,20.10996186158135],[73.75017343163188,20.10922808070828],[73.7503140634532,20.10902613057953],[73.7502159611529,20.10886246275424],[73.75016092496006,20.10862547053603],[73.7503450528136,20.10832892964731],[73.75042959579197,20.10798263596138],[73.75098400774688,20.10813359932922],[73.75090458886405,20.10680105909235],[73.75160605775355,20.1067040455866],[73.75195148971139,20.10658733263082],[73.75216577039704,20.1062957487128],[73.75247271055663,20.10602712099389],[73.75257025443965,20.1061156627935],[73.75298242670985,20.10595607352969],[73.7530881870026,20.10620125700743],[73.75356681391618,20.10615841741677],[73.75333682077815,20.10560784127782],[73.75365913435625,20.10544481260172],[73.7539071216859,20.10612134135759],[73.75446386157026,20.10613056220481],[73.75458553998116,20.10626850382911],[73.75557539861397,20.106447749867],[73.75770649138677,20.10415948209442],[73.75802252537264,20.10412060892379],[73.75817249941477,20.1038195851829],[73.75853896055429,20.10368307366235],[73.75896028519337,20.1035504475156],[73.75895445514571,20.10414427065644],[73.75923977560963,20.10483757270791],[73.759208423097,20.10509398872163],[73.75866360174794,20.10606526084549],[73.75837955850201,20.1068499551621],[73.75833497807673,20.10703379703186],[73.7582321056985,20.10741828618044],[73.75799822037472,20.1075952174781],[73.75771108791831,20.10773180022815],[73.75740560649406,20.10789079893651],[73.75695014082324,20.10800461430315],[73.75671218402955,20.10807903396602],[73.7566096520787,20.1083798329186],[73.75681360641114,20.10838641002344],[73.75693383588808,20.10816828319581],[73.75747320658354,20.1080017065569],[73.75752926124497,20.1082444266432],[73.75777843163294,20.10843284555176],[73.75820364362174,20.10922286183596],[73.75861840595067,20.10964955883008],[73.75899704876846,20.11021386749534],[73.75969148570704,20.11018967810348],[73.76023236073146,20.10994561292423],[73.76086861857783,20.10962912752776],[73.76121709743052,20.10939817866848],[73.76185628126656,20.10903419277238],[73.76226442716434,20.10877217211465],[73.76266923275455,20.10849986267127],[73.762912304647,20.10844811795138],[73.76326384638524,20.10839669791795],[73.76361409702898,20.10828611283081],[73.76395927786366,20.1080604623507],[73.7641700403677,20.10799972813656],[73.76408336957735,20.1081627936821],[73.76386075214674,20.10881235336663],[73.76363259096394,20.1093579921401],[73.76346772078324,20.10988224745081],[73.76334730529035,20.11054945799984],[73.76334228186245,20.11058678904755],[73.7630805606649,20.11130977133519],[73.7628923794143,20.11203050678385],[73.76269977202874,20.11278830249839],[73.76260316175691,20.1135211523413],[73.76243505985734,20.11464849106429],[73.76269634720003,20.11764118696218]]]}},{"type":"Feature","properties":{"name":"Tomato Market parking V1","sourceFolder":"Parking / Outer parking","source":"Mobility plan Nashik KMZ (NTKMA)","category":"parking","zone":"outer","layer":"Parking zones"},"geometry":{"type":"Polygon","coordinates":[[[73.66105134419267,20.07182892469789],[73.65975457195304,20.07199660413697],[73.65853240841115,20.07050097872748],[73.65820856345437,20.06919232419055],[73.65775992866405,20.06765206574816],[73.65699497060321,20.06541114213353],[73.65684025693216,20.06502136834302],[73.6560076801744,20.06508570652296],[73.65523254785182,20.06532034389219],[73.65452777507195,20.06555754928209],[73.6530745790286,20.06633875070881],[73.65197145095622,20.06678139708986],[73.65099156357093,20.0658254551038],[73.64852068868981,20.0647492018731],[73.65173835330137,20.0632176430903],[73.65506385400981,20.06181380041836],[73.6560570568947,20.06170373641508],[73.65817623195045,20.06142091914543],[73.65860047412332,20.06182951929509],[73.65825463961384,20.06280672694194],[73.65838113925658,20.06381966321715],[73.65913149708518,20.06445492862834],[73.66045006672422,20.06561865205586],[73.6612488457543,20.06568257104673],[73.66179780912907,20.0660504939229],[73.66251145702479,20.06605048108442],[73.66411829858275,20.06587364181545],[73.66364045119398,20.06676657925264],[73.6631637298458,20.0671651771195],[73.66271185807138,20.06802620014458],[73.66288148765966,20.06922191645265],[73.66293907677178,20.0700984247042],[73.66297840410223,20.07076839490167],[73.66298760287732,20.07133154529647],[73.6627370568284,20.07171499811937],[73.66244831066314,20.07204801721701],[73.66235536990611,20.07227814113854],[73.66223121051691,20.07237604941979],[73.66207790500525,20.07231476286235],[73.6617721080068,20.07248689932542],[73.66160235736004,20.07254883045288],[73.66133852221479,20.07227804584831],[73.66105134419267,20.07182892469789]]]}},{"type":"Feature","properties":{"name":"CBS Main Local Transit Hub","category":"congestion","role":"area","layer":"Congestion points"},"geometry":{"type":"Polygon","coordinates":[[[73.78272260863646,20.00081333873343],[73.78422402025114,20.00124644239896],[73.7829182173053,20.00158197064541],[73.78272260863646,20.00081333873343]]]}},{"type":"Feature","properties":{"name":"CBS Main Local Transit Hub","category":"congestion","role":"marker","layer":"Congestion points"},"geometry":{"type":"Point","coordinates":[73.78314686370733,20.001113772627807]}},{"type":"Feature","properties":{"name":"Thakkar Bazar","category":"congestion","role":"area","layer":"Congestion points"},"geometry":{"type":"Polygon","coordinates":[[[73.780551778501,20.00076302739109],[73.77972700956242,19.99698591426013],[73.78122972937092,19.9973621235609],[73.78230679633374,20.00072074487214],[73.780551778501,20.00076302739109]]]}},{"type":"Feature","properties":{"name":"Thakkar Bazar","category":"congestion","role":"marker","layer":"Congestion points"},"geometry":{"type":"Point","coordinates":[73.78087341845382,19.99931896749507]}},{"type":"Feature","properties":{"name":"Dwarka Circle","category":"congestion","role":"area","layer":"Congestion points"},"geometry":{"type":"Polygon","coordinates":[[[73.797618611076,19.99451771892709],[73.7971993342102,19.99475589942637],[73.7966509040823,19.99480044785211],[73.79633914081415,19.994624797238],[73.79614795856172,19.99438596159828],[73.79611237554737,19.99383621848005],[73.79630469221352,19.99354597850033],[73.79657364270614,19.99332808418308],[73.79725624522025,19.99339013606797],[73.79758325582486,19.9935932414547],[73.79768537238283,19.99388601105287],[73.797618611076,19.99451771892709]]]}},{"type":"Feature","properties":{"name":"Dwarka Circle","category":"congestion","role":"marker","layer":"Congestion points"},"geometry":{"type":"Point","coordinates":[73.79692417864295,19.994098517808997]}},{"type":"Feature","properties":{"name":"Nashik Road Railway Station","category":"congestion","role":"area","layer":"Congestion points"},"geometry":{"type":"Polygon","coordinates":[[[73.84113599815787,19.94861918850798],[73.84086639392365,19.94817779018096],[73.8416822862617,19.94765632956217],[73.84205826493995,19.94837003965749],[73.84113599815787,19.94861918850798]]]}},{"type":"Feature","properties":{"name":"Nashik Road Railway Station","category":"congestion","role":"marker","layer":"Congestion points"},"geometry":{"type":"Point","coordinates":[73.84137578828822,19.948288507283316]}},{"type":"Feature","properties":{"name":"Panchavati Karanja","category":"congestion","role":"area","layer":"Congestion points"},"geometry":{"type":"Polygon","coordinates":[[[73.79576119902266,20.01083689063172],[73.79498817745596,20.01104144844421],[73.79418493873573,20.01085966750883],[73.79383516126377,20.01057974365023],[73.79370622737214,20.01019139425112],[73.79375240107116,20.00957412202142],[73.79417675353118,20.00908525266825],[73.7948170066278,20.00897979666631],[73.79564058972593,20.00915099156687],[73.79586324832913,20.00973984742608],[73.79599191965023,20.01026494307259],[73.79576119902266,20.01083689063172]]]}},{"type":"Feature","properties":{"name":"Panchavati Karanja","category":"congestion","role":"marker","layer":"Congestion points"},"geometry":{"type":"Point","coordinates":[73.79487323515069,20.010095082378278]}},{"type":"Feature","properties":{"name":"Shalimar Chowk","category":"congestion","role":"area","layer":"Congestion points"},"geometry":{"type":"Polygon","coordinates":[[[73.78650464259042,19.99959043500087],[73.7872128641289,20.00093644707433],[73.78589051653692,20.00091917487753],[73.78650464259042,19.99959043500087]]]}},{"type":"Feature","properties":{"name":"Shalimar Chowk","category":"congestion","role":"marker","layer":"Congestion points"},"geometry":{"type":"Point","coordinates":[73.78652816646166,20.0002591229884]}},{"type":"Feature","properties":{"name":"Gandhi Talav","category":"landmark","role":"area","layer":"Congestion points"},"geometry":{"type":"Polygon","coordinates":[[[73.79086897183566,20.00836581227433],[73.79044587385572,20.0079343385347],[73.79086733174151,20.00819547936089],[73.79143299616693,20.00798973060466],[73.79203849257047,20.00771825576026],[73.79202902305367,20.00744584262089],[73.79181715686887,20.00723511414929],[73.79210118208165,20.00739861725267],[73.79210959559673,20.00775090593887],[73.79086897183566,20.00836581227433]]]}},{"type":"Feature","properties":{"name":"Gandhi Talav","category":"landmark","role":"marker","layer":"Congestion points"},"geometry":{"type":"Point","coordinates":[73.79145795956067,20.00783999087709]}},{"type":"Feature","properties":{"name":"Gandhi Talav 2","category":"landmark","role":"area","layer":"Congestion points"},"geometry":{"type":"Polygon","coordinates":[[[73.7908671410288,20.0073121232628],[73.79184430542992,20.00725236405976],[73.79105526560606,20.00744293058832],[73.79070245831132,20.00767930850465],[73.79045339751706,20.00794499819025],[73.7908671410288,20.0073121232628]]]}},{"type":"Feature","properties":{"name":"Gandhi Talav 2","category":"landmark","role":"marker","layer":"Congestion points"},"geometry":{"type":"Point","coordinates":[73.790964951487,20.00749064131143]}},{"type":"Feature","properties":{"name":"Holding area - besides Sai Leela","stroke":"#ffff00","stroke-opacity":1,"stroke-width":3,"sourceFolder":"Holding Areas / Holding Area.kmz / Holding Area / Dhule road","source":"Mobility plan Nashik KMZ (NTKMA)","role":"area","layer":"Holding areas"},"geometry":{"type":"Polygon","coordinates":[[[73.83322737815621,19.99923222394887],[73.83369293696379,19.99927105265997],[73.83373770234252,20.00008791699231],[73.8331089235718,20.00007656849212],[73.8323806908443,20.00007656820928],[73.83191577698109,20.00009927827998],[73.8311881444513,20.00002567216793],[73.83107759254398,19.99909637166149],[73.83322737815621,19.99923222394887]]]}},{"type":"Feature","properties":{"name":"Holding area - besides Sai Leela","stroke":"#ffff00","stroke-opacity":1,"stroke-width":3,"sourceFolder":"Holding Areas / Holding Area.kmz / Holding Area / Dhule road","source":"Mobility plan Nashik KMZ (NTKMA)","role":"marker","layer":"Holding areas"},"geometry":{"type":"Point","coordinates":[73.8326173915568,19.99968865292898]}},{"type":"Feature","properties":{"name":"Holding area -Pomegranate parking","stroke":"#ffff00","stroke-opacity":1,"stroke-width":3,"sourceFolder":"Holding Areas / Holding Area.kmz / Holding Area / Dhule road","source":"Mobility plan Nashik KMZ (NTKMA)","role":"area","layer":"Holding areas"},"geometry":{"type":"Polygon","coordinates":[[[73.83169255440825,20.00572629968689],[73.83161111622475,20.0048088796182],[73.83270561748763,20.00479611806119],[73.83417962630283,20.00482166756135],[73.8350039025552,20.00481846622595],[73.83567057108911,20.00480248792433],[73.83567058478758,20.00443959747795],[73.83671911812529,20.00451060457536],[73.83669106772025,20.00482958082808],[73.83627618058662,20.00482012071111],[73.83627876108528,20.00533214773884],[73.83526457348508,20.00534189931317],[73.83457328653711,20.00530620472512],[73.83453910945306,20.00574269358406],[73.83236857149257,20.00565982929904],[73.83192909924999,20.00566272868287],[73.8319267203854,20.00570045756226],[73.83169255440825,20.00572629968689]]]}},{"type":"Feature","properties":{"name":"Holding area -Pomegranate parking","stroke":"#ffff00","stroke-opacity":1,"stroke-width":3,"sourceFolder":"Holding Areas / Holding Area.kmz / Holding Area / Dhule road","source":"Mobility plan Nashik KMZ (NTKMA)","role":"marker","layer":"Holding areas"},"geometry":{"type":"Point","coordinates":[73.83415516752135,20.00515811573682]}},{"type":"Feature","properties":{"name":"Anand College - Manur","stroke":"#ffff00","stroke-opacity":1,"stroke-width":4,"fill":"#5500ff","fill-opacity":0.4,"sourceFolder":"Holding Areas / Holding Area.kmz / Holding Area / Ch. Sambhajinagar road","source":"Mobility plan Nashik KMZ (NTKMA)","role":"area","layer":"Holding areas"},"geometry":{"type":"Polygon","coordinates":[[[73.84979217056475,19.99600528074499],[73.84972474275564,19.99588505706494],[73.84967664293335,19.99579150427085],[73.84972521811164,19.99567532939425],[73.8515995707205,19.9957331251915],[73.85159372498985,19.99604585224914],[73.84979217056475,19.99600528074499]]]}},{"type":"Feature","properties":{"name":"Anand College - Manur","stroke":"#ffff00","stroke-opacity":1,"stroke-width":4,"fill":"#5500ff","fill-opacity":0.4,"sourceFolder":"Holding Areas / Holding Area.kmz / Holding Area / Ch. Sambhajinagar road","source":"Mobility plan Nashik KMZ (NTKMA)","role":"marker","layer":"Holding areas"},"geometry":{"type":"Point","coordinates":[73.85027203437721,19.995877347094382]}},{"type":"Feature","properties":{"name":"S. no. 14 Manur (Opp. Mahadeo Ceramic) - Staging / Holding area","stroke":"#ffff00","stroke-opacity":1,"stroke-width":3,"fill":"#0000ff","fill-opacity":0.4,"sourceFolder":"Holding Areas / Holding Area.kmz / Holding Area / Ch. Sambhajinagar road","source":"Mobility plan Nashik KMZ (NTKMA)","role":"area","layer":"Holding areas"},"geometry":{"type":"Polygon","coordinates":[[[73.84811015576295,19.99754938690975],[73.84814295423693,19.99671541835708],[73.84736188194839,19.99660755330145],[73.8474685708401,19.9955335626086],[73.84771534108117,19.99556098836898],[73.84780556404912,19.99519622745826],[73.84802786454743,19.99522346311462],[73.84798234320104,19.99572165843812],[73.8482179077817,19.99571301439748],[73.84822293098959,19.99539708688553],[73.84864845985777,19.99541285988547],[73.84866031077753,19.99530657376097],[73.84896406267029,19.99529384670025],[73.84898295961217,19.99594196807933],[73.84907226664471,19.9964731507096],[73.84889039248542,19.99654107774715],[73.84894621198441,19.9966918271223],[73.84918342913862,19.99665081289228],[73.84920147757487,19.99716030266699],[73.84930260379402,19.99716451114652],[73.84934821747945,19.99765460512585],[73.84811015576295,19.99754938690975]]]}},{"type":"Feature","properties":{"name":"S. no. 14 Manur (Opp. Mahadeo Ceramic) - Staging / Holding area","stroke":"#ffff00","stroke-opacity":1,"stroke-width":3,"fill":"#0000ff","fill-opacity":0.4,"sourceFolder":"Holding Areas / Holding Area.kmz / Holding Area / Ch. Sambhajinagar road","source":"Mobility plan Nashik KMZ (NTKMA)","role":"marker","layer":"Holding areas"},"geometry":{"type":"Point","coordinates":[73.84847118464639,19.99622996739029]}},{"type":"Feature","properties":{"name":"Nandurgaon NMC school no. 34-80","stroke":"#ffff00","stroke-opacity":1,"stroke-width":3,"fill":"#0000ff","fill-opacity":0.4,"sourceFolder":"Holding Areas / Holding Area.kmz / Holding Area / Ch. Sambhajinagar road","source":"Mobility plan Nashik KMZ (NTKMA)","role":"area","layer":"Holding areas"},"geometry":{"type":"Polygon","coordinates":[[[73.84415206282642,19.99246126557302],[73.84393897726983,19.9922872400285],[73.84409639461974,19.99176162220584],[73.84445958533342,19.99176864627274],[73.84448514099617,19.99186191135279],[73.84426844815924,19.99219176590179],[73.84415206282642,19.99246126557302]]]}},{"type":"Feature","properties":{"name":"Nandurgaon NMC school no. 34-80","stroke":"#ffff00","stroke-opacity":1,"stroke-width":3,"fill":"#0000ff","fill-opacity":0.4,"sourceFolder":"Holding Areas / Holding Area.kmz / Holding Area / Ch. Sambhajinagar road","source":"Mobility plan Nashik KMZ (NTKMA)","role":"marker","layer":"Holding areas"},"geometry":{"type":"Point","coordinates":[73.84422181029018,19.99211338812967]}},{"type":"Feature","properties":{"name":"Jail road Water tank - Hold nrelease point","stroke":"#ffff00","stroke-opacity":1,"stroke-width":4,"sourceFolder":"Holding Areas / Holding Area.kmz / Holding Area / Pune road","source":"Mobility plan Nashik KMZ (NTKMA)","role":"area","layer":"Holding areas"},"geometry":{"type":"Polygon","coordinates":[[[73.83817696339933,19.96995847412855],[73.83786087614018,19.96992233971514],[73.8375594820684,19.96989128281266],[73.837459584222,19.96989128178534],[73.83747187953891,19.96982286310132],[73.83761199375178,19.96982286456327],[73.83817087427252,19.96987940872547],[73.83842599506656,19.96991425085148],[73.8384249372423,19.97000842807048],[73.83817696339933,19.96995847412855]]]}},{"type":"Feature","properties":{"name":"Jail road Water tank - Hold nrelease point","stroke":"#ffff00","stroke-opacity":1,"stroke-width":4,"sourceFolder":"Holding Areas / Holding Area.kmz / Holding Area / Pune road","source":"Mobility plan Nashik KMZ (NTKMA)","role":"marker","layer":"Holding areas"},"geometry":{"type":"Point","coordinates":[73.83793395491013,19.969906966788226]}},{"type":"Feature","properties":{"name":"Shivajinagar - Hold n release point","stroke":"#ffff00","stroke-opacity":1,"stroke-width":4,"sourceFolder":"Holding Areas / Holding Area.kmz / Holding Area / Pune road","source":"Mobility plan Nashik KMZ (NTKMA)","role":"area","layer":"Holding areas"},"geometry":{"type":"Polygon","coordinates":[[[73.8409175115062,19.97425622388384],[73.84087838014906,19.97407922663514],[73.84077298330595,19.97357859152571],[73.84076322288662,19.97350944933114],[73.84086916067082,19.97348807780513],[73.84088569236954,19.9735602800871],[73.84098839625699,19.97409968325087],[73.84105548937954,19.97440763833523],[73.84094470724074,19.97442523560882],[73.8409175115062,19.97425622388384]]]}},{"type":"Feature","properties":{"name":"Shivajinagar - Hold n release point","stroke":"#ffff00","stroke-opacity":1,"stroke-width":4,"sourceFolder":"Holding Areas / Holding Area.kmz / Holding Area / Pune road","source":"Mobility plan Nashik KMZ (NTKMA)","role":"marker","layer":"Holding areas"},"geometry":{"type":"Point","coordinates":[73.84089930552716,19.973966063034688]}},{"type":"Feature","properties":{"name":"Narayan Bapu Nagar - Hold n release point","stroke":"#ffff00","stroke-opacity":1,"stroke-width":4,"sourceFolder":"Holding Areas / Holding Area.kmz / Holding Area / Pune road","source":"Mobility plan Nashik KMZ (NTKMA)","role":"area","layer":"Holding areas"},"geometry":{"type":"Polygon","coordinates":[[[73.84215703510417,19.97830134777843],[73.84209200073923,19.97812770039684],[73.84203159416624,19.97790999736859],[73.84195385245957,19.97767913902723],[73.84189185362402,19.97749782025621],[73.84198115930478,19.97746142283684],[73.84204023865625,19.97761438713849],[73.8421395079253,19.97790326656934],[73.84232667397659,19.97840593263279],[73.84220176007167,19.97845917115075],[73.84215703510417,19.97830134777843]]]}},{"type":"Feature","properties":{"name":"Narayan Bapu Nagar - Hold n release point","stroke":"#ffff00","stroke-opacity":1,"stroke-width":4,"sourceFolder":"Holding Areas / Holding Area.kmz / Holding Area / Pune road","source":"Mobility plan Nashik KMZ (NTKMA)","role":"marker","layer":"Holding areas"},"geometry":{"type":"Point","coordinates":[73.84208842828473,19.977969230266723]}},{"type":"Feature","properties":{"name":"Adhav Petrol pump - Hold n Release point","stroke":"#ffff00","stroke-opacity":1,"stroke-width":4,"sourceFolder":"Holding Areas / Holding Area.kmz / Holding Area / Pune road","source":"Mobility plan Nashik KMZ (NTKMA)","role":"area","layer":"Holding areas"},"geometry":{"type":"Polygon","coordinates":[[[73.84448672302456,19.98284413096322],[73.84440413257788,19.98261127605797],[73.8443323739041,19.98240259733366],[73.84426117955284,19.98218616961867],[73.84421634348215,19.98208344746277],[73.8441718876203,19.98199740624181],[73.84427372677926,19.98195696640378],[73.84431341920285,19.98205776777009],[73.84435268335176,19.98214811075996],[73.84440277893133,19.98233006879866],[73.84443662736308,19.982428046058],[73.8444921388714,19.9825934620829],[73.84455848213031,19.98281868236659],[73.84448672302456,19.98284413096322]]]}},{"type":"Feature","properties":{"name":"Adhav Petrol pump - Hold n Release point","stroke":"#ffff00","stroke-opacity":1,"stroke-width":4,"sourceFolder":"Holding Areas / Holding Area.kmz / Holding Area / Pune road","source":"Mobility plan Nashik KMZ (NTKMA)","role":"marker","layer":"Holding areas"},"geometry":{"type":"Point","coordinates":[73.84437065855832,19.982378733062948]}},{"type":"Feature","properties":{"name":"St. Philomena school","stroke":"#ffff00","stroke-opacity":1,"stroke-width":3,"fill":"#0000ff","fill-opacity":0.4,"sourceFolder":"Holding Areas / Holding Area.kmz / Holding Area / Pune road","source":"Mobility plan Nashik KMZ (NTKMA)","role":"area","layer":"Holding areas"},"geometry":{"type":"Polygon","coordinates":[[[73.8389275926946,19.96177596150483],[73.83761156616086,19.9616979141805],[73.83759471849747,19.96111796542987],[73.83809188206975,19.96109656527352],[73.838077867828,19.96058545986235],[73.83850076156868,19.96063751403512],[73.83848876120143,19.96045254708643],[73.83880377520462,19.96051448482976],[73.8388483895759,19.96108749655871],[73.8389275926946,19.96177596150483]]]}},{"type":"Feature","properties":{"name":"St. Philomena school","stroke":"#ffff00","stroke-opacity":1,"stroke-width":3,"fill":"#0000ff","fill-opacity":0.4,"sourceFolder":"Holding Areas / Holding Area.kmz / Holding Area / Pune road","source":"Mobility plan Nashik KMZ (NTKMA)","role":"marker","layer":"Holding areas"},"geometry":{"type":"Point","coordinates":[73.8383872907496,19.96107418702659]}},{"type":"Feature","properties":{"name":"Ground opposite MSRTC Bus depot no. 3","stroke":"#ffff00","stroke-opacity":1,"stroke-width":3,"sourceFolder":"Holding Areas / Holding Area.kmz / Holding Area / Pune road","source":"Mobility plan Nashik KMZ (NTKMA)","role":"area","layer":"Holding areas"},"geometry":{"type":"Polygon","coordinates":[[[73.83302233577065,19.95024165023455],[73.83388121526694,19.95010156068742],[73.83386863622988,19.951167354147],[73.83293242825808,19.95113031067901],[73.83302233577065,19.95024165023455]]]}},{"type":"Feature","properties":{"name":"Ground opposite MSRTC Bus depot no. 3","stroke":"#ffff00","stroke-opacity":1,"stroke-width":3,"sourceFolder":"Holding Areas / Holding Area.kmz / Holding Area / Pune road","source":"Mobility plan Nashik KMZ (NTKMA)","role":"marker","layer":"Holding areas"},"geometry":{"type":"Point","coordinates":[73.83334539025924,19.9505765051965]}},{"type":"Feature","properties":{"name":"MALDHKKA HOLDING AREA","stroke":"#ffff00","stroke-opacity":1,"stroke-width":5,"fill":"#0000ff","fill-opacity":0.4,"sourceFolder":"Holding Areas / Holding Area.kmz / Holding Area / Pune road","source":"Mobility plan Nashik KMZ (NTKMA)","role":"area","layer":"Holding areas"},"geometry":{"type":"Polygon","coordinates":[[[73.84136562188043,19.94472285372607],[73.84065312657843,19.94402892639776],[73.84034679592303,19.94358463878416],[73.84025853744086,19.94337628659432],[73.84023921797878,19.94322711011246],[73.84010986200452,19.94282355282813],[73.8400065699954,19.94245132834543],[73.83986165741608,19.94188713454795],[73.83973247717536,19.94139589876195],[73.83960160970463,19.94090752883431],[73.83952186828289,19.94046457710071],[73.83973558017782,19.94033200279614],[73.83992552306967,19.94019190730516],[73.84042388033173,19.93990585912193],[73.84140128673813,19.94464755871374],[73.84136562188043,19.94472285372607]]]}},{"type":"Feature","properties":{"name":"MALDHKKA HOLDING AREA","stroke":"#ffff00","stroke-opacity":1,"stroke-width":5,"fill":"#0000ff","fill-opacity":0.4,"sourceFolder":"Holding Areas / Holding Area.kmz / Holding Area / Pune road","source":"Mobility plan Nashik KMZ (NTKMA)","role":"marker","layer":"Holding areas"},"geometry":{"type":"Point","coordinates":[73.84028432728614,19.94241687610602]}},{"type":"Feature","properties":{"name":"NMC school Panchak","stroke":"#ffff00","stroke-opacity":1,"stroke-width":3,"fill":"#ffffff","fill-opacity":0.502,"sourceFolder":"Holding Areas / Holding Area.kmz / Holding Area / Pune road","source":"Mobility plan Nashik KMZ (NTKMA)","role":"area","layer":"Holding areas"},"geometry":{"type":"Polygon","coordinates":[[[73.84896606269328,19.98538462730921],[73.84985625633142,19.9855389913694],[73.85010880220544,19.98558991790716],[73.84975149774246,19.98611296376318],[73.84931919997142,19.98602302463109],[73.84887850922082,19.98582033276409],[73.84896606269328,19.98538462730921]]]}},{"type":"Feature","properties":{"name":"NMC school Panchak","stroke":"#ffff00","stroke-opacity":1,"stroke-width":3,"fill":"#ffffff","fill-opacity":0.502,"sourceFolder":"Holding Areas / Holding Area.kmz / Holding Area / Pune road","source":"Mobility plan Nashik KMZ (NTKMA)","role":"marker","layer":"Holding areas"},"geometry":{"type":"Point","coordinates":[73.84940662726545,19.985693497864762]}},{"type":"Feature","properties":{"name":"K. N. Kela school","stroke":"#ffff00","stroke-opacity":1,"stroke-width":3,"fill":"#0000ff","fill-opacity":0.4,"sourceFolder":"Holding Areas / Holding Area.kmz / Holding Area / Pune road","source":"Mobility plan Nashik KMZ (NTKMA)","role":"area","layer":"Holding areas"},"geometry":{"type":"Polygon","coordinates":[[[73.83965705974263,19.96551879593301],[73.84051855230267,19.96546916778833],[73.84053104387135,19.96546157275727],[73.84057924586898,19.96634252617385],[73.8398095424043,19.96666996274206],[73.83965705974263,19.96551879593301]]]}},{"type":"Feature","properties":{"name":"K. N. Kela school","stroke":"#ffff00","stroke-opacity":1,"stroke-width":3,"fill":"#0000ff","fill-opacity":0.4,"sourceFolder":"Holding Areas / Holding Area.kmz / Holding Area / Pune road","source":"Mobility plan Nashik KMZ (NTKMA)","role":"marker","layer":"Holding areas"},"geometry":{"type":"Point","coordinates":[73.8401254173221,19.96583013688792]}},{"type":"Feature","properties":{"name":"Untitled Polygon","stroke":"#ffff00","stroke-opacity":1,"stroke-width":5,"fill":"#ffffff","fill-opacity":0.502,"sourceFolder":"Holding Areas / Holding Area.kmz / Holding Area / Pune road","source":"Mobility plan Nashik KMZ (NTKMA)","role":"area","layer":"Holding areas"},"geometry":{"type":"Polygon","coordinates":[[[73.83956046671963,19.94073632875732],[73.83959289938304,19.94092067275928],[73.83974107760702,19.94144840831096],[73.84005373069151,19.9426973574884],[73.8402228367755,19.94322644285698],[73.84027243535584,19.94341793262835],[73.84044026374362,19.94375100075293],[73.84078310197714,19.94419594779886],[73.84050765114331,19.94457361677377],[73.84035758334846,19.94456946880946],[73.83971893769066,19.94469399033738],[73.83941923893167,19.94444137329661],[73.83881780096542,19.94385290935492],[73.83814052542411,19.94313705436933],[73.83702748573853,19.94198557146812],[73.83956046671963,19.94073632875732]]]}},{"type":"Feature","properties":{"name":"Untitled Polygon","stroke":"#ffff00","stroke-opacity":1,"stroke-width":5,"fill":"#ffffff","fill-opacity":0.502,"sourceFolder":"Holding Areas / Holding Area.kmz / Holding Area / Pune road","source":"Mobility plan Nashik KMZ (NTKMA)","role":"marker","layer":"Holding areas"},"geometry":{"type":"Point","coordinates":[73.83963853138845,19.943024025282504]}},{"type":"Feature","properties":{"name":"Wadala naka - Hold n release point","stroke":"#ffff00","stroke-opacity":1,"stroke-width":4,"sourceFolder":"Holding Areas / Holding Area.kmz / Holding Area / Mumbai road","source":"Mobility plan Nashik KMZ (NTKMA)","role":"area","layer":"Holding areas"},"geometry":{"type":"Polygon","coordinates":[[[73.79339562900334,19.99196478212387],[73.79334523072373,19.99204812911236],[73.792493026996,19.99159453468726],[73.79254793554563,19.99153379490852],[73.79339562900334,19.99196478212387]]]}},{"type":"Feature","properties":{"name":"Wadala naka - Hold n release point","stroke":"#ffff00","stroke-opacity":1,"stroke-width":4,"sourceFolder":"Holding Areas / Holding Area.kmz / Holding Area / Mumbai road","source":"Mobility plan Nashik KMZ (NTKMA)","role":"marker","layer":"Holding areas"},"geometry":{"type":"Point","coordinates":[73.79303549025441,19.991821204591176]}},{"type":"Feature","properties":{"name":"Dwarka chowk","stroke":"#ffff00","stroke-opacity":0.941,"stroke-width":4,"fill":"#0000ff","fill-opacity":0.502,"sourceFolder":"Holding Areas / Holding Area.kmz / Holding Area / Mumbai road","source":"Mobility plan Nashik KMZ (NTKMA)","role":"area","layer":"Holding areas"},"geometry":{"type":"Polygon","coordinates":[[[73.79642191070178,19.99372984427399],[73.79649071039384,19.99361809855264],[73.79733525691084,19.99406805584124],[73.79727549744892,19.99418566351422],[73.79642191070178,19.99372984427399]]]}},{"type":"Feature","properties":{"name":"Dwarka chowk","stroke":"#ffff00","stroke-opacity":0.941,"stroke-width":4,"fill":"#0000ff","fill-opacity":0.502,"sourceFolder":"Holding Areas / Holding Area.kmz / Holding Area / Mumbai road","source":"Mobility plan Nashik KMZ (NTKMA)","role":"marker","layer":"Holding areas"},"geometry":{"type":"Point","coordinates":[73.79678905723144,19.993866301291213]}},{"type":"Feature","properties":{"name":"","stroke":"#ffff00","stroke-opacity":0.941,"stroke-width":4,"fill":"#0000ff","fill-opacity":0.502,"sourceFolder":"Holding Areas / Holding Area.kmz / Holding Area / Mumbai road","source":"Mobility plan Nashik KMZ (NTKMA)","role":"area","layer":"Holding areas"},"geometry":{"type":"Polygon","coordinates":[[[73.80218716384482,19.99719366580452],[73.80204916737296,19.99703451740793],[73.80187980844978,19.99687340412516],[73.8017397216044,19.99673783297549],[73.80180244716091,19.99668085393079],[73.80188189937753,19.99674569236636],[73.80206171244456,19.9969087704877],[73.80230216084456,19.99715829934659],[73.80245479420408,19.99736263813722],[73.80236070564413,19.99741568786552],[73.80218716384482,19.99719366580452]]]}},{"type":"Feature","properties":{"name":"","stroke":"#ffff00","stroke-opacity":0.941,"stroke-width":4,"fill":"#0000ff","fill-opacity":0.502,"sourceFolder":"Holding Areas / Holding Area.kmz / Holding Area / Mumbai road","source":"Mobility plan Nashik KMZ (NTKMA)","role":"marker","layer":"Holding areas"},"geometry":{"type":"Point","coordinates":[73.80208243134477,19.997027729841076]}},{"type":"Feature","properties":{"name":"Open ground near Maharashtra Darbar","stroke":"#ffff00","stroke-opacity":1,"stroke-width":4,"sourceFolder":"Holding Areas / Holding Area.kmz / Holding Area / Trimbakeshwar road","source":"Mobility plan Nashik KMZ (NTKMA)","role":"area","layer":"Holding areas"},"geometry":{"type":"Polygon","coordinates":[[[73.79637043286131,19.99530597465919],[73.79674082426887,19.99482731142497],[73.7973291921922,19.99515048363212],[73.79695821309255,19.99564869456892],[73.79637043286131,19.99530597465919]]]}},{"type":"Feature","properties":{"name":"Open ground near Maharashtra Darbar","stroke":"#ffff00","stroke-opacity":1,"stroke-width":4,"sourceFolder":"Holding Areas / Holding Area.kmz / Holding Area / Trimbakeshwar road","source":"Mobility plan Nashik KMZ (NTKMA)","role":"marker","layer":"Holding areas"},"geometry":{"type":"Point","coordinates":[73.79675381905524,19.995247687788876]}},{"type":"Feature","properties":{"name":"Holding area","stroke":"#ffff00","stroke-opacity":1,"stroke-width":4,"sourceFolder":"Holding Areas / Holding Area.kmz / Holding Area / Trimbakeshwar road","source":"Mobility plan Nashik KMZ (NTKMA)","role":"area","layer":"Holding areas"},"geometry":{"type":"Polygon","coordinates":[[[73.8007358857335,19.9969922324439],[73.80098997358996,19.99692552621276],[73.80157883865316,19.99750158710653],[73.80103154560568,19.99759953512365],[73.8007358857335,19.9969922324439]]]}},{"type":"Feature","properties":{"name":"Holding area","stroke":"#ffff00","stroke-opacity":1,"stroke-width":4,"sourceFolder":"Holding Areas / Holding Area.kmz / Holding Area / Trimbakeshwar road","source":"Mobility plan Nashik KMZ (NTKMA)","role":"marker","layer":"Holding areas"},"geometry":{"type":"Point","coordinates":[73.80101442586316,19.99720222266615]}},{"type":"Feature","properties":{"name":"Holding area","stroke":"#ffff00","stroke-opacity":1,"stroke-width":4,"sourceFolder":"Holding Areas / Holding Area.kmz / Holding Area / Trimbakeshwar road","source":"Mobility plan Nashik KMZ (NTKMA)","role":"area","layer":"Holding areas"},"geometry":{"type":"Polygon","coordinates":[[[73.7988916468751,19.99811936238053],[73.7987963377463,19.99782036781268],[73.79913816442797,19.99778283300224],[73.799204914833,19.99804009309699],[73.7988916468751,19.99811936238053]]]}},{"type":"Feature","properties":{"name":"Holding area","stroke":"#ffff00","stroke-opacity":1,"stroke-width":4,"sourceFolder":"Holding Areas / Holding Area.kmz / Holding Area / Trimbakeshwar road","source":"Mobility plan Nashik KMZ (NTKMA)","role":"marker","layer":"Holding areas"},"geometry":{"type":"Point","coordinates":[73.7989845421515,19.997976403734594]}},{"type":"Feature","properties":{"name":"BD Bhalekar Holding Area","stroke":"#ffff00","stroke-opacity":1,"stroke-width":5,"fill":"#ffffff","fill-opacity":0.502,"sourceFolder":"Holding Areas / Holding Area.kmz / Holding Area / Trimbakeshwar road","source":"Mobility plan Nashik KMZ (NTKMA)","role":"area","layer":"Holding areas"},"geometry":{"type":"Polygon","coordinates":[[[73.7844269457508,19.99968680363795],[73.78418959370237,19.99813668748462],[73.78497281301912,19.99838832466752],[73.78506548785339,19.99976226932293],[73.7844269457508,19.99968680363795]]]}},{"type":"Feature","properties":{"name":"BD Bhalekar Holding Area","stroke":"#ffff00","stroke-opacity":1,"stroke-width":5,"fill":"#ffffff","fill-opacity":0.502,"sourceFolder":"Holding Areas / Holding Area.kmz / Holding Area / Trimbakeshwar road","source":"Mobility plan Nashik KMZ (NTKMA)","role":"marker","layer":"Holding areas"},"geometry":{"type":"Point","coordinates":[73.7846163572153,19.99913217775019]}},{"type":"Feature","properties":{"name":"Yashwant Gymkhana","stroke":"#ffff00","stroke-opacity":1,"stroke-width":4,"sourceFolder":"Holding Areas / Holding Area.kmz / Holding Area / Trimbakeshwar road","source":"Mobility plan Nashik KMZ (NTKMA)","role":"area","layer":"Holding areas"},"geometry":{"type":"Polygon","coordinates":[[[73.78609393665445,20.00407722297083],[73.78599646918308,20.00377879500729],[73.785907159132,20.00341516638679],[73.78657256542049,20.00324981879973],[73.7866101047903,20.00331243433796],[73.78665569312538,20.00342301791278],[73.78672245459764,20.00362689039303],[73.78676059964808,20.00384813797404],[73.78682072796494,20.00402902265864],[73.78681598440052,20.00412128524206],[73.78667457236824,20.00417761367878],[73.7864837183799,20.00422751208092],[73.78617669444023,20.00428525081795],[73.78609393665445,20.00407722297083]]]}},{"type":"Feature","properties":{"name":"Yashwant Gymkhana","stroke":"#ffff00","stroke-opacity":1,"stroke-width":4,"sourceFolder":"Holding Areas / Holding Area.kmz / Holding Area / Trimbakeshwar road","source":"Mobility plan Nashik KMZ (NTKMA)","role":"marker","layer":"Holding areas"},"geometry":{"type":"Point","coordinates":[73.78645604405426,20.003832099373685]}},{"type":"Feature","properties":{"name":"Shalimar holding area","stroke":"#ffff00","stroke-opacity":1,"stroke-width":4,"sourceFolder":"Holding Areas / Holding Area.kmz / Holding Area / Trimbakeshwar road","source":"Mobility plan Nashik KMZ (NTKMA)","role":"area","layer":"Holding areas"},"geometry":{"type":"Polygon","coordinates":[[[73.7858979917656,20.0008187730339],[73.78611844640578,20.00065881377642],[73.78628834354795,20.00053028305348],[73.78634261861865,20.00046846657632],[73.78636436433274,20.00043402467431],[73.78639020628297,20.00037913031728],[73.78640322555692,20.00027740180123],[73.78640503730713,20.00008758345715],[73.78637993573719,19.99985432544376],[73.78648093664744,19.99984813950738],[73.78650941752798,20.00007587398135],[73.7865173273991,20.00023282014617],[73.78651676413826,20.00034460948422],[73.78649330251481,20.00040907916435],[73.7864505526462,20.00049117989499],[73.78641085319244,20.00054971918325],[73.78624434083693,20.00070211246749],[73.7859686994143,20.00089780232402],[73.7858979917656,20.0008187730339]]]}},{"type":"Feature","properties":{"name":"Shalimar holding area","stroke":"#ffff00","stroke-opacity":1,"stroke-width":4,"sourceFolder":"Holding Areas / Holding Area.kmz / Holding Area / Trimbakeshwar road","source":"Mobility plan Nashik KMZ (NTKMA)","role":"marker","layer":"Holding areas"},"geometry":{"type":"Point","coordinates":[73.78632001871777,20.00041467954321]}},{"type":"Feature","properties":{"name":"mari mata mandir holding area","stroke":"#ffff00","stroke-opacity":1,"stroke-width":4,"fill":"#ffff00","fill-opacity":0.502,"sourceFolder":"Holding Areas / Holding Area.kmz / Holding Area / Gangapur road and Peth road","source":"Mobility plan Nashik KMZ (NTKMA)","role":"area","layer":"Holding areas"},"geometry":{"type":"Polygon","coordinates":[[[73.71674786543646,20.0310629597697],[73.7164879663103,20.02983349849607],[73.71747384067794,20.02986298583681],[73.71751031878387,20.03082215735455],[73.71752205717961,20.03108543683124],[73.71674786543646,20.0310629597697]]]}},{"type":"Feature","properties":{"name":"mari mata mandir holding area","stroke":"#ffff00","stroke-opacity":1,"stroke-width":4,"fill":"#ffff00","fill-opacity":0.502,"sourceFolder":"Holding Areas / Holding Area.kmz / Holding Area / Gangapur road and Peth road","source":"Mobility plan Nashik KMZ (NTKMA)","role":"marker","layer":"Holding areas"},"geometry":{"type":"Point","coordinates":[73.7170816523041,20.030621666343013]}},{"type":"Feature","properties":{"name":"holding area - RK","stroke":"#ffff00","stroke-opacity":1,"stroke-width":4,"fill":"#ffff00","fill-opacity":0.251,"sourceFolder":"Holding Areas / Holding Area.kmz / Holding Area / Gangapur road and Peth road","source":"Mobility plan Nashik KMZ (NTKMA)","role":"area","layer":"Holding areas"},"geometry":{"type":"Polygon","coordinates":[[[73.78876527735783,20.00693188479239],[73.78863108476837,20.0062559011152],[73.78867996168222,20.00629588400233],[73.78907585019705,20.00660155593385],[73.7891086654859,20.00669602862068],[73.78919006229118,20.0068626566677],[73.78876527735783,20.00693188479239]]]}},{"type":"Feature","properties":{"name":"holding area - RK","stroke":"#ffff00","stroke-opacity":1,"stroke-width":4,"fill":"#ffff00","fill-opacity":0.251,"sourceFolder":"Holding Areas / Holding Area.kmz / Holding Area / Gangapur road and Peth road","source":"Mobility plan Nashik KMZ (NTKMA)","role":"marker","layer":"Holding areas"},"geometry":{"type":"Point","coordinates":[73.78888802559149,20.006653685132076]}},{"type":"Feature","properties":{"name":"Holding Point - Ashok Stambh","stroke":"#ffff00","stroke-opacity":1,"stroke-width":4,"fill":"#ffff00","fill-opacity":0.251,"sourceFolder":"Holding Areas / Holding Area.kmz / Holding Area / Gangapur road and Peth road","source":"Mobility plan Nashik KMZ (NTKMA)","role":"area","layer":"Holding areas"},"geometry":{"type":"Polygon","coordinates":[[[73.78450949520605,20.00697353081648],[73.78443306337832,20.00706310702256],[73.78433650306248,20.00707909499105],[73.78398860743219,20.00703992739173],[73.78380664028312,20.00699751871942],[73.78382893325649,20.00699743496572],[73.78350719889892,20.00689366676177],[73.7835531918007,20.00677164436645],[73.78386835588245,20.00686516427429],[73.78400909692976,20.00690316279568],[73.7841251251196,20.00689677714983],[73.78431890763822,20.0069253041194],[73.78450904022861,20.00693587698067],[73.78450949520605,20.00697353081648]]]}},{"type":"Feature","properties":{"name":"Holding Point - Ashok Stambh","stroke":"#ffff00","stroke-opacity":1,"stroke-width":4,"fill":"#ffff00","fill-opacity":0.251,"sourceFolder":"Holding Areas / Holding Area.kmz / Holding Area / Gangapur road and Peth road","source":"Mobility plan Nashik KMZ (NTKMA)","role":"marker","layer":"Holding areas"},"geometry":{"type":"Point","coordinates":[73.78409311816593,20.006951124369397]}},{"type":"Feature","properties":{"name":"Holding area near KTHM College","stroke":"#ffff00","stroke-opacity":1,"stroke-width":4,"fill":"#ffff00","fill-opacity":0.251,"sourceFolder":"Holding Areas / Holding Area.kmz / Holding Area / Gangapur road and Peth road","source":"Mobility plan Nashik KMZ (NTKMA)","role":"area","layer":"Holding areas"},"geometry":{"type":"Polygon","coordinates":[[[73.77886022228108,20.00616081534674],[73.77985217222248,20.00615963552262],[73.78035705985893,20.00619686207934],[73.78060795911382,20.0062062639165],[73.78061222927087,20.00667525204017],[73.7806209059391,20.00699767928883],[73.78015182777413,20.00697756486943],[73.77970966258276,20.00696477045274],[73.77941311806595,20.00691557329079],[73.77956414176514,20.00670727786489],[73.77885592200751,20.0063042458352],[73.77886022228108,20.00616081534674]]]}},{"type":"Feature","properties":{"name":"Holding area near KTHM College","stroke":"#ffff00","stroke-opacity":1,"stroke-width":4,"fill":"#ffff00","fill-opacity":0.251,"sourceFolder":"Holding Areas / Holding Area.kmz / Holding Area / Gangapur road and Peth road","source":"Mobility plan Nashik KMZ (NTKMA)","role":"marker","layer":"Holding areas"},"geometry":{"type":"Point","coordinates":[73.77978878693024,20.00653556298783]}},{"type":"Feature","properties":{"name":"Holding area - Private ownership (Owner - Kokani)","stroke":"#ffff00","stroke-opacity":1,"stroke-width":3,"fill":"#5500ff","fill-opacity":0.4,"sourceFolder":"Holding Areas / Holding Area.kmz / Holding Area / Deolali station road","source":"Mobility plan Nashik KMZ (NTKMA)","role":"area","layer":"Holding areas"},"geometry":{"type":"Polygon","coordinates":[[[73.81640087076882,19.97818893583843],[73.81718156655256,19.97817284188023],[73.81751715441287,19.97816681657881],[73.81757925823015,19.97823748065003],[73.81764916448229,19.97843777434778],[73.81764409913302,19.97842938260453],[73.81759570662756,19.97915347422737],[73.81648200502757,19.97925068293851],[73.81640087076882,19.97818893583843]]]}},{"type":"Feature","properties":{"name":"Holding area - Private ownership (Owner - Kokani)","stroke":"#ffff00","stroke-opacity":1,"stroke-width":3,"fill":"#5500ff","fill-opacity":0.4,"sourceFolder":"Holding Areas / Holding Area.kmz / Holding Area / Deolali station road","source":"Mobility plan Nashik KMZ (NTKMA)","role":"marker","layer":"Holding areas"},"geometry":{"type":"Point","coordinates":[73.81716118844484,19.978469591656008]}},{"type":"Feature","properties":{"name":"Holding Area trimbak 1","stroke":"#ffff00","stroke-opacity":1,"stroke-width":4,"fill":"#00ffff","fill-opacity":0.502,"sourceFolder":"Holding Areas","source":"Mobility plan Nashik KMZ (NTKMA)","role":"area","layer":"Holding areas"},"geometry":{"type":"Polygon","coordinates":[[[73.54879671055446,19.94707927638201],[73.54959398969025,19.94590663171208],[73.5496690260164,19.94597716779706],[73.54975344178717,19.94606533775823],[73.54984723735265,19.94610942296725],[73.54992227369803,19.94615350805232],[73.5499597919358,19.94617114207866],[73.54998793057615,19.94617995913144],[73.55003482830459,19.946206410089],[73.55009110565759,19.94623286112843],[73.55015676248202,19.94626812901236],[73.55017552152994,19.94629457980145],[73.55023179880158,19.94633866454234],[73.55026931700576,19.94636511539358],[73.55029745564282,19.94639156617528],[73.55036311254008,19.94642683396046],[73.55044752857918,19.94646210173687],[73.5505131855162,19.94648855251179],[73.55054132422042,19.9464885525348],[73.55059760162285,19.94649736946545],[73.55066325860194,19.94650618637548],[73.55068201774462,19.94650618637335],[73.5507382951606,19.94649736945322],[73.55077581345651,19.94651500326292],[73.55079457259059,19.94651500324738],[73.5508320908935,19.94652382009298],[73.55088836837247,19.94655908765498],[73.55088836842197,19.94660317216961],[73.55090712761564,19.9466384397723],[73.55091650722919,19.94665607355569],[73.55093526645183,19.94670015805303],[73.55095402568388,19.9467266087347],[73.5509915441388,19.94678832700116],[73.55101968307957,19.94685004527866],[73.5510572015195,19.94687649592402],[73.55109471990485,19.94687649584351],[73.55112285871051,19.94686767886926],[73.55118851582624,19.94683241107063],[73.55124479338917,19.94681477708763],[73.55129169141246,19.94681477693254],[73.55133858952479,19.94683241058356],[73.55139486720519,19.9468324103689],[73.55140424666462,19.94679714268867],[73.55139486688333,19.94676187508438],[73.55138548711011,19.94672660747777],[73.5513854869595,19.94669133984022],[73.55138548666814,19.94662080454397],[73.55138548656227,19.94659435380801],[73.55138548635608,19.94654145233189],[73.55138548622274,19.94650618466617],[73.5514042453336,19.94647973384998],[73.55145114314074,19.94643564902566],[73.55145114310656,19.94642683211384],[73.5514980409485,19.94639156416982],[73.55152617971669,19.94636511326084],[73.55155431834676,19.94632984538816],[73.55159183649938,19.94628576051701],[73.5516105956101,19.94625930962667],[73.55163873438417,19.94623285866081],[73.5516574933575,19.94619759075655],[73.55170439136329,19.94617113961822],[73.55172315037775,19.94614468868036],[73.5517606686929,19.94610942057503],[73.55179818705379,19.94608296944674],[73.55183570528247,19.94604770135674],[73.55189198291416,19.94602124999959],[73.55192950143015,19.94602124962913],[73.55195764019408,19.94600361538433],[73.55196701957564,19.94595953054531],[73.55197639906702,19.94591544568713],[73.55197639877528,19.94584490997161],[73.55197639860428,19.94580082516948],[73.55197639844194,19.94575674028157],[73.55197639828833,19.94571265544251],[73.55196701846734,19.94566857062613],[73.55196701838526,19.9456421197021],[73.55195763866057,19.94558921794348],[73.5519576385194,19.94553631604306],[73.551948258721,19.94548341408957],[73.5519388790413,19.94543051224031],[73.5519294993769,19.94537761035838],[73.5519294993019,19.94533352533223],[73.55194825838414,19.94530707392751],[73.55196701755035,19.94526298860784],[73.55201391555349,19.94523653691045],[73.55206081359414,19.94521890219847],[73.55212647093761,19.94521008420227],[73.55215460988268,19.94520126674184],[73.55219212833624,19.94520126615697],[73.5522390264594,19.94516599725255],[73.55229530423907,19.94514836222458],[73.55232344334135,19.94513072764475],[73.5523703414831,19.9451219097643],[73.55239848043144,19.94512190925509],[73.55244537883223,19.94511309133211],[73.55249227707185,19.94511309044087],[73.55382421108165,19.94562444850008],[73.55241725545733,19.94722916605264],[73.55154495061429,19.94808441483337],[73.55134797684656,19.94811968294735],[73.54983784845851,19.94777582038487],[73.54918127496336,19.9473526043918],[73.54879671055446,19.94707927638201]]]}},{"type":"Feature","properties":{"name":"Holding Area trimbak 1","stroke":"#ffff00","stroke-opacity":1,"stroke-width":4,"fill":"#00ffff","fill-opacity":0.502,"sourceFolder":"Holding Areas","source":"Mobility plan Nashik KMZ (NTKMA)","role":"marker","layer":"Holding areas"},"geometry":{"type":"Point","coordinates":[73.55125717736819,19.946228662000205]}},{"type":"Feature","properties":{"name":"MITRA office - Div Comm office","stroke":"#ffff00","stroke-opacity":1,"stroke-width":4,"sourceFolder":"Routes / VIP routes.kmz / VIP routes / VIP 1 : Takli sangam Ghat (VIP) direct movement","source":"Mobility plan Nashik KMZ (NTKMA)","layer":"VIP routes"},"geometry":{"type":"LineString","coordinates":[[73.84093943710754,19.95776283237138],[73.84140221116931,19.9576571376242],[73.841402303122,19.95749738462869],[73.84131636330866,19.95699672849302],[73.84122383657729,19.95652401809824],[73.84110734476072,19.95606976151127],[73.84101159867258,19.95570991748563],[73.84097415098374,19.95551090136898]]}},{"type":"Feature","properties":{"name":"Pune to MITRA office route","stroke":"#f9f900","stroke-opacity":1,"stroke-width":4,"sourceFolder":"Routes / VIP routes.kmz / VIP routes / VIP 1 : Takli sangam Ghat (VIP) direct movement","source":"Mobility plan Nashik KMZ (NTKMA)","layer":"VIP routes"},"geometry":{"type":"LineString","coordinates":[[73.84096958931043,19.95551322031382],[73.84072386809584,19.95463958719029],[73.84060578349504,19.95397889200711],[73.84047917545223,19.95345719072586],[73.84020752164645,19.95302921330652],[73.83979075436176,19.95247816183068],[73.84089326741041,19.95184210055131],[73.84164684544072,19.95141913607392],[73.84247995692097,19.95132526669599],[73.84348696069581,19.95113078799718],[73.84413710802963,19.95099397172184],[73.84464974061547,19.95077772464042],[73.84524980141794,19.95037616773099],[73.84576665701505,19.94964693528899],[73.8461522854153,19.94895308059438],[73.84627108457508,19.94861414027638],[73.84631853021749,19.94824046478182],[73.84653041841078,19.94784024316837],[73.8470929068854,19.94705144360132],[73.84852757168406,19.9458325846863],[73.85115820879305,19.9431302148963],[73.85316692187635,19.94116120515537],[73.85352337600149,19.94075071725769],[73.85482954291614,19.93938851931674],[73.85572435020836,19.9385112493739],[73.8567497113881,19.93767124255036],[73.85880977542966,19.93669267212266],[73.86012186291251,19.93600629234614],[73.86079535622086,19.93534781289392],[73.86179486779545,19.93415774465871],[73.86262350579804,19.93329423652568],[73.86331871774983,19.93253131992207],[73.86396950401537,19.93191650047622],[73.86451949516551,19.9316254687248],[73.86619199988864,19.93075804458131],[73.8676182115592,19.93010899986032],[73.868887128202,19.92951596766648],[73.87002932663914,19.92903828508136],[73.87115304750792,19.9285596099307],[73.87167579469308,19.9283185161875],[73.87409951522778,19.9273061043703],[73.8752892604258,19.9267775073668],[73.8760195397445,19.926376832014],[73.87683212264945,19.92576380084486],[73.87823799866831,19.92454144023893],[73.88180567151707,19.92162283889945],[73.88261261395809,19.92108506398017],[73.88373150179497,19.92052515941483],[73.88462007908892,19.92011488258014],[73.88736123320872,19.91917256437995],[73.88858170489766,19.91863982205069],[73.89118665549742,19.91763257087108],[73.89583350622625,19.91617660842055],[73.89689039524477,19.91586203606969],[73.89768908444015,19.91552456511147],[73.89977742652029,19.91407427201964],[73.90334957316328,19.91168461194217],[73.91288654745037,19.9049604203779],[73.91641463872544,19.90264211872797],[73.91815479292168,19.90133899614266],[73.9225787091682,19.8983601379945]]}},{"type":"Feature","properties":{"name":"MITRA office to Takli Sangam (VIP) ghat","stroke":"#f9f900","stroke-opacity":1,"stroke-width":4,"sourceFolder":"Routes / VIP routes.kmz / VIP routes / VIP 1 : Takli sangam Ghat (VIP) direct movement","source":"Mobility plan Nashik KMZ (NTKMA)","layer":"VIP routes"},"geometry":{"type":"LineString","coordinates":[[73.81519864412077,19.98972090730133],[73.8168717448475,19.98835528398627],[73.817349355607,19.988002889974],[73.81752829906246,19.98594410454535],[73.81757589178383,19.98517915892108],[73.81737053203068,19.98485794908327],[73.81692594224268,19.98483106732542],[73.81623513785954,19.98463944896269],[73.81346426805104,19.98302195044312],[73.81092817358136,19.98142789402128],[73.80771463390822,19.97955375920878],[73.80774899260385,19.97944395258485],[73.80874047056214,19.97847765733611],[73.81000904567831,19.97708901841665],[73.81148496545752,19.97549078393788],[73.81677810038805,19.97041573101329],[73.81820521260204,19.96935841443169],[73.81981561873518,19.96797977523762],[73.82135867444703,19.96667690154845],[73.82202161406978,19.96612302414358],[73.82336582959243,19.96510544097617],[73.82526505203435,19.9636447505632],[73.82776953542638,19.96167756721929],[73.828621423346,19.96101593175078],[73.83029633270789,19.95974364207189],[73.83095872081378,19.95924035418521],[73.8329870193741,19.95763982070757],[73.83439951373462,19.9566207445957],[73.83843974743276,19.95342426253009],[73.83961250633438,19.95259486157984],[73.83989037991459,19.95271504666327],[73.84008640229834,19.9529860906827],[73.84032213427204,19.95330194950118],[73.84045567240521,19.95354376431689],[73.84052334917479,19.95391331120187],[73.84063257262899,19.95451550203988],[73.84068991759888,19.95477936542775],[73.84080137104125,19.95521196472829],[73.84086622433878,19.9554662410889],[73.84088815454426,19.95553470129582]]}},{"type":"Feature","properties":{"name":"VIP route 1 : Rest house to Takli Sangam (VIP) ghat","stroke":"#f9f900","stroke-opacity":1,"stroke-width":4,"sourceFolder":"Routes / VIP routes.kmz / VIP routes / VIP 1 : Takli sangam Ghat (VIP) direct movement","source":"Mobility plan Nashik KMZ (NTKMA)","layer":"VIP routes"},"geometry":{"type":"LineString","coordinates":[[73.77840208726593,19.99337640676108],[73.77814935034566,19.99290986458201],[73.77683910147692,19.99301009790429],[73.77631075293064,19.99290944742452],[73.77569854700002,19.99309306180495],[73.77459476294098,19.99295089769785],[73.77307497254505,19.99270866207923],[73.77228474464162,19.99265013949257],[73.7715352086529,19.99250445302788],[73.77075687313005,19.99250524170921],[73.77046798468791,19.99250816194716],[73.76967895869157,19.99266174366296],[73.76937266082169,19.99276063181554],[73.76926030318029,19.99316896651957],[73.76923938246443,19.9934879181307],[73.76841404080102,19.99331465933999],[73.76822624185954,19.99277846719554],[73.7679697360416,19.99236508549457],[73.76750189339926,19.99223315106361],[73.76700100436774,19.9921007906278],[73.76632993749834,19.99200221351698],[73.76556751098379,19.99189710184751],[73.7651871327599,19.99180083619913],[73.76436610497548,19.99133921489903],[73.76340880147104,19.99083950027134],[73.7636790337088,19.99063676297777],[73.76404068311459,19.99036385535743],[73.76427966507791,19.9902300141968],[73.76454223457824,19.99006893543983],[73.76468407518692,19.98997729301783],[73.7653226817524,19.98979828890701],[73.76554685257646,19.98973165116781],[73.76621898400333,19.98942041729723],[73.76641564454047,19.98933236434758],[73.76675506704835,19.98917175944106],[73.76716808872021,19.98897807490279],[73.76779208172174,19.98864258304209],[73.76824483043436,19.9883867628795],[73.7688287905844,19.98806448694793],[73.76930041109509,19.98776236714883],[73.76999463031851,19.98728002657412],[73.77040532035778,19.98706957344473],[73.77086414566831,19.98682362924951],[73.77178205640473,19.98630234529039],[73.7723161585553,19.98595030000755],[73.77290557198822,19.98554635066902],[73.77362036030635,19.98511877731101],[73.77431338989759,19.98471604212297],[73.77519363594384,19.98356260901379],[73.77572050072686,19.98279421393087],[73.7765630490108,19.98180307142153],[73.77680197348073,19.981527160424],[73.77752833412335,19.98068242545008],[73.77808829492963,19.98037992396636],[73.77889473980791,19.97995754085716],[73.77955049802445,19.97987934410869],[73.78026946505662,19.97961008811051],[73.78092672775189,19.97936832914357],[73.78198210014423,19.97904057575054],[73.78404996096792,19.97846333769046],[73.78551676854526,19.9780444068667],[73.78663221197255,19.97764583134491],[73.7881104230263,19.9771382904935],[73.78859803058286,19.97696764319419],[73.78916396905758,19.97658282853113],[73.78966050357333,19.97606437431946],[73.79007442117202,19.97507558205666],[73.79062372952852,19.9737568170901],[73.79095087702464,19.97342266260171],[73.79136459009318,19.97305117581741],[73.7918504763142,19.97278622878041],[73.79209568040832,19.97272025541547],[73.79339484765669,19.97263991759179],[73.79433456304496,19.97259557812213],[73.79522078701937,19.97248873502164],[73.79618444956392,19.97238818980848],[73.7965820413411,19.97230657720032],[73.79717626134239,19.9720900599679],[73.79748053971107,19.97184088738044],[73.79763434106874,19.97170330735362],[73.7978717775927,19.97130285727813],[73.79801933863499,19.97080176727283],[73.79811754938116,19.97003944744865],[73.79823012486726,19.96923290241626],[73.79840924341305,19.9685700901242],[73.79866195918535,19.96839873103482],[73.79895814407926,19.96834984210543],[73.79987780732199,19.96845643028685],[73.80059386700646,19.96907728057054],[73.80096133600122,19.96945449191186],[73.80128029575748,19.96984120344382],[73.80165773163824,19.97064428288769],[73.80212511874772,19.97209965775041],[73.80244597717343,19.97282790510863],[73.8029944199883,19.97472746273038],[73.80325949238127,19.97531205635656],[73.80397112926487,19.97655294485819],[73.80437808662444,19.97718272882616],[73.80482837054116,19.97755370031006],[73.80577760874152,19.97833776656632],[73.806821650783,19.97908993188917],[73.80775407714192,19.97957852187993],[73.80932045852752,19.98048852872109],[73.81055170216523,19.98120734998718],[73.81098920878497,19.98146302256363],[73.8119009719066,19.98204051095903],[73.81273214089475,19.98256247110477],[73.81334889674935,19.9829477826968],[73.81432823513987,19.98352440573842],[73.81567112138313,19.98430978342762],[73.81623559104273,19.9846365641623],[73.81691865416565,19.98482894206519],[73.81736694866584,19.98485796416325],[73.81757332050739,19.98518127833563],[73.81752941399392,19.98591541018778],[73.81747026826814,19.98662329219033],[73.81737638112948,19.98768229221193],[73.81734759927011,19.98800149009541],[73.81712446564349,19.98816837892992],[73.81664649338376,19.98853864332625],[73.81584947468178,19.98918821615629],[73.81520402403493,19.9897187948291]]}},{"type":"Feature","properties":{"name":"VIP route 1 : Takali Sangam ghat (VIP) to Pune road Direct movement","stroke":"#f9f900","stroke-opacity":1,"stroke-width":4,"sourceFolder":"Routes / VIP routes.kmz / VIP routes / VIP 1 : Takli sangam Ghat (VIP) direct movement","source":"Mobility plan Nashik KMZ (NTKMA)","layer":"VIP routes"},"geometry":{"type":"LineString","coordinates":[[73.81519977442063,19.98971564584717],[73.81690425092165,19.98833430018196],[73.8173506276336,19.98800791420571],[73.81753283954828,19.98595454292374],[73.81757589178383,19.98517915892108],[73.81736825568802,19.98485287062897],[73.8169234765145,19.98483876414772],[73.81622958754892,19.98463981972786],[73.81352915288133,19.98306234340659],[73.81077684484939,19.98133152953699],[73.80771285246513,19.9795496898415],[73.80775045592847,19.97943713670657],[73.80874318160807,19.97847457186898],[73.81092956632105,19.9760939641562],[73.81144668351713,19.97553485114647],[73.81678959002765,19.97040733941457],[73.81820644911855,19.96936154321053],[73.82078809710362,19.96715009732845],[73.8218134819618,19.96630614432716],[73.82200904581876,19.96613560120518],[73.82531859403365,19.96360291157372],[73.82869351976794,19.9609573506782],[73.83074945777537,19.95940230039235],[73.83297286532704,19.95765087308614],[73.83438838796492,19.95662654718578],[73.83843974743276,19.95342426253009],[73.83979055777573,19.9524671656507],[73.84165006643038,19.95141793254383],[73.84247846513843,19.95132558582737],[73.84413939011323,19.9509924349748],[73.84465025012152,19.9507762675947],[73.84524980141794,19.95037616773099],[73.84577034947213,19.94964210999245],[73.84614829751038,19.9489606868801],[73.84626889250231,19.94861894855939],[73.84631490772574,19.94824859507603],[73.84653041841078,19.94784024316837],[73.8470929068854,19.94705144360132],[73.84852757168406,19.9458325846863],[73.85115820879305,19.9431302148963],[73.85316692187635,19.94116120515537],[73.85352337600149,19.94075071725769],[73.85482954291614,19.93938851931674],[73.85572435020836,19.9385112493739],[73.8567497113881,19.93767124255036],[73.85880977542966,19.93669267212266],[73.86012186291251,19.93600629234614],[73.86079535622086,19.93534781289392],[73.86179486779545,19.93415774465871],[73.86262350579804,19.93329423652568],[73.86331871774983,19.93253131992207],[73.86396950401537,19.93191650047622],[73.86451949516551,19.9316254687248],[73.86619199988864,19.93075804458131],[73.86760025385506,19.93011886235735],[73.868887128202,19.92951596766648],[73.86999980096556,19.92904822410325],[73.87116172110228,19.92855420874539],[73.87169618635681,19.9283080441297],[73.87339134887341,19.92760234092433],[73.87529425189571,19.92677728895217],[73.87601337141388,19.92637785124175],[73.87683976820756,19.92576069207044],[73.87823799866831,19.92454144023893],[73.88178846247912,19.92163648345516],[73.88260826402323,19.92108577278621],[73.88373808825888,19.92052165583639],[73.88461213445086,19.9201189698573],[73.88551650726852,19.91980624903924],[73.88735805299429,19.91917213811013],[73.8885822563089,19.91863821869511],[73.89115921543343,19.91763962601181],[73.89583426007032,19.91617287721473],[73.89688942205203,19.91586362495947],[73.8976806100351,19.91552788968889],[73.89977742652029,19.91407427201964],[73.90334957316328,19.91168461194217],[73.91288654745037,19.9049604203779],[73.91641463872544,19.90264211872797],[73.91815479292168,19.90133899614266],[73.9225787091682,19.8983601379945]]}},{"type":"Feature","properties":{"name":"VIP route 1 via Indiranagar : Dindori road to Govt resthouse","stroke":"#f9f900","stroke-opacity":1,"stroke-width":4,"sourceFolder":"Routes / VIP routes.kmz / VIP routes / VIP 1 : Takli sangam Ghat (VIP) direct movement","source":"Mobility plan Nashik KMZ (NTKMA)","layer":"VIP routes"},"geometry":{"type":"LineString","coordinates":[[73.77842305447298,19.99337055984471],[73.77816394994241,19.99289594623355],[73.77770762457563,19.99292993278852],[73.77685199193341,19.99298953078889],[73.77631286963874,19.99289525144789],[73.77569605586936,19.99307875846909],[73.77308513458777,19.99269639066344],[73.7722871966776,19.99263462699545],[73.77153987502898,19.9924887050853],[73.77085127379127,19.99248738977614],[73.77047501380343,19.99249199976194],[73.76967800494951,19.99264858699596],[73.76936285639475,19.99274828114273],[73.76924781118454,19.99316494984787],[73.76922872889547,19.99347278517693],[73.76842255891613,19.99330553288924],[73.76829504537454,19.99293878022009],[73.76823633482942,19.99277250620963],[73.76797447273016,19.99235798422434],[73.76730838621107,19.99216925949234],[73.76700255486813,19.99209284474527],[73.7655728641407,19.99188914097339],[73.765193346301,19.99179438902182],[73.76463857749175,19.99148400634503],[73.76437821159818,19.9913336554018],[73.76382763179348,19.99105008622114],[73.76342339015146,19.99083703843159],[73.76404706999833,19.9903716029608],[73.76468946721386,19.98998486487513],[73.76526824948108,19.98982139170782],[73.76555030751157,19.98973488019159],[73.76586263842151,19.98959331721124],[73.76599441966913,19.98953201635425],[73.76655504950828,19.98927509997471],[73.76688471473717,19.9891216376927],[73.76718213958299,19.98898303711735],[73.76759551977139,19.98875670601462],[73.76806606623646,19.98849533433994],[73.76856642158465,19.98821942750341],[73.7686744016298,19.98816097777709],[73.7688616837586,19.98805877070527],[73.76910182416293,19.98790130554491],[73.76933393873759,19.9877553256127],[73.7693906477159,19.98771191012338],[73.76985727181383,19.98739622260364],[73.77000106814954,19.98728893356979],[73.77032368888433,19.98712678687185],[73.77078222856773,19.98687959017367],[73.77128539136973,19.98659599707173],[73.77170713035713,19.98635273632241],[73.77178784822782,19.98630727985264],[73.77215642488865,19.98606664728324],[73.77291276394365,19.9855562719993],[73.77322929448536,19.9853608174489],[73.7738440828782,19.98500117835828],[73.77432468081344,19.98472081924841],[73.7749456640363,19.98390307757614],[73.77526235865537,19.98348381156916],[73.77542020110076,19.98325226796794],[73.77572576260889,19.98280113157444],[73.77633608003421,19.98208768479363],[73.77682734580421,19.98152555411041],[73.77697162820664,19.98134922425395],[73.77753895390174,19.9806891159282],[73.77808569392826,19.98039790991272],[73.7785528974026,19.98015199255965],[73.77889658432537,19.97996612954066],[73.77955087496642,19.97988576426387],[73.77968353732265,19.97974460222715],[73.77937908512315,19.97933900445669],[73.77919094947134,19.97908793814165],[73.77887695705252,19.97871228078394],[73.7780499037034,19.97777930493077],[73.77753312866615,19.97719344770456],[73.77741339582384,19.9770577699475],[73.77668253959811,19.97629958657852],[73.77636563980295,19.97597037802042],[73.77575101208065,19.97527401915933],[73.77519325531841,19.97458582362607],[73.77431415978353,19.97373574646204],[73.77394803942106,19.97319882407636],[73.7737259972596,19.97287031226846],[73.773333172677,19.97251374541025],[73.77303337370701,19.97223996454945],[73.77194237498328,19.97132332270703],[73.7713926290768,19.97085796813656],[73.77108301330288,19.97059719469756],[73.77081846074097,19.97032380481979],[73.77070151022198,19.9702028748783],[73.77031715517997,19.96976325815496],[73.76973855539133,19.96907318562512],[73.76941507962961,19.96870057162466],[73.76743873027891,19.96617747648496],[73.76709077640803,19.96575986026874],[73.76667618992174,19.96526608892208],[73.76635464107392,19.96487746662833],[73.76597279609217,19.96441655225705],[73.76558904406062,19.96393508920244],[73.76527236908944,19.96356113941192],[73.76484738347642,19.96306752042733],[73.76463952689359,19.96281924007427],[73.76424120693612,19.96236139435978],[73.76349163082345,19.9615718855338],[73.76324079317288,19.96132187166639],[73.76266938000009,19.96079279714347],[73.76238704671086,19.96053767267208],[73.76185283616783,19.96005306133059],[73.76164552118169,19.95987315054301],[73.76110151648369,19.9594157528646],[73.76065585836646,19.95902333492585],[73.76020110326283,19.95863989644874],[73.75976730303482,19.95827509098388],[73.75920165964824,19.95779316474811],[73.75878574307973,19.95744177151942],[73.75857228085002,19.95724577030498],[73.7583703419147,19.95706912034292],[73.75823088839114,19.95694939364761],[73.7583154890022,19.95686897910833],[73.75861505669363,19.95662009010034],[73.75896781866848,19.95691597118669],[73.75913854942175,19.9570595120403],[73.75953505212937,19.95740996047541],[73.76012024385128,19.9579020898662],[73.76035664433662,19.95808535781079],[73.76076777343638,19.95842406146571],[73.76107202075907,19.9586912341396],[73.76145995425182,19.95903098748983],[73.76169095770592,19.95923471700343],[73.7621442509645,19.95963175277527],[73.7629096134002,19.9603197430855],[73.7633602850344,19.96072481468725],[73.76380642077082,19.96114526004075],[73.76431218364546,19.96171717594148],[73.76501657895359,19.96253791766702],[73.76535076459582,19.96292952923769],[73.76559674261142,19.96321702559153],[73.7663218264869,19.9640604616213],[73.76711140341047,19.96498008802119],[73.76802347228691,19.96603679186986],[73.76854855432586,19.96673387294709],[73.76939037998838,19.96784849214727],[73.76972950854677,19.96829258870469],[73.77055927623371,19.96941250111347],[73.77085745734144,19.96982203769286],[73.77109319329954,19.97014331117655],[73.77143088907768,19.97049695884062],[73.77163898457015,19.97068578290627],[73.77206718930434,19.97107654737029],[73.77257414259496,19.97150350391231],[73.77301572420751,19.9718735118421],[73.77348774847519,19.97225211944103],[73.77386324736146,19.97260183363994],[73.77447058827919,19.97321255859611],[73.77510972645553,19.9739488789239],[73.7757691528697,19.97467742523904],[73.77614365628497,19.97510210319413],[73.7764854434979,19.97548018711151],[73.77667006170628,19.97568540516982],[73.77699914444123,19.97606533753968],[73.77850553955182,19.97780160007093],[73.77876747373234,19.97810682779077],[73.77916252238246,19.97857582158361],[73.77931195538015,19.97875776171868],[73.77969741516003,19.9792335921153],[73.7799758422505,19.97957730920558],[73.78062679019521,19.98036646112174],[73.78133626197818,19.98122320730723],[73.78144450645132,19.98134872795012],[73.7817256472394,19.98170428370049],[73.78203541065699,19.98216337860014],[73.78217217922243,19.98236878138587],[73.78254869411688,19.9830783167002],[73.78289022496449,19.98389400951481],[73.78323413610684,19.98459469498922],[73.78350366588175,19.9851024084781],[73.78373744815975,19.98553643953394],[73.78388951630001,19.98576380548242],[73.78412255200169,19.98615631263207],[73.7844612702154,19.98667759441161],[73.78493180654917,19.98727022980713],[73.78530343230317,19.98761107796145],[73.78571122228452,19.987923376431],[73.78660383599825,19.98844822769709],[73.78710741642443,19.98872224291595],[73.78810035696809,19.98925918327898],[73.78875163879121,19.98959963699876],[73.79002218190477,19.99026371137325],[73.7909724417037,19.99076799399235],[73.79177209464396,19.99119391325013],[73.79254676704043,19.99159413360285],[73.79320577026186,19.99193474086887],[73.79383361161868,19.99228103668454],[73.79444250665314,19.99262045134646],[73.79510883533693,19.99296418505518],[73.79537991837417,19.99311213928826],[73.79573853031106,19.99330724918049],[73.79599551107475,19.99344744651026],[73.79660398716794,19.99377477940815],[73.79757858327595,19.99429962340445],[73.7986183078865,19.99483747321474],[73.79919464682484,19.99513149313875],[73.79951973953034,19.99528232253177],[73.79972008027816,19.9953765579322],[73.80047221546711,19.99575408401886],[73.80063294066305,19.99583497596046],[73.80136093731267,19.99635521800197],[73.80152610853585,19.99649397078657],[73.8018091530691,19.99672740981418],[73.80192112786929,19.9968180693475],[73.80208673212584,19.9969790967432],[73.80227751508696,19.99717002132616],[73.80237387524126,19.99730545567216],[73.80260359086638,19.99763152273033],[73.80285151583765,19.99807253649671],[73.80309210867901,19.99866251731461],[73.80325300253037,19.99930112043215],[73.80331034762742,19.99958773187767],[73.80334900270536,19.9999652598718],[73.8033569048047,20.00004382296646],[73.80334912954977,20.00058789508979],[73.80334526777739,20.00084247905646],[73.8033264729215,20.00134278872853],[73.80332001349055,20.00150070124476],[73.80330213983238,20.00174519603772],[73.8032456162783,20.00252342338644],[73.80322191485088,20.00303083352216],[73.80320697985584,20.00333325304068],[73.80320463763536,20.00337123933547],[73.80320386096288,20.00354546705551],[73.80320631312458,20.00374190870368],[73.80322008171736,20.00396350230359],[73.80324556917832,20.00429917481082],[73.80328072418179,20.00447014922081],[73.80333359999638,20.00476140729744],[73.80335526980086,20.00488658485639],[73.80348161054395,20.00537809202313],[73.80361124252332,20.00573279500133],[73.8037235765122,20.0060071041134],[73.80393238781517,20.00646254822074],[73.80413249563398,20.00681159272654],[73.804309616964,20.00709409780411],[73.80440632782242,20.00725184072928],[73.80462298998096,20.00753321791268],[73.8047781830857,20.00775305735751],[73.80507713801937,20.00808248079012],[73.80535200605696,20.00836454931664],[73.80568230274906,20.00867347343448],[73.80611768128368,20.00902864551279],[73.80648812552306,20.00928724359633],[73.80682670289792,20.00950011743482],[73.80685775032285,20.00951468075294],[73.80738637444333,20.00979146305451],[73.80763600175901,20.0099036976361],[73.80789741211781,20.01001717326828],[73.80845284976031,20.01022110064692],[73.81035534870135,20.01086446940539],[73.81071856672158,20.01097860735135],[73.81105419337095,20.01108680559575],[73.81180803656544,20.01134436621681],[73.8121622908762,20.01147389594905],[73.81244179378314,20.01157879445651],[73.81268694149773,20.01168170874961],[73.81352722967307,20.01204456564712],[73.81364511415111,20.01209970419163],[73.81440035523612,20.01243779316068],[73.81488491423187,20.01265417863305],[73.81514375744644,20.01277015396665],[73.81613909330666,20.01322177188515],[73.81747037037712,20.01378087228666],[73.81796419260753,20.01396920250592],[73.8180834129586,20.01400957422511],[73.81818761819085,20.01404352126832],[73.81850397087486,20.01414784358483],[73.81903376913723,20.01429843049822],[73.81963230771532,20.01450255884334],[73.82176907825804,20.01516349352377],[73.82255411327695,20.01541298595734],[73.82301305214027,20.01555999474044],[73.82396729277777,20.01587662156025],[73.8247135350095,20.01615213220381],[73.82614788448181,20.01673218549194],[73.8265630315243,20.01692216208252],[73.82689600863448,20.01708133929393],[73.8275399162757,20.01739496613813],[73.82814312760502,20.01767521621993],[73.82861661268085,20.01789471953539],[73.82911252372818,20.01812853104924],[73.83046828542885,20.01878670944127],[73.83097947271195,20.01903684167081],[73.8316038465718,20.01938733957121],[73.83144174727569,20.02031496642594],[73.8311281000916,20.0211907598562],[73.83093405047067,20.02172414817065],[73.83054711851379,20.02255806234792],[73.83017026591209,20.02336494257841],[73.82944247921061,20.02471252626044],[73.82903568773357,20.02518440270152],[73.82726785074838,20.02694500241004],[73.8267284871571,20.02732190026332],[73.82614616472343,20.02765290842696],[73.8246938735543,20.02835023980779],[73.82261299362514,20.02940586999802],[73.82169598509726,20.02964782156121],[73.82132700421485,20.02974514220941],[73.82057873246461,20.0299430320155],[73.81859894375782,20.03070601746794],[73.81608734352217,20.03116396221274],[73.81339994425335,20.03160807060791],[73.81302434923462,20.03171434187932],[73.81225987524854,20.03186250557621],[73.81183172070945,20.03192220619749],[73.81098904818984,20.03203935468185],[73.81060485197739,20.03209482074893],[73.8090331717674,20.03225301887266],[73.80830211374487,20.03232971986289],[73.80643989249573,20.03257258393724],[73.80547481183734,20.03267657575008],[73.80438695852409,20.0327966884355],[73.80312764946426,20.03293271531638],[73.80368944904076,20.03521672600629],[73.80481305151261,20.03983575774719],[73.80510804830546,20.04098694016836],[73.80527864893126,20.04162490342096],[73.80560312896282,20.04382452176237],[73.80599908204363,20.04679812784392],[73.80623898209933,20.04816439926615],[73.80624520840519,20.04877661365506],[73.80580533724867,20.05051618926688],[73.80505266635106,20.05235966201311],[73.8049686814822,20.05278256076567],[73.8050102463243,20.05297569550394],[73.80513736674935,20.05335699349346],[73.80526558247531,20.0536143615805],[73.8053583437141,20.05400423007486],[73.80554058995044,20.05445295941172],[73.80565941495048,20.05507372520885],[73.80580543922392,20.05692513449773],[73.80581386086644,20.05707747040681],[73.8057794278129,20.05821577609878],[73.80579505538354,20.05929452603088],[73.80572817814397,20.06007065300295],[73.80564360944757,20.06120912864668],[73.8056408482443,20.06199180690414],[73.80553764547032,20.06304073240952],[73.80555615897497,20.06339729464431],[73.80557917136538,20.06479574711356],[73.80558243643702,20.0651411485484],[73.80571296076938,20.06689780252077],[73.80577518941931,20.0674874210712],[73.80581214271777,20.06769452350306],[73.80587984717697,20.06792069013535],[73.80616321949994,20.06854471089881],[73.80622326892511,20.06896846720586],[73.80622767183603,20.0692749272321],[73.80587696763202,20.07039151413363],[73.8058508709354,20.07070375225489],[73.80593716217466,20.07145912836913],[73.80604049684051,20.07211041167044],[73.80605722464719,20.0726828506063],[73.80599399878673,20.07324259402942],[73.80574166191556,20.07418025739925],[73.80567825469605,20.07447157325595],[73.80558127077317,20.07498402038581],[73.80551051934528,20.07549161507941],[73.80541444117695,20.07614816169409],[73.8054245407502,20.07738209291632],[73.80540175100467,20.07771615982365],[73.8053060999198,20.07854937894492],[73.80509750730481,20.07890259849974],[73.80465433589178,20.07964229183726],[73.80427277747361,20.0802836808604],[73.8040272465169,20.08143641523195],[73.80420119396805,20.08279625970867],[73.80431791027581,20.08335738352168],[73.80451823037528,20.08440051520259],[73.80462317822803,20.08501266637479],[73.80496621937496,20.08686113179873],[73.8052224479557,20.08850664196569],[73.80555478981566,20.0905234046405],[73.80585078864276,20.09213305462927],[73.8060925054451,20.09340110475009],[73.80625251274058,20.09434614217048],[73.80640885098215,20.09531529058187]]}},{"type":"Feature","properties":{"name":"VIP route 1 via Indiranagar : Peth road to Govt Resthouse","stroke":"#f9f900","stroke-opacity":1,"stroke-width":4,"sourceFolder":"Routes / VIP routes.kmz / VIP routes / VIP 1 : Takli sangam Ghat (VIP) direct movement","source":"Mobility plan Nashik KMZ (NTKMA)","layer":"VIP routes"},"geometry":{"type":"LineString","coordinates":[[73.778380682068,19.99338130418147],[73.77813647669281,19.99292458390062],[73.77684408916329,19.99302829267464],[73.77628820864774,19.99294341568872],[73.77571298346017,19.99312066709386],[73.77483807835702,19.99300717430056],[73.77297786451409,19.99271868005417],[73.77227618199771,19.99266550004428],[73.77152726873653,19.99251970931254],[73.77046286282484,19.99251971172401],[73.76967324471458,19.99267879398885],[73.7693802288083,19.99277195827449],[73.76927249002618,19.99317431539782],[73.76924858398282,19.99349985276822],[73.76840719586744,19.99332312205344],[73.7682191622479,19.9927852974679],[73.76795835885213,19.99237459236359],[73.76699744664684,19.99211134526127],[73.76555868826328,19.99190763766404],[73.76517803815668,19.99181125453623],[73.76464607889477,19.99150549231826],[73.76338616562224,19.9908418804137],[73.76403084805338,19.99035676975289],[73.76468019292462,19.98996787487306],[73.76554074387711,19.98972230895776],[73.76715835664481,19.98896913145897],[73.76883155274342,19.98805221885169],[73.76947725705712,19.98762793129763],[73.76998702579354,19.98726968952599],[73.77076292215993,19.9868636540331],[73.77180055009227,19.98627697915768],[73.77292655525233,19.98551766044053],[73.77364173859445,19.98508444176127],[73.77431174072402,19.9847012095901],[73.77461201955913,19.98430870062445],[73.77519635789047,19.98353751469558],[73.77571175431049,19.98278995963593],[73.77647739762766,19.98188290350659],[73.77703716761951,19.98122565867557],[73.77751338812057,19.98067448815892],[73.77810422604729,19.9803544066505],[73.77889746000677,19.9799402277283],[73.77955439564002,19.97986870644185],[73.77967798707317,19.97973855732963],[73.77919154744305,19.97908921738366],[73.77885372290297,19.9786856205321],[73.77835290062194,19.97812346522446],[73.77788453160233,19.97758830503964],[73.77741762412488,19.97706229172485],[73.77636278041034,19.97596958548747],[73.77575108664097,19.97527372881775],[73.77519581772468,19.97458859095423],[73.77431119946858,19.9737334265346],[73.77372627909173,19.9728720562178],[73.77303504298456,19.97224190276215],[73.77222234249376,19.97155933828732],[73.77108449402878,19.97059760195196],[73.7707030178054,19.97020422430013],[73.77028411084748,19.96972413137728],[73.76973849616212,19.96907449970583],[73.76941285112359,19.96870018826669],[73.76744959551125,19.96619125465173],[73.76719131169517,19.96588230306873],[73.76703344839994,19.96568915381041],[73.76682055908286,19.965437792394],[73.76660381588779,19.96518265226032],[73.76638403235941,19.96491051871272],[73.7659809146081,19.96442549029742],[73.76561145607349,19.96396072798069],[73.76525762743952,19.96354465145924],[73.7648554157079,19.96307573185998],[73.7646586462546,19.96284164779778],[73.76411144304826,19.96221834262104],[73.76373077820655,19.96181554776463],[73.76346530629513,19.96154486979238],[73.76317061254824,19.9612517415385],[73.76240347549995,19.96054955611215],[73.761859393054,19.96006096243031],[73.76164436164701,19.95987257531612],[73.76108081998133,19.95940012820979],[73.76074492510314,19.95909840989783],[73.7599884784486,19.9584621011046],[73.75952606634073,19.9580701683377],[73.7591336053924,19.95773874075569],[73.75880072015836,19.9574535465282],[73.75849758198487,19.95717819811944],[73.75823012741085,19.95694930497609],[73.75831123748503,19.95687327065696],[73.75861581136891,19.95662040304968],[73.75912913011982,19.95705053523136],[73.75960265374192,19.95746896658948],[73.76011940773161,19.95790069270505],[73.76036214116444,19.95808938698215],[73.76078254311926,19.95843551571479],[73.76155740924905,19.95911658768035],[73.76206813835313,19.95956425674071],[73.76334901191682,19.96071326700886],[73.76380537272674,19.96114504798786],[73.76437816032123,19.96178968434899],[73.76543396898985,19.9630278362928],[73.76801884037208,19.96603501294721],[73.76975741786043,19.96832923662626],[73.77051719481956,19.96935707863184],[73.7710955763402,19.97014662605608],[73.77144063005392,19.97050694806178],[73.77207380127226,19.97108053743217],[73.77303881511327,19.97189255077028],[73.77348842072819,19.97225343566541],[73.77385018170257,19.97258884446457],[73.77447923176447,19.97322237801589],[73.77515588502074,19.97400311001704],[73.77569753799295,19.97459636939005],[73.7761570360282,19.97511771678351],[73.77661175998304,19.97561868551861],[73.7769838367033,19.97604910943989],[73.7773604253803,19.97648298206049],[73.77819928722107,19.97744517334413],[73.77867786797883,19.9779980460958],[73.77897022322676,19.97834454179756],[73.77932778801242,19.97877707442946],[73.78001989148275,19.97963259701398],[73.78133741717174,19.98122513483759],[73.78145886909304,19.98136423455374],[73.78173019839923,19.98170829828065],[73.78194442808707,19.98202660050442],[73.78217387804818,19.98237150913127],[73.78254869411688,19.9830783167002],[73.78289502008805,19.98390470444195],[73.78307644865158,19.9842722516295],[73.78325247610204,19.98463404673743],[73.78349828419296,19.98509113444688],[73.78373858757233,19.98553982827195],[73.78389564578363,19.98577189456703],[73.78412089726562,19.98615486718031],[73.78446486213453,19.98668222655419],[73.78493272460621,19.98727072026762],[73.78530053896229,19.98760805413182],[73.78571122228452,19.987923376431],[73.78663518103716,19.98846687908946],[73.78813209112093,19.98927632461226],[73.79004991900793,19.99027797564734],[73.79179930278846,19.99120822225236],[73.79324690368855,19.99195609104933],[73.79444815904908,19.9926226875423],[73.79510799948812,19.99296335317644],[73.79595832743736,19.99342763904354],[73.79758478945126,19.99430230661317],[73.79846037173031,19.9947552401199],[73.7991580700635,19.99511454650577],[73.7997382015059,19.9953844840132],[73.80064036789689,19.99583882902079],[73.80136195147425,19.99635802808404],[73.80194817423846,19.99684080850567],[73.80228031528348,19.99717456539953],[73.80259842564409,19.99762490996446],[73.80285526731255,19.99807757352043],[73.80309386633111,19.99866487063481],[73.80325810744962,19.99931613012391],[73.80331138244718,19.99959379674997],[73.80335777967989,20.0000482223891],[73.8033459376836,20.00086086126363],[73.80332075666182,20.00150128648885],[73.8032413884677,20.00258818587012],[73.80322477209383,20.00299025182159],[73.80320305576902,20.00339733289708],[73.80320549353203,20.00374770132902],[73.8032272506177,20.00407834081766],[73.80324713260988,20.00430391063999],[73.8032839893991,20.00449211545136],[73.80335581390253,20.00488892245223],[73.80348284545197,20.00538729509758],[73.80361205444787,20.00573409807456],[73.80373159110431,20.00603020074167],[73.80393161235325,20.00646128489408],[73.8041446629927,20.00683032399279],[73.80440813928656,20.00725302351479],[73.8046315716891,20.00754645496986],[73.80477959992024,20.00775485103719],[73.80509870683204,20.00810827959939],[73.80536697732894,20.00838040345984],[73.80569952841212,20.00868895712899],[73.80613149937416,20.00903883278779],[73.80648822596558,20.00928514478931],[73.80682670289792,20.00950011743482],[73.80685856309182,20.00951503586729],[73.80739964604797,20.00979713155709],[73.80789558478439,20.01001747977773],[73.80845059277719,20.01021884599443],[73.81025359637658,20.01083043458941],[73.8110514262361,20.01108536295308],[73.81192457350953,20.01138356423692],[73.8124517275731,20.01158390387253],[73.81299500496299,20.01181168594613],[73.81353736656699,20.01204905734032],[73.81379906830772,20.01217035556869],[73.81510938971223,20.01275543593938],[73.81613870118404,20.01321864201208],[73.81748768537086,20.01378799774549],[73.81796909549342,20.01397159678232],[73.81850187094588,20.01414796144115],[73.81904693686216,20.01430317225507],[73.81964981244414,20.01450775624771],[73.82031965712729,20.01471241734275],[73.82199345272241,20.01523430630279],[73.82249647716459,20.0153952902281],[73.82305951811075,20.01557436772989],[73.82396957212852,20.01587843026806],[73.82473938403466,20.01616223958957],[73.8261579800172,20.01673582529673],[73.82666122713192,20.016968278212],[73.82756027928092,20.01740592856573],[73.8283080739657,20.01775098162742],[73.82914533869152,20.01814186919372],[73.83099059006518,20.01904243348643],[73.83160525430924,20.01938709757211],[73.83144174727569,20.02031496642594],[73.83110478908394,20.02125484702215],[73.83093110240948,20.0217342915272],[73.83055331091107,20.02254241259983],[73.83017329297074,20.02336011501087],[73.82944023559477,20.02471849151966],[73.82903714336692,20.02518365137288],[73.82727199219576,20.02694299953895],[73.82672824920483,20.0273222204661],[73.82614913542169,20.02765155683555],[73.82471144021233,20.02834169355147],[73.82261117945703,20.02940687317636],[73.82131051965398,20.02974975044416],[73.82056418558868,20.02994741772562],[73.81859894375782,20.03070601746794],[73.81608734352217,20.03116396221274],[73.81340365396517,20.03160618675678],[73.81302322363288,20.03171370868092],[73.81226013454543,20.03186305671269],[73.81059025487905,20.03209581102224],[73.80829804250597,20.03232922242811],[73.80644015170412,20.03257299356891],[73.80304285570075,20.03294168749179],[73.79944363840669,20.0332890563176],[73.79916148049233,20.033432600741],[73.79903529771467,20.03408210949502],[73.79740916040959,20.03415274806436],[73.79619645890602,20.03410464781964],[73.79522424059351,20.03403972689353],[73.79521846313968,20.03419822278206],[73.79481777976495,20.03614886052093],[73.7944577256409,20.03859063020387],[73.79404480934316,20.04120912392696],[73.79373879619288,20.04278965755731],[73.79344495445176,20.04342326738738],[73.79243933921201,20.04553020395772],[73.7910362423505,20.04802720240251],[73.7892670890303,20.05108771455009],[73.78833998781752,20.05267527010971],[73.7873285998128,20.0544064569501],[73.78700434253469,20.05497812248521],[73.78610010192973,20.05649168887168],[73.7832653881092,20.06136700533235],[73.78293467885818,20.06190323940015],[73.78246570067635,20.06272011756652],[73.7817790610705,20.06396999732899],[73.78137879102366,20.06478215130692],[73.78097894251948,20.06570336347986],[73.78050405022195,20.06702029113702],[73.78010012280157,20.06813929824018],[73.77937645306685,20.06994784536716],[73.77919910890601,20.07052728102275],[73.77875911182943,20.0721267224062],[73.7785923920946,20.07307488542038],[73.77863625303841,20.07383715761314],[73.77877825890798,20.07426253667985],[73.77991333757065,20.07596390467331],[73.78013394716328,20.07628452137924],[73.78034656494462,20.07721936960928],[73.78012267876038,20.07842092206781],[73.77993995037926,20.07956260053306],[73.77973057162595,20.08071285669805],[73.779410424529,20.08180757022123],[73.77920930431647,20.08221959672099],[73.77902499504376,20.08249184166375],[73.77818630556008,20.08379378272861],[73.77778198641485,20.08441049491275],[73.77753102945049,20.08498038371853],[73.77653339961549,20.08808265019108],[73.77572541643322,20.09070696753163],[73.77546530438838,20.09126908720851],[73.77494620448812,20.09179209351947],[73.77445268899753,20.09250322543564],[73.77427021361751,20.09279808590821],[73.77333720712281,20.09473883696758],[73.77222827216913,20.09688464760507],[73.77186604370344,20.09777081678317],[73.77163138780914,20.0985658341002],[73.77149428381183,20.09903597673875],[73.77139329077056,20.09931287785732],[73.77103239552791,20.10000549212054],[73.77045924510212,20.10083042804152],[73.76822190183535,20.10366755011435],[73.7679829093259,20.10395869876191],[73.76780340328753,20.10408541305242],[73.76677222155874,20.10467476748388],[73.76593601353602,20.10540986384105],[73.76446075032244,20.10769921219909],[73.76408084564034,20.10840074162482],[73.76335786414162,20.11100327287782],[73.7630571990039,20.11209160831677],[73.76270446909733,20.11351975968034],[73.76262369779619,20.11467445794752],[73.76264531187017,20.11527920206803],[73.76271996023675,20.11568679615739],[73.76268336814634,20.11705233593296],[73.76270226429787,20.11743749737941]]}},{"type":"Feature","properties":{"name":"VIP route 1 via Indiranagar : Ozar airport to Govt resthouse","stroke":"#f9f900","stroke-opacity":1,"stroke-width":4,"sourceFolder":"Routes / VIP routes.kmz / VIP routes / VIP 1 : Takli sangam Ghat (VIP) direct movement","source":"Mobility plan Nashik KMZ (NTKMA)","layer":"VIP routes"},"geometry":{"type":"LineString","coordinates":[[73.77835886379584,19.99338962323999],[73.77813173077011,19.99293623711833],[73.77755109559631,19.99298000972417],[73.77684323353108,19.9930359785921],[73.77628754593938,19.99295163487652],[73.77582684099431,19.99309487603306],[73.77571288760801,19.99312885334865],[73.77477160571277,19.99300771038333],[73.77429091028752,19.99293324288459],[73.77371061552259,19.99284467795102],[73.77322803904877,19.99276756965849],[73.7729751534408,19.99272805281907],[73.77227110581642,19.9926765778661],[73.77152550649727,19.99252668415345],[73.77046331938473,19.99252673846628],[73.77008346510442,19.99260623251624],[73.76967212976767,19.99269018869404],[73.76938548053336,19.99278005947188],[73.7692828342873,19.99317129774512],[73.76925457356887,19.9935104500964],[73.76917013097176,19.99349197032009],[73.76839990942415,19.99332793175051],[73.76821159230184,19.99278828384644],[73.76795229563216,19.99237994859165],[73.76699470563022,19.99211747065602],[73.76631618015196,19.99202125550267],[73.76555274990021,19.99191196054942],[73.76517682866486,19.99181821467928],[73.76441831810614,19.9913952822939],[73.76378417755845,19.99106042468868],[73.76336949159186,19.99084061513078],[73.76372663250483,19.99057732037391],[73.76401752675676,19.99035680050918],[73.76467540206772,19.98996400455352],[73.76487210882338,19.98990840415904],[73.76532554009091,19.98977724229252],[73.76553619950027,19.98971707728909],[73.76599818332949,19.98950227225488],[73.7669644939735,19.98905030900152],[73.7670914847339,19.98899287717697],[73.76715025487414,19.9889649729069],[73.76877996920653,19.98807166647964],[73.76882580828389,19.9880468979637],[73.7690061384446,19.98792756369371],[73.76932017925823,19.98772264185929],[73.76977863125643,19.98740795399991],[73.76997989306743,19.9872658767358],[73.77014049546074,19.98718219274075],[73.77076154712273,19.98685571526763],[73.771048734695,19.98669205095581],[73.77160886354883,19.98637654260166],[73.77178794364532,19.98627672261544],[73.77225318899204,19.98596466002181],[73.77296755788029,19.98548068290226],[73.77351057025177,19.985157891569],[73.77406521900652,19.98482951212882],[73.77430246270973,19.98469704273641],[73.77435034280694,19.98463809792947],[73.77462189200234,19.98428377364375],[73.77511787177912,19.9836297749584],[73.77532761430834,19.98333610760419],[73.77552424675005,19.98304786313052],[73.77570333172547,19.98278787089115],[73.77576270488785,19.98272004559006],[73.77617441181557,19.98223134405737],[73.77667085358397,19.98164256114573],[73.77711945616078,19.98111939684047],[73.77733187134552,19.98087120322188],[73.77750734005947,19.9806711366026],[73.77786881657788,19.98047330079845],[73.7783299322279,19.98022467148193],[73.77860865318739,19.98008094147019],[73.77889179178963,19.97993117840005],[73.77916399097008,19.97990204392034],[73.77954979155999,19.97986045888717],[73.77967350447392,19.97973231611123],[73.77948186344129,19.97947690308327],[73.77919461693759,19.97909267066414],[73.77886117644921,19.97869391597655],[73.77862950041606,19.97843226382902],[73.77840456250526,19.97818047473379],[73.77823481302764,19.97798723590532],[73.77790940494049,19.97761926874427],[73.77750220079346,19.97715875014728],[73.77716638361692,19.97680104112913],[73.7769005691048,19.97652589367068],[73.7763668096868,19.97597214480753],[73.7761384561922,19.97571329862059],[73.77574997649937,19.97527320975914],[73.77549540961414,19.9749582400095],[73.77519527544997,19.97458847277214],[73.77480043889592,19.97420618642635],[73.77431128807889,19.97373323075761],[73.77405737961745,19.9733589252227],[73.7737270339572,19.97287088675394],[73.77307634649364,19.9722776797595],[73.7726022209348,19.97187782914155],[73.77253079064991,19.97181862145993],[73.77186535501679,19.97125816776895],[73.77174732215094,19.97115844665922],[73.7714230075894,19.97088307566156],[73.77108277332911,19.97059594289001],[73.77070749055291,19.97020825691875],[73.7705351227691,19.97001129138155],[73.77033944365793,19.96978853505864],[73.7700870181372,19.96948818124879],[73.76976002927394,19.96910123859112],[73.76948749727217,19.96878517306698],[73.76941724087193,19.96870436573464],[73.76916949978238,19.96838902308318],[73.76887963961154,19.96801766990823],[73.76843288284704,19.96744767403004],[73.76812511342663,19.96705508277097],[73.76746221036032,19.96620709790835],[73.7673290546892,19.96604488173018],[73.76703939103932,19.96569796395098],[73.76667694231735,19.96526775097844],[73.76634503026992,19.96486567478286],[73.76586665090312,19.96428213589343],[73.76559533924726,19.96394150631246],[73.76524925411073,19.96353457079868],[73.76485658455034,19.96307686404243],[73.76436191512984,19.96249808297906],[73.76385320727749,19.96195137801876],[73.76346461539927,19.96154533138128],[73.76336188039022,19.96144078002633],[73.76316561685982,19.96125148860876],[73.76232376336401,19.96047812510237],[73.76192813731,19.96012279795563],[73.7616566135272,19.95988227035378],[73.76108124652721,19.95940007098212],[73.76082130899637,19.95916827206588],[73.7606970995466,19.95905954676961],[73.76004579930414,19.95851019285851],[73.7597865983859,19.95829087894208],[73.75933833824112,19.95791092760953],[73.75911473225781,19.95771922910234],[73.75878787270278,19.95744270458987],[73.75864028669855,19.95730772532248],[73.75837607279304,19.95707474105876],[73.75823076811265,19.95694958407986],[73.7583207285065,19.95686551309094],[73.75853213970639,19.95668901917146],[73.75861540465658,19.95661963817211],[73.75899199163776,19.95693615594406],[73.7592957248711,19.95719800023632],[73.75954327507195,19.95741764860205],[73.75983638573706,19.95766416059037],[73.76007105396192,19.95786177443006],[73.76032011625712,19.95805742356092],[73.76067240564085,19.95834575810693],[73.76076255667658,19.95841988162418],[73.76128924803088,19.95888084400613],[73.76147523426157,19.95904307116761],[73.76189386320166,19.9594126147167],[73.76206453813232,19.95956123536576],[73.76232451871326,19.95979470146486],[73.7626533889464,19.96008874869073],[73.76301979766382,19.96041797786988],[73.76315599473556,19.96054113210296],[73.76332555336063,19.96069393468063],[73.76370552770136,19.9610489898899],[73.76379919560857,19.96113969218309],[73.76392145002484,19.96127617900088],[73.76442202816818,19.96184085044176],[73.76462923211018,19.96208631458289],[73.76503393589971,19.96255918298329],[73.76530495372914,19.96287621361225],[73.7656767893228,19.96331002920501],[73.76599126709978,19.963674069941],[73.76656703253805,19.96434626875251],[73.76684932788346,19.96467468809878],[73.76733668750846,19.96523983486515],[73.76755633039149,19.96549686817718],[73.76800070033417,19.96601280575504],[73.76819555864951,19.96626743986097],[73.76838568314156,19.96651838534373],[73.76874437833025,19.96699119600087],[73.76906156431195,19.96741150013728],[73.76937305224628,19.96782320155593],[73.76973855117139,19.96830415129944],[73.76995541514417,19.96859633505466],[73.77024202018585,19.96898725578661],[73.77050053406505,19.96933278988248],[73.77083275031289,19.96978888200693],[73.77109325426099,19.97014237542596],[73.7714344508533,19.97049984880351],[73.77176696714673,19.97080207556426],[73.77205951705945,19.97106960855262],[73.77227230399242,19.9712487862957],[73.77268758902439,19.97159672035355],[73.77304791656371,19.9719000672671],[73.77348272949021,19.97224969968768],[73.77376258634736,19.97250750316745],[73.77408081274729,19.97282022089072],[73.77441526084907,19.97315606153993],[73.77445768140672,19.97319842517626],[73.77463596619236,19.97340168837417],[73.77509145516765,19.97392643031242],[73.77559456153617,19.97448579240773],[73.77584326271177,19.97476142092121],[73.7759582449047,19.97488922598042],[73.77666534432966,19.97568144660234],[73.77758304034661,19.97673773687627],[73.77799627313631,19.97721560374755],[73.77842110944563,19.97770258772657],[73.77851068025828,19.97780245165577],[73.77931289884013,19.9787560175547],[73.7799459762302,19.97954550804157],[73.78006072877656,19.97967894951633],[73.78133987219837,19.98122876387525],[73.7814516136636,19.98135529751088],[73.7817213579284,19.98169509255291],[73.7819120884221,19.98198359482575],[73.78211482194396,19.98227961534803],[73.78217760516993,19.9823785426589],[73.78232216342413,19.98265106055281],[73.7825482305323,19.98307782449216],[73.78288854390077,19.98389287736153],[73.78323371995916,19.98459514285774],[73.7837383798909,19.98553960983195],[73.78388284080945,19.9857550112113],[73.78412004326445,19.98615096883965],[73.78446183402168,19.98667674423951],[73.7849234820182,19.98725970688817],[73.78530118005426,19.98760372531339],[73.78571122228452,19.987923376431],[73.78643862449213,19.98835261671758],[73.78670467647896,19.9885063357999],[73.78699433414108,19.98866562141692],[73.7877676553242,19.98907852416758],[73.78812067319119,19.98927324184504],[73.78884363891325,19.98964898892446],[73.79001575974956,19.99025896345498],[73.79034596177071,19.99043718752471],[73.79112013990687,19.99084863685267],[73.79179424008262,19.99120782520002],[73.79249134181896,19.99156695926712],[73.79270087741288,19.9916726888564],[73.79318669938453,19.99192413591087],[73.79359655788429,19.99214708923936],[73.79380498630844,19.99226270456698],[73.79443988715846,19.99262206562096],[73.79504804208406,19.9929309197128],[73.79537628068704,19.99310832886064],[73.79573155145191,19.99330675782009],[73.79598798519821,19.99344406175761],[73.79681085374469,19.9938854821321],[73.79758226263755,19.99429952574809],[73.79829449760797,19.99467113230859],[73.79905753688531,19.99506374770401],[73.79962843669054,19.99533269353644],[73.80013463887707,19.99558539827872],[73.80063664955487,19.99583706522458],[73.80117174040657,19.9962193104132],[73.80134991409413,19.99634729657627],[73.8014936736928,19.99646756217471],[73.80190795474905,19.99680970873618],[73.80195463280806,19.99685113683953],[73.8020982578708,19.99699131281312],[73.80226667511712,19.99716107948959],[73.80237426199486,19.9973057812213],[73.80260790687859,19.99763625357685],[73.80281363799598,19.99800220391059],[73.80284881696898,19.99806831267428],[73.80298591961409,19.99840284851355],[73.80309501149675,19.99866943366133],[73.80321344363192,19.99913848652935],[73.80325362112463,19.99930390077087],[73.80330671946841,19.99956937688872],[73.8033429366745,19.99988773622585],[73.80335868161735,20.00004689484994],[73.80335306685036,20.00032271964689],[73.80334958946382,20.00077327789836],[73.8033375432396,20.00103911125504],[73.80332604875812,20.00139183655269],[73.80332085878415,20.00149274613579],[73.80329206485281,20.00187174359522],[73.80324237056327,20.00256785524711],[73.80322649548437,20.0029846524993],[73.80320354969827,20.0033984778942],[73.80320882311901,20.00380110769525],[73.80324351466534,20.00428757419548],[73.80329332455193,20.00453723601364],[73.80335661795331,20.00488609676955],[73.80347680423944,20.00536462072919],[73.80362268724073,20.00576733460621],[73.8037333707614,20.00603080324621],[73.80393164541474,20.00645912984305],[73.80409046601855,20.00673907024761],[73.80433270343259,20.00713373600385],[73.80440177821559,20.00724452369712],[73.8046126948834,20.00752187618972],[73.80477467081305,20.00774880207114],[73.80510197063597,20.00810910242662],[73.80535170413195,20.00836385684406],[73.80566813232808,20.00866051817598],[73.80601144749981,20.00894264813484],[73.80611210251364,20.00902544359283],[73.80646695757193,20.00927422588988],[73.80682670289792,20.00950011743482],[73.80685680490315,20.00951403213987],[73.807387140494,20.00979119167778],[73.8075350386545,20.00985623027529],[73.8079096540741,20.01002212649379],[73.80839237307305,20.01019836882633],[73.80908950243293,20.01043485293731],[73.81023354407647,20.01082326770947],[73.81101464571695,20.01107293966147],[73.81169504609248,20.01130662194109],[73.81182820863981,20.01134891113991],[73.81199325460514,20.01140922121244],[73.81243032413859,20.0115743591802],[73.8127093853323,20.0116899243763],[73.81348584688139,20.0120264116817],[73.81362661398005,20.01209012567305],[73.81397033903707,20.01224469056662],[73.81416237890946,20.0123324462161],[73.81443970853394,20.012455784575],[73.81506197565423,20.0127336938],[73.8161452965871,20.01322282681668],[73.8169913783289,20.0135769764215],[73.81746956584809,20.01377964392346],[73.81795625449543,20.01396669388564],[73.81808285254672,20.01400932991309],[73.81816284813117,20.01403559484018],[73.81850697208385,20.0141488577478],[73.8190027926737,20.01429059071971],[73.81946685195183,20.01444661206328],[73.81976954326227,20.01454370284946],[73.82068275148643,20.01482700566743],[73.82127613880607,20.01501117294656],[73.82220406408686,20.01530025564386],[73.8229499335364,20.01553935759638],[73.82397114746239,20.01587664403146],[73.82495571964671,20.01624615033414],[73.8262294410848,20.01676846699807],[73.82759882187622,20.01741957339854],[73.82910810025838,20.01812534479346],[73.83079719067365,20.01894660032537],[73.83160344405277,20.01938737169791],[73.83319086406316,20.02032537293113],[73.83634262021576,20.02224244264806],[73.83715042664777,20.02270856225208],[73.8397364946114,20.02423180035723],[73.84036744163772,20.02463352881533],[73.84110319084442,20.02507144162667],[73.84182697566406,20.02545171356952],[73.8425038125699,20.02577269571206],[73.8433971467961,20.02611869864804],[73.84420847286209,20.02642409130531],[73.84464680654955,20.02656056697299],[73.84763700824655,20.02743741318844],[73.84887705105218,20.02784005509096],[73.84975243621624,20.02811787724451],[73.85297625292004,20.02922538111189],[73.8532779421002,20.02933731963932],[73.85422830994469,20.02969449626731],[73.85536822322766,20.03015070396288],[73.85583074898804,20.03035772070432],[73.85602249828558,20.03045225236833],[73.85742395977702,20.03138104701959],[73.85860091837776,20.03221540885837],[73.85949218719836,20.03282741004693],[73.8600292299252,20.03323359690473],[73.8619787442266,20.0346028219232],[73.8633615004356,20.03558092857146],[73.86378427411225,20.03586132846243],[73.86415179002907,20.03612385120496],[73.86719694541549,20.03810520857785],[73.86935032758308,20.0395049228737],[73.86979835298824,20.0398050667091],[73.87055632219726,20.04046169582407],[73.87158302927085,20.04156138689267],[73.87447304933323,20.04469451414267],[73.87658965420087,20.04696975647723],[73.87745888569214,20.04793834589205],[73.87800275170655,20.04856571943437],[73.88114301045862,20.0518927738182],[73.88176678957255,20.0526594236212],[73.88262790656688,20.05362392163141],[73.88344581885504,20.05455736882301],[73.88474207846953,20.05601513000423],[73.88609491172127,20.05735180478183],[73.88826666371021,20.05951695328293],[73.88958565167958,20.06093811877134],[73.89033718710282,20.06170614550227],[73.8953556942412,20.06623360482655],[73.90012860496483,20.06964292737231],[73.90186558120712,20.07075819030958],[73.90341406447352,20.07181377893951],[73.90401565241717,20.0723871187606],[73.9031764208143,20.07404832579298],[73.90236993707428,20.07533470697791],[73.90180022202976,20.07606449042416],[73.90139981205681,20.07672919949425],[73.9007347979296,20.07819334904247],[73.89991288643792,20.08004524039359],[73.89931354403453,20.08088167571381],[73.89761532253429,20.08287983462476],[73.89691823585451,20.08386742463262],[73.89628480530781,20.08459816517745],[73.89417211684366,20.08718132723321],[73.89385349914892,20.08814910656082],[73.89366381658395,20.08908376204884],[73.89344522740302,20.09007808863666],[73.89315590499935,20.09089389388586],[73.89284765662816,20.09164309583209],[73.89265100520595,20.09179706773101],[73.89232719211904,20.0919579127509],[73.89190652179285,20.09216778635661],[73.89164995285344,20.09226532328598],[73.89122035234571,20.09268725190374],[73.89093005250659,20.09300793311914],[73.89057576463598,20.09327936455842],[73.89035728975537,20.09344282048196],[73.89018459704091,20.09365123471119],[73.89014048777017,20.09379563985626],[73.8900689778173,20.09506279881729],[73.88998771278769,20.09650688599614],[73.889787111288,20.09987461615247],[73.88982533421778,20.10023450718278],[73.89004077159757,20.10161902086872],[73.89018626755178,20.10259464170676],[73.8904501428757,20.10433747245537],[73.89042658656851,20.10450008334398],[73.89030582271235,20.10490559900136],[73.890134880708,20.10542596239818],[73.89012677542048,20.10561459026297],[73.89070175131809,20.10776259210907],[73.8908702496538,20.10824471833892],[73.89126533913122,20.10989936801973],[73.89130757826287,20.11046136819399],[73.89121724690297,20.11168780974645],[73.89112577145275,20.1127120088122],[73.89132691458285,20.11275337666197],[73.8923473483343,20.11286305731612],[73.89322892532563,20.11289810672057],[73.89371029932263,20.11294105014355]]}},{"type":"Feature","properties":{"name":"VIP route 1 via Indiranagar : Takali Sangam ghat (VIP) to Ch. Sambhajinagar road","stroke":"#f9f900","stroke-opacity":1,"stroke-width":4,"sourceFolder":"Routes / VIP routes.kmz / VIP routes / VIP 1 : Takli sangam Ghat (VIP) direct movement","source":"Mobility plan Nashik KMZ (NTKMA)","layer":"VIP routes"},"geometry":{"type":"LineString","coordinates":[[73.77834161942803,19.99338950573428],[73.77812507393521,19.99294232166327],[73.77733162239848,19.99300582417536],[73.77684130147777,19.99304377717819],[73.77628780317318,19.99295704594743],[73.77571352215796,19.99313538082465],[73.77516303591075,19.99306379070693],[73.77488672442692,19.9930314932885],[73.77437350925958,19.99295273428676],[73.77401895825196,19.99289973221037],[73.77365708273658,19.99284423689565],[73.7732749789244,19.99278156128131],[73.77297046626143,19.99273506759116],[73.77236675547645,19.99269185678112],[73.77226523817914,19.9926841943838],[73.77152238863926,19.99253448422791],[73.7704661976619,19.99253315577023],[73.7699747356459,19.99263592726404],[73.76967230409906,19.99269784919315],[73.76939050625225,19.99278517382974],[73.7692910665221,19.99317537349303],[73.7692618826286,19.99352091045378],[73.76839372600364,19.99333247059942],[73.76827973226173,19.99300833865259],[73.76820273629777,19.99279403714043],[73.7680688674823,19.99257792106054],[73.76794729777338,19.99238679891833],[73.76771391191467,19.99232121099836],[73.76699473098431,19.99212509229794],[73.76631570987165,19.9920284405391],[73.76555398745579,19.99191860042544],[73.76517031990691,19.99182483138647],[73.76432272081072,19.99135310608422],[73.7635435402781,19.9909392892587],[73.76335843736969,19.99084059420977],[73.7635248432762,19.99071712281979],[73.76391018550679,19.99042895965245],[73.7640061673303,19.99035573367572],[73.76434220239602,19.99015572179644],[73.76466748705859,19.98995947656034],[73.76500370588933,19.98986417891317],[73.76553466705724,19.98970689190877],[73.76594551934767,19.9895194578983],[73.76635875441889,19.98932662825598],[73.76689428934226,19.98907683282841],[73.76714606482109,19.98895885579335],[73.7677901543611,19.98860286588941],[73.768817801223,19.98804107047886],[73.76937876679408,19.98767055719768],[73.76997166422271,19.98726399967781],[73.7705554178592,19.98695285189123],[73.77074293083948,19.98685625756345],[73.77099698958212,19.9867130466409],[73.77155679410401,19.98639917166774],[73.77178355639771,19.98626815204359],[73.77219677521983,19.98599262072493],[73.77268043765106,19.98566620199094],[73.7729537150576,19.98548035922716],[73.77356690992829,19.98511682450232],[73.77389429128105,19.98491823623882],[73.77405583815553,19.98482479345893],[73.77423298998755,19.98472502640959],[73.7742970462027,19.98468881188427],[73.77480185903266,19.98403186610234],[73.77504331286333,19.98371063323686],[73.77517599234228,19.98353393080083],[73.77526822672905,19.98340469161359],[73.77543628342934,19.98316081336439],[73.77552783559157,19.98302713266458],[73.77569137849402,19.9827883082421],[73.77608045700634,19.98232966827547],[73.77674028425513,19.98154872268109],[73.7771345994569,19.98109003389668],[73.77749804831492,19.98066890202205],[73.77774497139916,19.98053118881365],[73.77817394746937,19.98029953787195],[73.7783830988818,19.98018637829382],[73.77853349616281,19.98010967307962],[73.77870334730943,19.98002162322836],[73.77888965745792,19.97992486668642],[73.77913295960673,19.979898744393],[73.77954913910831,19.97985289620438],[73.77966775785836,19.97972558122211],[73.77940998059772,19.97937707361418],[73.77918232202217,19.97907720351785],[73.77895212497666,19.9788034094317],[73.77862741212006,19.97842992836692],[73.77834565606625,19.97811384453485],[73.7779331483505,19.97764525864785],[73.77757974216989,19.97724601807639],[73.7772324290544,19.97686864217465],[73.77672572092321,19.97634516508267],[73.7764751159713,19.97608391551847],[73.77636414592415,19.97596827077115],[73.77575247554513,19.97527457067942],[73.7751959518345,19.97458880621293],[73.77474214802159,19.97415043247084],[73.77430994771183,19.97373132780449],[73.77409442072565,19.97341363215723],[73.77381310624834,19.97299829244171],[73.77372631864851,19.97287048053707],[73.7733075471698,19.97248935080687],[73.77307442919759,19.9722765415533],[73.77273889435007,19.97199216597406],[73.77238276991946,19.97169271603803],[73.7721649201839,19.97150939796671],[73.77142247918746,19.97088321847581],[73.77107939225375,19.97059405349852],[73.7709043935382,19.97041118781342],[73.77070360059142,19.97020475391464],[73.77043985384346,19.96990291518991],[73.77022526766201,19.96965091108701],[73.7698072008126,19.96915496679506],[73.76960299110297,19.96891804730803],[73.7694218799784,19.96870928274334],[73.76904126693498,19.96822379907292],[73.7686452799163,19.96771833945426],[73.76812562817933,19.96705576180861],[73.7674483305039,19.96618998794118],[73.76708721458864,19.96575370100336],[73.7666183944586,19.96519715069855],[73.76644746592908,19.96498855433895],[73.7662944268461,19.96480309935464],[73.76599325018172,19.96443904463291],[73.76566330668476,19.96402829828218],[73.76553930255005,19.96387644335343],[73.76532272833282,19.9636214062093],[73.76493038891456,19.96316365813728],[73.76465859332272,19.96284157549488],[73.76442000072082,19.96256879523036],[73.76414515948291,19.96225854685832],[73.76383701809426,19.96193322782054],[73.76357268851964,19.96165584197609],[73.76342592735331,19.96150491968564],[73.76316929344662,19.9612540943623],[73.76283107860434,19.9609452310493],[73.76225228889906,19.96041370193186],[73.76188072322468,19.96007850021537],[73.76127627697467,19.95956355622086],[73.76092539034916,19.95926156353941],[73.76059420953396,19.95897338744118],[73.76030962878963,19.95873382257883],[73.7597366057161,19.95824953068119],[73.75935839434194,19.9579296679768],[73.75885607746157,19.95749621998362],[73.75850723507841,19.95719012546857],[73.75823160409782,19.9569503291229],[73.75831835359865,19.95686602221123],[73.75861513052205,19.95662099730088],[73.75911150951951,19.9570390517782],[73.7595549696432,19.95742699779888],[73.7599324553879,19.95774059793544],[73.76013755519003,19.95791531290854],[73.76060728465639,19.95829157183821],[73.76079609226701,19.95844656866711],[73.7612239649022,19.95882242734402],[73.76202075847627,19.95952357655748],[73.76246991194864,19.95992205791188],[73.76281326086075,19.96023328494682],[73.76313553647492,19.9605225628638],[73.76332667960529,19.96069262512208],[73.76379955151636,19.96113955496321],[73.76441952137436,19.96184005494355],[73.76461217054151,19.96206276945282],[73.7649511568417,19.96246132006958],[73.76538018174314,19.96296421184739],[73.76562242693717,19.96324671477212],[73.76591732474522,19.96358942171036],[73.76628237803476,19.96401574445387],[73.76655282436049,19.96433017307232],[73.76703733545659,19.96489290249318],[73.76742406102413,19.96534226159307],[73.76774850233743,19.96571850817713],[73.768015063482,19.96603054514224],[73.76830520789008,19.96641107528488],[73.76855813157923,19.96674394449939],[73.76879161828093,19.9670550701823],[73.76921091436883,19.967609287013],[73.76952738308363,19.96802666858053],[73.76973053212474,19.96829299836926],[73.77020205454629,19.96893306217403],[73.77051334532399,19.96935134996075],[73.77073128962091,19.96964873995078],[73.77109425554232,19.9701436741921],[73.77143740446309,19.97050252754707],[73.77173083403197,19.97076929829909],[73.77185561583386,19.97088372921431],[73.77207528789167,19.97108350998728],[73.77238184416751,19.97134073714293],[73.77255861302844,19.97148800800085],[73.77281362954577,19.97170348310645],[73.7729902222281,19.97185125620773],[73.7731916844197,19.97201464685917],[73.77348030293541,19.97224791159973],[73.77361395705424,19.97236990166281],[73.77383890014492,19.97257937251885],[73.77427679636742,19.97301661394552],[73.77445513491595,19.97319586242562],[73.77470901713622,19.97348595944414],[73.77505128098257,19.97388029642228],[73.77515844533858,19.9740030242663],[73.77546850896022,19.97434558417666],[73.77566934322839,19.97456769598572],[73.7758777300031,19.97480090462085],[73.776102128134,19.97505241413418],[73.77632372962465,19.97529878179589],[73.77658379693021,19.97558802115277],[73.77697115583676,19.97603343240427],[73.77753755313847,19.97668670860984],[73.77804316404023,19.97726769381604],[73.7782064715297,19.9774555851028],[73.77842233738441,19.97770457468955],[73.77881313342314,19.97815807914577],[73.77924684499261,19.9786791342473],[73.77961839713103,19.97913770625295],[73.77987646545658,19.97945672207747],[73.78005277117104,19.97967139876553],[73.78057524574885,19.98030084192951],[73.78083765252026,19.98061961524598],[73.78133254457356,19.98121823935766],[73.78144492367552,19.98134908756163],[73.78171850475223,19.98169361950583],[73.78190495134159,19.98197153112338],[73.78210592540027,19.98226791642158],[73.78217048410019,19.98236572507757],[73.78254869411688,19.9830783167002],[73.78282241558806,19.98373375772744],[73.78288612132555,19.9838850044074],[73.78310948994657,19.98434151463507],[73.78325513807451,19.98463643386449],[73.78354653167513,19.98518259194017],[73.78373829633846,19.98553934889548],[73.78387936845381,19.98574807591858],[73.78412473461627,19.98615821255531],[73.78445763080046,19.98667162507911],[73.78492548295529,19.98726133735764],[73.78529827957387,19.98760474737902],[73.78571122228452,19.987923376431],[73.7866169325146,19.98845731924432],[73.78800082331308,19.98920455934194],[73.78811809613852,19.98926960152794],[73.78920200967433,19.9898351017592],[73.79001784414238,19.99026009015908],[73.79122921931958,19.99090602741836],[73.7917472079408,19.99118211443896],[73.79210136932373,19.99136374719115],[73.79255519748315,19.99159861426089],[73.79322083592517,19.99194139640977],[73.79375590106409,19.99223650255634],[73.79444278850411,19.99262178486601],[73.79506126679155,19.99293775040747],[73.79574201750277,19.99331125726204],[73.79597925738605,19.99344030389645],[73.79726713666254,19.99413132170474],[73.79758797230885,19.99430452232478],[73.79857643581249,19.9948163296969],[73.7990405512746,19.99505296258292],[73.79941007997601,19.99523029696606],[73.79973284174767,19.99538300959105],[73.79999096066094,19.99551182288709],[73.80063440213256,19.99583463003685],[73.80089465832008,19.9960221217985],[73.8013543255626,19.99635010522424],[73.8019135398457,19.99681402829972],[73.80194090029768,19.99683681193027],[73.80227799979002,19.99717045894705],[73.80245282266617,19.99741693643986],[73.80260034547265,19.99762737086744],[73.8028527316368,19.99807373855015],[73.80309287612863,19.99866234698753],[73.80325375476085,19.99930041321527],[73.80330615264981,19.99956604358692],[73.80334857784806,19.99994877981039],[73.80335697884661,20.00003827538298],[73.80334988562834,20.00061885025818],[73.80334845315711,20.00077082897158],[73.80333071633648,20.00122967455065],[73.80332083038492,20.00148778848233],[73.80327800804749,20.00207229476275],[73.80324479214008,20.00253687326979],[73.80322645513776,20.00296544375697],[73.80320597779145,20.0033597677399],[73.80320425308044,20.00338953704464],[73.80320627670066,20.00369259104507],[73.8032067169503,20.00375100081683],[73.80322831721423,20.00407575809881],[73.80324497652322,20.00428540765466],[73.80331280108666,20.00464268796539],[73.80335515103596,20.00488234029402],[73.80348256295159,20.00538639898422],[73.80361537394958,20.00574616900186],[73.80373134742247,20.00602749429382],[73.80393235451186,20.00646058793419],[73.80407233544766,20.00670708256349],[73.80422691187266,20.00696006974018],[73.80440564119067,20.00724977982503],[73.80461738949833,20.00752457486727],[73.80477683361559,20.00775097149454],[73.80509698049495,20.00810512137615],[73.80535339870596,20.00836558949668],[73.80567495023067,20.00866672363145],[73.80581566992981,20.00878258850169],[73.80610788259402,20.00902122782117],[73.80647137030704,20.00927646038715],[73.80682670289792,20.00950011743482],[73.80685705562345,20.00951466106334],[73.80738003463765,20.00978783564668],[73.80757127917552,20.00987315291864],[73.80790130564685,20.01001864992093],[73.8085980231617,20.01026943026805],[73.80943707125307,20.01055323530142],[73.81033087093464,20.01085630702384],[73.81097785007304,20.01106065073179],[73.81169150500945,20.01130443638167],[73.8118217796137,20.01134773669649],[73.81235932250263,20.01154817238525],[73.81257394345441,20.0116338731377],[73.81265539185252,20.01166847137811],[73.81336108485357,20.01197251157516],[73.81354303373291,20.01205224298379],[73.81385963911693,20.01219619550949],[73.81409516963906,20.01230188686654],[73.81454614788801,20.01250342069907],[73.81492310918195,20.01267142756027],[73.81507031794699,20.0127385657336],[73.81537553715202,20.01287391947532],[73.8160764708992,20.01319344135768],[73.81689602925647,20.0135373282534],[73.81732233864864,20.01371734539492],[73.81749131253697,20.01378902240109],[73.8179619373705,20.01396931032075],[73.8181357801311,20.01402607038767],[73.81850041034548,20.0141467532905],[73.81898105807892,20.01428406388552],[73.81904088837531,20.01430184683843],[73.81933584953312,20.01440145556942],[73.8204934746757,20.0147676316843],[73.82139035412352,20.01504716099278],[73.82223596243982,20.0153110144236],[73.82295120818863,20.01554081253697],[73.82327860401732,20.0156481220992],[73.82394360126465,20.01586918742352],[73.82425014085808,20.01598102456778],[73.82455512350529,20.0160939372124],[73.82469841945269,20.0161480058428],[73.82498068780994,20.01625643905329],[73.82556734593351,20.01649749524924],[73.82594002667855,20.01664701370795],[73.82614683449547,20.01673189505369],[73.8267183144356,20.01699590306907],[73.8270660114764,20.0171642276544],[73.82761889598369,20.0174320502119],[73.82823329532593,20.01771497154422],[73.82908645619575,20.01811525262039],[73.82996246969348,20.01853920049519],[73.83071811929007,20.01890925165389],[73.83098140966541,20.01904217206336],[73.83123560092372,20.01918466252646],[73.83160280810708,20.01938714852247],[73.83193066804373,20.01957970181926],[73.83245053607844,20.01988692154394],[73.83319720632903,20.02032921919606],[73.83482031079828,20.02131490247111],[73.83583768483862,20.02193756572915],[73.83640533242577,20.02227918025921],[73.8373405244671,20.02281820017298],[73.8397364946114,20.02423180035723],[73.84031244003037,20.02459872336459],[73.84111221222534,20.02507534586374],[73.8417982668955,20.02543325063166],[73.84200845266572,20.02553638951406],[73.84207878073182,20.02515167520774],[73.84211145109997,20.02379770726266],[73.84212766934341,20.02360592763788],[73.84239850108979,20.02196343865805],[73.8425885775878,20.02098814984897],[73.84268623263866,20.02068207303822],[73.84286141724355,20.01941122131841],[73.84295145449848,20.01877282154306],[73.84304394092862,20.01715886197434],[73.84317645411441,20.01588016219871],[73.84327075318708,20.01540167730366],[73.84364457720007,20.01403540530093],[73.8438388232321,20.01328408251682],[73.8438454794622,20.01224759202723],[73.84388493509601,20.01149054466119],[73.84385062139702,20.01042327111097],[73.84398420889399,20.00728597645569],[73.84399965942187,20.00665468731914],[73.8440203576757,20.00615372112645],[73.84409250168952,20.00450567516687],[73.84415114703718,20.00312893152259],[73.84421186253809,20.00150204489989],[73.84423791199436,20.00017035410237],[73.84426793030663,19.99966087414852],[73.84433108949817,19.99832090838744],[73.84437254869368,19.99741100015282],[73.84439839019414,19.99712106239075],[73.84544345388389,19.99731860425293],[73.84735732892678,19.99761512677435],[73.84920795543196,19.99785887752953],[73.85085724614558,19.99826491213607],[73.85153753341415,19.99836115466106],[73.85342633162725,19.99850286316233],[73.85520084186862,19.99871327652322],[73.85590883983426,19.99884551112405],[73.85685036911674,19.99903165945109],[73.85766729306954,19.99914679852681],[73.85887944675727,19.99936238271087],[73.85962688948834,19.99950003331302],[73.86064427592964,19.99960460320002],[73.86260255694957,19.99974723108845],[73.86409339485886,19.99985607457403],[73.86545246357421,19.99997211921201],[73.8661466725379,20.00010437129997],[73.86800661136115,20.00051652171413],[73.86892350243734,20.0007255462939],[73.8696131568521,20.00084991826568],[73.87020227807899,20.00084962572198],[73.87087066940711,20.00074689230399],[73.87146765971625,20.00067002466627],[73.87174382174612,20.00064709740128],[73.87221748529501,20.00064320517046],[73.8729656515736,20.00070098765386],[73.87346297420532,20.00078292273523],[73.87399346731729,20.00085147879577],[73.87460005721059,20.00098300580453],[73.87504726705468,20.00105880149018],[73.87527292387796,20.00113567541487],[73.87571077384554,20.00128146269877],[73.87618322651419,20.00144581027486],[73.87638965328222,20.00149611424908],[73.87867727064337,20.00177654060739],[73.87905338279697,20.00180841217606],[73.87971754423579,20.00182326880408],[73.88017019639183,20.00181438062321],[73.88086052817347,20.00178860948362],[73.88162696805273,20.0017715979411],[73.88205848161175,20.00172572755855],[73.88256515000606,20.0016530904913],[73.8840093231536,20.00131225631474],[73.88683251497827,20.00062319737618],[73.88738968430634,20.00049076090701],[73.88883568264806,20.00016340593789],[73.8893615734648,20.00004086824232],[73.89021925195141,19.99974190803782],[73.89146858233879,19.99927495266783],[73.89284300186578,19.99877298791698],[73.89309124782001,19.99868548814383],[73.89333534022212,19.99857590193395],[73.89401485737241,19.99821745890892],[73.89427880629395,19.99803099095598],[73.89480580926431,19.99761257051301],[73.89542785040797,19.99717096293131],[73.89586576830978,19.99702651520695],[73.89630951704599,19.99691084191302],[73.89756543846548,19.99661029753224],[73.89813898866754,19.99648215002516],[73.89860184982263,19.99640450285081],[73.89942671325568,19.99646863643686],[73.90056151860605,19.99655900481993],[73.90241906857308,19.99673819001328],[73.90303439226147,19.99679912428422],[73.90414735240458,19.9969438221868],[73.90537782045733,19.99708588575948],[73.90608441031198,19.99711428713963],[73.90653984200965,19.99710883015881],[73.90762674779725,19.99709659046864],[73.90816011379837,19.99723535089885],[73.90925754299258,19.99764509403542],[73.91028271034195,19.99803799970033],[73.91048301561808,19.9981058702828],[73.91088018052827,19.99821762619379],[73.91139318474104,19.99819166848305],[73.91201761431957,19.99801142064561],[73.91227639685788,19.99791865751299],[73.91297222736085,19.99771027679895],[73.91324390539614,19.9976319155191],[73.91446349066078,19.9974293956712],[73.91522927424073,19.99737177903263],[73.91610760985415,19.99734135740729],[73.91628179549258,19.99733421678684],[73.91647649268805,19.99736974984685],[73.91722710650605,19.99754190374776],[73.9174036854923,19.99760034627574],[73.91783050494834,19.99780591375085],[73.91884055638033,19.9983617751521],[73.91980851762659,19.99895188443565],[73.92058850837078,19.99943690991007],[73.92157340842088,19.99990294840624],[73.92213125591009,20.00005713045525],[73.92250213980037,20.00012482419287],[73.92293936290326,20.00008962199539],[73.92454785633863,19.99981159911129],[73.92546161108798,19.99964179761449]]}},{"type":"Feature","properties":{"name":"VIP route 1 via Indiranagar : Trimbak road to Govt resthouse","stroke":"#f9f900","stroke-opacity":1,"stroke-width":4,"sourceFolder":"Routes / VIP routes.kmz / VIP routes / VIP 1 : Takli sangam Ghat (VIP) direct movement","source":"Mobility plan Nashik KMZ (NTKMA)","layer":"VIP routes"},"geometry":{"type":"LineString","coordinates":[[73.77833423785822,19.99338905293874],[73.77811722927353,19.99295192354235],[73.77684160710035,19.99305243459114],[73.77628934741472,19.99296460732441],[73.77571568602087,19.99314248156643],[73.77534244349688,19.99309567181109],[73.77488051666465,19.99303836843907],[73.77430078024922,19.99294925730572],[73.77364144901506,19.99285019150727],[73.77297292470774,19.99274207606047],[73.77250499908025,19.99270870751255],[73.77226275443859,19.9926911937326],[73.77151970537516,19.99254305489659],[73.77086319062384,19.99254205523449],[73.77046863382739,19.99254106393081],[73.77006541423773,19.99262496063243],[73.76968236011066,19.99270300276526],[73.76947158027785,19.99276641594596],[73.76939785905263,19.9927898301747],[73.76929937465519,19.99317821264567],[73.7692692444741,19.99352850086847],[73.76896999011572,19.99346565117536],[73.76862726253258,19.9933897040506],[73.76838637696916,19.99333992919399],[73.76819627642293,19.99280056812684],[73.768136461127,19.99270445583054],[73.7679440987822,19.99239513183042],[73.76767622000185,19.99231803358021],[73.76760250104539,19.99229949027798],[73.76719838530273,19.99218850465019],[73.76698829413863,19.99213287542168],[73.76647967613842,19.9920593893596],[73.76630628108697,19.99203596067395],[73.76581005257538,19.99196177237952],[73.76555047892005,19.99192662805188],[73.76516224397811,19.99183188817706],[73.76476620893821,19.99161164878824],[73.76436544369787,19.99138817577725],[73.76357586769102,19.99096685458375],[73.76334375602397,19.99083883144668],[73.76367975549559,19.99059149242676],[73.7639995713161,19.99034953454725],[73.76446244650379,19.99007277207356],[73.76466492350794,19.98995179541814],[73.76511014853857,19.98982334561202],[73.76552858871334,19.98970043169363],[73.7658744726937,19.98954260209285],[73.76649123617555,19.98925675065868],[73.76714064958215,19.9889502297682],[73.76747522511677,19.98876572884322],[73.76788743770551,19.98853742980886],[73.7686327033681,19.98813098677484],[73.76881544600504,19.98802951931539],[73.76918334352523,19.98778918668987],[73.76953117807572,19.98755405040788],[73.76996505414365,19.98725158906665],[73.77074869290622,19.98684300823071],[73.77112651103538,19.98662978303271],[73.77177950173723,19.98625970178204],[73.772634506198,19.98568659031551],[73.77294391507039,19.98547681533247],[73.77335891072937,19.98522979963619],[73.77370154179967,19.98502392711582],[73.77396327760391,19.98486924416305],[73.77429033258993,19.98467800653422],[73.77441673971117,19.98451889650484],[73.774823830545,19.98399007482226],[73.77525251134577,19.98341051908296],[73.77547366300061,19.9830885288605],[73.77568588597751,19.98278198351882],[73.77593506863464,19.98248731304658],[73.77660960496031,19.98169132596753],[73.77706582905878,19.98115997119094],[73.77749461374049,19.98066128055829],[73.7779762095121,19.98039572014903],[73.77889235571017,19.97991221566834],[73.77940303409198,19.97986049760109],[73.77954111775915,19.97984293283288],[73.77966155067315,19.97971608530277],[73.77939977652613,19.979364328271],[73.77918999580054,19.97908675916932],[73.7788577627471,19.97869158864818],[73.77811292801641,19.97784904384291],[73.7776602352148,19.97733702636781],[73.77742524180482,19.97707395814669],[73.77703903044028,19.97667000205767],[73.77677117570924,19.97639094025384],[73.77636731011788,19.97597385783851],[73.77576809962538,19.97529264059528],[73.77541511970199,19.97486136094744],[73.77519458851408,19.97458753472566],[73.77431340621496,19.97373629664912],[73.77372858471877,19.97287095339697],[73.7729908702743,19.97220205577716],[73.77208636457075,19.97144366749388],[73.77107824304193,19.97059129508441],[73.77090487677745,19.97041175255461],[73.77070764191451,19.97020877428334],[73.77017094240618,19.96958915986285],[73.76979713435199,19.9691436684344],[73.76941615505545,19.9687045698352],[73.76892101262816,19.96807274294064],[73.76828678094843,19.96725963902336],[73.76755636262487,19.96632711803066],[73.767049063725,19.96570768708433],[73.766724154994,19.9653251782809],[73.76661412282508,19.96519247150485],[73.76634319463625,19.96486460661188],[73.7657110134882,19.96408404604194],[73.76540583444594,19.96371812420935],[73.7649238486606,19.96315465928055],[73.76468581533139,19.96287622167225],[73.76437564585758,19.96251847106057],[73.76416700597754,19.96228427884936],[73.76399614120297,19.96210130953448],[73.76373352463561,19.96182125287153],[73.76322192587848,19.96130246619155],[73.7630431341897,19.96113804157274],[73.76287393826698,19.96098386122619],[73.76276130592235,19.96088213121033],[73.76228461786542,19.9604448053831],[73.76192514425348,19.96011970803054],[73.76163165976509,19.95986416837662],[73.76143792604435,19.95969911469426],[73.76107581760836,19.95939401894015],[73.76076199805217,19.9591174289807],[73.76020108662134,19.95863938274341],[73.75969464904382,19.95821203430697],[73.75921657535281,19.95780751724045],[73.75895886076484,19.9575875774423],[73.75853581984646,19.9572140503196],[73.75823169651234,19.95694861717503],[73.75746456121874,19.95630345009145],[73.75705145360426,19.95596872546747],[73.75686981329865,19.95579990163408],[73.75650760044802,19.95545711471329],[73.75636644123932,19.95532830083885],[73.75602575500629,19.95498825190527],[73.7558565744278,19.95482138058436],[73.75568753007762,19.95465936072649],[73.75546774705806,19.95440753164698],[73.75525246413397,19.95417293220837],[73.7550212802917,19.95393172648652],[73.7548337759615,19.95370458096694],[73.75467439886816,19.9535418777825],[73.7544399828364,19.95328586936004],[73.75360536906992,19.95239153864292],[73.7532045744316,19.95204078945531],[73.7532045744316,19.95204078945531],[73.7516762014074,19.95081755108546],[73.75093620522506,19.95024784536469],[73.74999659317746,19.94949939835366],[73.74948562812196,19.94909374390379],[73.74816799101424,19.94796138441533],[73.74758230455659,19.94743113473487],[73.74647548834963,19.94641353318092],[73.74539233042645,19.94537662818944],[73.74495112520188,19.94496077739223],[73.74456549335247,19.94456759796651],[73.74398937391459,19.94398868471131],[73.74181167682293,19.9462553236344],[73.74033116391907,19.94755344256271],[73.73768427378701,19.95020337370465],[73.73674558540814,19.95121573038039],[73.73631368953023,19.95166971941882],[73.73589098974811,19.95248210861168],[73.73544386463547,19.95340182954919],[73.73534842354826,19.95378060984302],[73.73522805017187,19.95422702743455],[73.73520364019576,19.95514443334082],[73.73521271301074,19.95569895853726],[73.73522487649905,19.95788906163196],[73.7351704650337,19.96149879805014],[73.73518324948307,19.96240850599518],[73.73517928631986,19.96324711726812],[73.73479475921447,19.96336681364353],[73.73455481190274,19.96347840686179],[73.73421816944483,19.96374591823958],[73.73368334005374,19.9644569525452],[73.73338494720488,19.96487152794659],[73.73316724958073,19.96524278267369],[73.73229638345632,19.96683286671869],[73.73162820644764,19.96803515609386],[73.73109378824242,19.96901177212887],[73.73039577882933,19.9702101553433],[73.72878467448638,19.9728292559325],[73.72855954884852,19.97313718749395],[73.72792002161069,19.97411649108442],[73.72779264993432,19.97432613613896],[73.72731702058415,19.97550448865692],[73.7271689010561,19.97586447506796],[73.72613081558373,19.97857281930616],[73.72573645122536,19.97945357263093],[73.72554165511913,19.9798858879828],[73.72520703925053,19.98074351734158],[73.72484924112787,19.98181426427378],[73.72465157607505,19.9824750471572],[73.72454489852575,19.98280751370104],[73.72414036759962,19.9841056338413],[73.72361533574298,19.98579796954281],[73.72303559009957,19.98555171554641],[73.72232729758728,19.98516706666595],[73.72120330240972,19.98470603068531],[73.72001807154169,19.98419838495718],[73.71952462583866,19.98399112553341],[73.71936535489719,19.98393308706732],[73.71911095303123,19.98380394706398],[73.7186119657507,19.98351076124893],[73.7182953070593,19.98331882545875],[73.71819855246387,19.98323288429721],[73.717577650743,19.98271014595227],[73.71720327378505,19.98239783451811],[73.71703396498667,19.98224327795871],[73.71690355662271,19.98214476301229],[73.716838403112,19.98209325353081],[73.71660416916313,19.98199792349997],[73.71625107175352,19.98186119286338],[73.71590864825562,19.98177460187942],[73.71509858942288,19.98160791226688],[73.71494673261768,19.98157553204905],[73.7147242835588,19.98153607182174],[73.71424807574171,19.98149881096717],[73.71403291439337,19.98152234062203],[73.71311374101704,19.98163932668533],[73.71288857117757,19.98165775158646],[73.71268776057666,19.9816633931589],[73.71251855570044,19.98162353026838],[73.71237324503257,19.98155714199829],[73.71220235671619,19.98144989582703],[73.71155122721737,19.98100970686939],[73.71121882985373,19.9807622691735],[73.71032930636451,19.98006345471805],[73.70988676138995,19.97975802148462],[73.70944249312177,19.97956371324623],[73.70880742530838,19.97943815902127],[73.70794644299893,19.97932959586092],[73.70757890812847,19.97929257456256],[73.70721694001111,19.97927473760268],[73.70684797709151,19.97925114757367],[73.70563504098592,19.9791346546111],[73.70495864741356,19.97905504203658],[73.70449389295068,19.97902882904792],[73.70390452734931,19.97900149213856],[73.7033936320611,19.9789822649023],[73.70264502108961,19.97895833870736],[73.70232228858488,19.97895585202901],[73.70208598623405,19.97894636103384],[73.70162308821212,19.97889413043492],[73.70140066647657,19.97883285574762],[73.70098270255473,19.97873401485474],[73.7004387658825,19.97859743016267],[73.70006988343395,19.97849888507275],[73.69950020107362,19.97839150513598],[73.6986598959493,19.97826316101989],[73.69741759886305,19.97810212977369],[73.69693278929873,19.97803904763294],[73.69530403070928,19.97778459872425],[73.69486641648636,19.97771867800298],[73.69458250463873,19.97762787282877],[73.69420251992038,19.97747352163861],[73.69384166542666,19.97734256457556],[73.6935646923809,19.97721879240963],[73.69332773362765,19.97711638851881],[73.69297718736902,19.97693191546317],[73.69260824861573,19.97673710274997],[73.69193962263968,19.97621450142983],[73.69153406394514,19.97588202917701],[73.69135759777556,19.97574128960184],[73.69060566790044,19.97543696095828],[73.69020647730434,19.97528115947442],[73.68983739469616,19.97514158904186],[73.68909383462233,19.97487672672812],[73.68828394792962,19.97459358112783],[73.68794741842845,19.9744770925226],[73.68694119477213,19.97411920384218],[73.68605200623117,19.97381402203314],[73.68576240640958,19.97369871946178],[73.6841331434791,19.97311055325472],[73.68331244059745,19.97284907472357],[73.68246193004546,19.97257530284596],[73.68173416824011,19.97237698555631],[73.68136449141875,19.97226756004541],[73.68098535395728,19.97216044073684],[73.68041709698183,19.97202837715982],[73.67951057223024,19.97181263564426],[73.67897997597167,19.97168787039482],[73.67831057574377,19.97153404239872],[73.67799039642343,19.9714508328788],[73.67774871797236,19.97137479498174],[73.67752943128657,19.97130549290288],[73.67719172674258,19.97119252528112],[73.67681790334055,19.97107513163093],[73.6756165341197,19.97069946183019],[73.67521059237188,19.97056644257353],[73.67463270146585,19.97037541505716],[73.6737503199787,19.97011362683697],[73.67226304401854,19.96963840636336],[73.67167352626355,19.96946389988574],[73.67070277433932,19.96916606450237],[73.6703708206467,19.96906216787076],[73.67001219284928,19.96894873302442],[73.66880181456388,19.96856327314602],[73.66818069150952,19.96836200126286],[73.66727568946585,19.96808408646609],[73.66712785153919,19.96803420899279],[73.66685390619566,19.96786724882697],[73.66668502408348,19.96777662387539],[73.66608145026707,19.96740113696195],[73.66575637357967,19.96723793398541],[73.66536487126662,19.96713478474316],[73.66520629987191,19.96709054095916],[73.66492258305857,19.96705040875373],[73.66477116028598,19.9670263331681],[73.6643364674081,19.96696100769064],[73.66349018609938,19.9668302721078],[73.66298176573127,19.96672709563646],[73.66282619413934,19.96667282750228],[73.66221964148568,19.96644792801472],[73.66174975894968,19.9662853718293],[73.66121101835692,19.96610190072118],[73.66102614642982,19.96605024041182],[73.66059311323913,19.96596836302215],[73.65956260802704,19.96585295590948],[73.65875586285972,19.96576151141771],[73.65695051200238,19.96563811166232],[73.65596841531985,19.96557289393908],[73.65523892190673,19.96552217065913],[73.65474909606779,19.96549178816419],[73.65437256746594,19.96546432455316],[73.65422298366809,19.96545134290754],[73.65392224083932,19.96542935309082],[73.6536548339942,19.96541642053406],[73.6533159548286,19.96538440571178],[73.65315270967996,19.96536232768532],[73.65293974267061,19.96534291636657],[73.65199240485984,19.96524879851847],[73.651138822616,19.96515123209964],[73.65006480347944,19.96501263575599],[73.64954391219175,19.96485659889469],[73.6486404800268,19.96456793384905],[73.64805692706261,19.96436555020299],[73.64788161267913,19.96430667581374],[73.64761126543942,19.96415393661137],[73.6469935347376,19.96379269673922],[73.64591817659738,19.963099409595],[73.6453856869107,19.96276787090013],[73.64466831256989,19.96231298201953],[73.64421706473539,19.96202110565245],[73.64393815340344,19.96183359415273],[73.64335364487444,19.96146607392237],[73.64314831807391,19.96133792190565],[73.64244766218891,19.96091158808115],[73.64212091365414,19.96072681725939],[73.6419523534546,19.96062915139106],[73.64163651962771,19.96044615360012],[73.64157295694078,19.96041281195299]]}},{"type":"Feature","properties":{"name":"VIP route 1 via Indiranagar : Ganagpur road to Govt. Resthouse","stroke":"#f9f900","stroke-opacity":1,"stroke-width":4,"sourceFolder":"Routes / VIP routes.kmz / VIP routes / VIP 1 : Takli sangam Ghat (VIP) direct movement","source":"Mobility plan Nashik KMZ (NTKMA)","layer":"VIP routes"},"geometry":{"type":"LineString","coordinates":[[73.77832413991942,19.99339163670709],[73.77817216862847,19.99307560681112],[73.77811482631823,19.99295796994957],[73.77801056979142,19.99296513462663],[73.77760298252002,19.99299946959982],[73.77732421288711,19.99302102526302],[73.77695023743011,19.99304937079227],[73.77684034671077,19.99305712707553],[73.77666259875407,19.99303034574933],[73.77629204097376,19.99297110993313],[73.77616803528252,19.99300675821027],[73.77571596606677,19.99314843593981],[73.77562069792968,19.99313607761361],[73.77543058562136,19.99311073359004],[73.77514641355467,19.99307631451312],[73.77487365906227,19.99304190434517],[73.7745651535049,19.99299460711476],[73.77417814516102,19.99293479551632],[73.77379985862964,19.99287804490396],[73.77361351658509,19.99284992779933],[73.77316591395952,19.99277658831626],[73.77297133514276,19.99274556137452],[73.77266137113558,19.99272318062195],[73.77226152729563,19.99269530955474],[73.7720313812624,19.99265060149883],[73.7715194727237,19.99254766399818],[73.77105426180387,19.99254654197947],[73.77047460282229,19.99254594613559],[73.77027856396576,19.99258756785274],[73.76994375918828,19.99265436677004],[73.76968865232894,19.99270620494114],[73.76949736025152,19.99276515358322],[73.76940280562378,19.99279694048282],[73.76930652962523,19.99317686006713],[73.76927897855627,19.9934629422996],[73.76927365937509,19.99353655292593],[73.7688938188288,19.9934554718755],[73.76857740985335,19.99338435093817],[73.76838480264318,19.99334610856431],[73.76819169672892,19.99280166442367],[73.76801321080595,19.99251794322636],[73.76794036829065,19.99239921693858],[73.76757340490127,19.99229569971546],[73.76713815761288,19.99217743702003],[73.76698570059817,19.99213645216204],[73.76646556350126,19.99206442611643],[73.76580630065418,19.99196669416353],[73.76554933717654,19.99193132806006],[73.7653610299628,19.99188571812799],[73.76515768480819,19.99183557373421],[73.76485950901291,19.99166805963288],[73.76412303955516,19.99126368400337],[73.76378872178051,19.99108592430911],[73.76344193730169,19.99089819918079],[73.76333484932341,19.9908376109192],[73.76354818627206,19.99068044451777],[73.7636797465451,19.990586084601],[73.76399668207625,19.99034508971916],[73.7642180824971,19.990214127972],[73.76451709551348,19.99003527478105],[73.7646591811557,19.98994921600536],[73.765054725584,19.98983495329595],[73.76538768163353,19.98973679253258],[73.76552703503187,19.98969476265788],[73.76597972954441,19.98948847219661],[73.76605892688623,19.9894496586922],[73.76655102516871,19.98922205876992],[73.76674016110958,19.98913207502049],[73.76713905411683,19.98894470636797],[73.76784607037769,19.98855398730099],[73.76815310137528,19.98838481084532],[73.76850921283147,19.98819048891646],[73.7688088915703,19.98802643901718],[73.76916554131894,19.98779540257986],[73.76944601843725,19.98760574323765],[73.76968129646882,19.98744269009615],[73.76996093295307,19.9872483684516],[73.77046422182373,19.98698455012758],[73.7707394673278,19.98684251852135],[73.7708997052088,19.98675255750312],[73.77136175513135,19.986488950022],[73.7717722900122,19.9862552302064],[73.77208326567464,19.98605012448367],[73.7723770023164,19.98585403596372],[73.77264582963258,19.98567392556335],[73.77275451588389,19.98559939976672],[73.77294237439948,19.98547135019041],[73.77344633760934,19.98517285751229],[73.77378542648454,19.98496813061173],[73.77428512287543,19.98467523517957],[73.77438593989147,19.98454662580871],[73.7746971237249,19.98414884471617],[73.77489813944715,19.98388060122256],[73.7751108098234,19.98359183930167],[73.77525331217522,19.98340132144362],[73.77544587803054,19.98311998302409],[73.77567971421412,19.98278187840155],[73.77599724023788,19.98240371573603],[73.77602352102032,19.98237278818164],[73.77645736548398,19.98186346560271],[73.77681539364113,19.98144342361443],[73.77698441657824,19.98124480550686],[73.77729916432548,19.98087905056685],[73.77748978283363,19.9806578179534],[73.7779591823595,19.98040113533392],[73.77820457934934,19.98026804111255],[73.77827936440605,19.98022934192353],[73.77862244308379,19.98004885852931],[73.77889003553256,19.97990733208297],[73.77931006655653,19.97986289421865],[73.77953718571452,19.97983735152924],[73.77965692407405,19.97971014055013],[73.77943567210167,19.97941332944812],[73.77929034770636,19.97922014316734],[73.7791983624417,19.97909797078076],[73.77896140530818,19.97881452437107],[73.77885410724772,19.97868906517566],[73.77862627142666,19.97842797846886],[73.77835195436121,19.97812130913231],[73.7780632046324,19.97779326475057],[73.77775876237085,19.97744873691389],[73.77743975861242,19.97709102248123],[73.77714135825146,19.97677585756835],[73.77682323170637,19.97644447466482],[73.77648103992401,19.97609038808734],[73.7763755021416,19.97598084288779],[73.77616126818016,19.97574017529783],[73.77575196772159,19.97527494702563],[73.77519335138679,19.97458479862312],[73.77473031248924,19.9741398479851],[73.77431212476436,19.97373489079097],[73.77372580167587,19.97287113987962],[73.7732081473168,19.97239740763395],[73.77299215109286,19.97220348368538],[73.77243176557919,19.97173613377318],[73.77185018867587,19.97124659106763],[73.77107626610437,19.97058963292708],[73.77071195783311,19.97021425756806],[73.77019394076936,19.9696167410658],[73.7698147725633,19.96916656920553],[73.76944520398521,19.96873708492223],[73.76919399636212,19.96841978342873],[73.76854547669126,19.96759011395945],[73.7679682153048,19.96685170698489],[73.76764544165373,19.96644126798318],[73.76737516530756,19.96610210321564],[73.76710367131692,19.96577309909628],[73.7668317095144,19.96544989315498],[73.76622146630578,19.96471760820111],[73.76589650627733,19.96431904548578],[73.76564038457663,19.96399958791976],[73.76528041494197,19.96357229067817],[73.76501431620112,19.96325778375197],[73.7647055279147,19.9629004270575],[73.7641046982672,19.96221665825469],[73.76360751254171,19.96169393510001],[73.76311111792285,19.96119860027927],[73.76277840718932,19.96089151269518],[73.76240306511065,19.9605488436863],[73.76186804173386,19.96006817328561],[73.76153487430192,19.95978062386484],[73.76104501592216,19.95936569686423],[73.76076452868013,19.95911508834664],[73.76039021279708,19.95879894784146],[73.7596395748101,19.95816633692489],[73.75879649911815,19.95744827595309],[73.75852654234366,19.95720578205577],[73.75816005709771,19.95688673355833],[73.75735940163032,19.95621805461117],[73.7570548525365,19.95597255874175],[73.75655545088472,19.95550314636147],[73.75630144819574,19.95526096980272],[73.75568985497496,19.95465867867448],[73.75525680394635,19.95417752135559],[73.75503003892024,19.95393952365184],[73.75483610860655,19.95370910996844],[73.754391697958,19.95323320632972],[73.75374107472656,19.95253728301017],[73.75360369364819,19.95239062069581],[73.75326935865235,19.95209948087177],[73.75300846643793,19.95188291577965],[73.75249980491255,19.95147622736409],[73.75194789712135,19.95103464159133],[73.75171612965659,19.95084977759188],[73.75121829900843,19.95046682643816],[73.7503955815113,19.9498152427709],[73.74970400976893,19.94926776773113],[73.74949148068714,19.94909679506998],[73.74905804942793,19.94872502361555],[73.74853775375581,19.94827835382133],[73.7481635167287,19.94795550153072],[73.74781308812409,19.94763838921808],[73.74743691584406,19.9472967245889],[73.74663102180142,19.94655813856934],[73.74626798104107,19.94621510467588],[73.74558500170009,19.94556153308802],[73.74499315663252,19.94500145343475],[73.74471539382861,19.9447201019576],[73.74398985587612,19.9439881765677],[73.74181167682293,19.9462553236344],[73.74033116391907,19.94755344256271],[73.73767595117212,19.95021276901745],[73.73725618355888,19.95066578726637],[73.73631571692667,19.95166868504012],[73.73590766715829,19.95245016069551],[73.7354462260147,19.95339854053097],[73.73536712614899,19.95370673280769],[73.73522843513696,19.95422289176033],[73.73520492965596,19.95514611732038],[73.73521092058681,19.95563060110015],[73.73522378812805,19.9578875453995],[73.73520631192234,19.95919338838064],[73.73518197589509,19.96073159042519],[73.7351687676643,19.96150966479502],[73.7351841916149,19.96242535487572],[73.7351790415556,19.96324757633501],[73.73479335762647,19.96336634964038],[73.73455937823539,19.96347693730567],[73.73421492771168,19.96374787634797],[73.73373234316658,19.96439225572323],[73.73338447432488,19.96487074924633],[73.7332757473035,19.96506196371694],[73.73317133192312,19.96523695638055],[73.73279479270974,19.96592451821963],[73.7323975179537,19.96664886147597],[73.73230931166015,19.96681000505083],[73.73195778104336,19.96744154057876],[73.73157001193806,19.96813937974898],[73.73115762983186,19.9688933730993],[73.73087416260351,19.96938586596658],[73.73064921599271,19.96977520872625],[73.73037963699969,19.97023796299239],[73.73008701873536,19.97071158494207],[73.7298133938213,19.97115661919707],[73.72948105210158,19.97169493956138],[73.72914685195707,19.97223944573043],[73.72878048305084,19.97283547967101],[73.72866683146852,19.97299177513077],[73.72855620670177,19.97313981769576],[73.72823152869651,19.97364040137353],[73.72794649370887,19.97407618667563],[73.72779439090799,19.9743211297573],[73.72755896837744,19.97490408066212],[73.72731965523332,19.97549680852893],[73.72721046984256,19.97576594245838],[73.72702948062819,19.97622374830071],[73.7268552051669,19.97668483701206],[73.72661865230349,19.97730000230197],[73.72636754766536,19.97795323159263],[73.72614020254888,19.97855556532025],[73.72585537715406,19.97918799845248],[73.72557477247155,19.97981299098098],[73.72552276057736,19.97993220260346],[73.72520830699659,19.98074213006977],[73.7249292650727,19.98157340477678],[73.72484321468366,19.98183599203852],[73.72468064505415,19.98238415576384],[73.72451120483699,19.98291622171827],[73.72433702950117,19.98347635628017],[73.72414402101884,19.98409627477561],[73.72393773828638,19.98475641734947],[73.72361745144617,19.98579711280481],[73.72303595641318,19.98555156697104],[73.72233103919261,19.98516992414038],[73.72118916622335,19.98469944331729],[73.72039742522361,19.98436190832766],[73.71977607305364,19.98409645006338],[73.71953770767081,19.98399478949123],[73.71936849278035,19.9839350742101],[73.71909279463371,19.98379501751802],[73.71864862506163,19.98353166668162],[73.7182987998971,19.9833209265359],[73.71738699419014,19.98392016852603],[73.71709347906055,19.98413958985222],[73.71636082662867,19.98493627619885],[73.7160458914553,19.98534092190591],[73.7157418879242,19.98569338606225],[73.71561433370002,19.98590073137798],[73.71513453909633,19.98662826194918],[73.71493722699833,19.98694472891649],[73.7138618994962,19.98871135112282],[73.7130480996093,19.99003704455262],[73.71281918748558,19.9903793186251],[73.71245414842333,19.99093367924369],[73.7121769838803,19.99146002919538],[73.71184333884014,19.9920738826177],[73.71171205996161,19.99234278275835],[73.71144722177016,19.99330173475094],[73.71147484779505,19.99428968607736],[73.71148257717904,19.99449872881971],[73.711499666854,19.99657575333666],[73.71147804941866,19.99882123634526],[73.7114529031331,20.00029647286709],[73.71144212735231,20.00199598998383],[73.7114400456505,20.00291836813037],[73.71143756096617,20.00324187937725],[73.71142086455978,20.00393696933987],[73.71146116167579,20.00482953174728],[73.71151150120083,20.00515494570385],[73.71169141146689,20.00613637010712],[73.71194664409326,20.00672959530863],[73.71242672904958,20.00745445838313],[73.71285905285202,20.00811625068947],[73.71330615604771,20.00886518160095],[73.71373319268696,20.0095637475218],[73.7139521262552,20.00992572847019],[73.71412967876435,20.01023964062966],[73.71485339628217,20.01173578302659],[73.71500016790344,20.01208671681628],[73.71511823303125,20.01258679201521],[73.71527486566485,20.0128583942157],[73.71571827641827,20.01362409623329],[73.71614971629354,20.01433307339503],[73.71676944522058,20.01541719709937],[73.71700697593681,20.01583528250574],[73.71716333068771,20.01607981390373],[73.71774621296179,20.0171186940616],[73.71833981719057,20.01817497791056],[73.71858256663656,20.01863031542948],[73.71884564121751,20.01916809231176],[73.71902848586832,20.01961748364436],[73.7193649497118,20.02037530333544],[73.71962622407163,20.02090264019575],[73.7198788647865,20.02133181528639],[73.72002748664941,20.02154027622095],[73.72049854657067,20.02199823824998],[73.7209294207879,20.02245181187361],[73.72111385212949,20.02274830239739],[73.72115413378677,20.02289439928074],[73.72113507530787,20.02335386969762],[73.72118778297529,20.02384816449646],[73.7213673660668,20.02408636403362],[73.72160241244633,20.02429753806899],[73.72173968088731,20.02451941465221],[73.72130850522645,20.02481793397835],[73.72048489242867,20.02539805075387],[73.72014504840288,20.02558703838593],[73.7198098279487,20.02585311165216],[73.71944237392795,20.02615695073672],[73.7189588189879,20.02660676103766],[73.71848848028466,20.02709696561174],[73.71829989418667,20.02731638166064],[73.7175683995121,20.02826588500745],[73.71691404658979,20.02909570279548],[73.7166787503929,20.02933223415261],[73.71626683766077,20.0296666782692],[73.71593495188293,20.0298851986157],[73.71567177074019,20.02998210311856],[73.71560554316888,20.03000241265018],[73.71519643032927,20.03007420220715],[73.7149785040443,20.03008898758271],[73.71461479193286,20.03006593850414],[73.71400454271657,20.02998571664213],[73.7133844139962,20.02988871519553],[73.71239297016885,20.02972782094599],[73.7112454748042,20.0295425303403],[73.71004422331316,20.02937346367958],[73.70939709287238,20.02929288339081],[73.70905962047564,20.02927140435905],[73.70794622333761,20.02923132163272],[73.70768066984034,20.02922766871136],[73.70687197060197,20.02926838646361],[73.70638722182721,20.02930274072948],[73.70590261582744,20.02935075499044],[73.70531058638825,20.02941423931174],[73.70417628497233,20.02956986862086],[73.70316312720216,20.02970931602928],[73.70236204559805,20.02980335798372],[73.70208195737709,20.02986102157307],[73.70165026981073,20.03003506326264],[73.70135691598779,20.03018926305695],[73.70104152170177,20.03041859728684],[73.70096390523608,20.03048912147045],[73.70064466090179,20.03089148201895],[73.70039214082186,20.03121463582659],[73.70024102627443,20.03137419622728],[73.69995767190898,20.03158053456397],[73.69971860287659,20.03167968143687],[73.69882675511708,20.0318715146548],[73.69795586733086,20.03203610128831],[73.69736732801871,20.0321596483792],[73.6950724646683,20.03259656255248],[73.69368699123258,20.0328336125721],[73.69307694098701,20.03293119779745],[73.69095853917888,20.0332746562841],[73.69074182948742,20.03331912396984],[73.6899032883162,20.03343411490691],[73.6896030470261,20.03347777337607],[73.68946760629301,20.0335340969867],[73.68936538185935,20.03368044248046],[73.68933804741164,20.03405555485042],[73.68934435494076,20.03462238482239],[73.68934987709551,20.03557315209685],[73.68934825326498,20.03619489960295],[73.68931273574498,20.03691174353818],[73.68927763169424,20.03738132123244],[73.68909118803626,20.03911806803335],[73.68898321636827,20.04004811953462],[73.68883889103402,20.04096096876751],[73.68873187488113,20.04151199655961],[73.6885569504643,20.04197361962931],[73.68807433116127,20.04285181760391],[73.68775129726697,20.043394572605],[73.68764545357104,20.04358560130261],[73.68722314231029,20.04432367887123],[73.68695217338451,20.04481207116164],[73.68662596704064,20.04535752651142],[73.6862948058849,20.04592609505943],[73.68611232136794,20.04626903615545],[73.68598303446382,20.04653847112018],[73.68588629295803,20.04684713889113],[73.68577537662418,20.04731451743314],[73.68569067492854,20.04767630397331],[73.68550514278579,20.0485158933211],[73.6853764505663,20.04909641880584],[73.68520404210375,20.04988042887009],[73.68507537753469,20.05043669619128],[73.68493175296287,20.05106244793481],[73.68485215436198,20.05140989873688],[73.68465151593412,20.05228095953225],[73.68447706144784,20.05302887324788],[73.68432913292932,20.05366761995377],[73.68410460938244,20.05457145738024],[73.68387233346269,20.05560900706768],[73.68375130703528,20.05616616341291],[73.68355981321906,20.05697457956538],[73.68333069090352,20.05797801277458],[73.68306599696477,20.05908517409794],[73.68285947691447,20.06000326969446],[73.68278408706978,20.06038008373158],[73.68275608879692,20.06061112197069],[73.68274289270555,20.06079973370635],[73.68273968820183,20.0611196134472],[73.68275857649665,20.06145040075522],[73.68278144229961,20.06161553512828],[73.68310876364625,20.06315611634621],[73.68325162709604,20.06374523461327],[73.6833885502121,20.06436961635343],[73.6835598105764,20.06514913607444],[73.6837358206188,20.06592421344725],[73.68378680140289,20.06615398845464],[73.68401187965215,20.06718379988367],[73.68404993754105,20.06741871907128],[73.68407862404761,20.0676907807413],[73.68407001102794,20.06809054060101],[73.68404766959826,20.06836833819155],[73.68402451292212,20.06855478246259],[73.68395182193899,20.06888611347658],[73.68386796051615,20.06918110965609],[73.68373265032588,20.06965163946991],[73.68369781943935,20.06976739307507],[73.68357842190915,20.06988401063659],[73.68337397229111,20.06997734830561],[73.68297611949271,20.07004930542093],[73.68270744077459,20.07009211978085],[73.68225298888687,20.07012667069829],[73.68167456960488,20.07016949412002],[73.68084101445322,20.0702223263767],[73.68016216441687,20.07025535286019],[73.67984020985357,20.07026649380352],[73.67822659604046,20.07038517372752],[73.67744953301204,20.07044245606711],[73.6766100906066,20.0704849775714],[73.6757771042166,20.07054862469752],[73.67554283790402,20.07056462174379],[73.67459612071417,20.07062945972851],[73.67367724230627,20.07069324686186],[73.67321554784843,20.07072414466323],[73.67226797929875,20.07079391735693],[73.67143284346493,20.07084440086712],[73.67049250835079,20.07089800031633],[73.66974018041888,20.07094575704086],[73.66954452013323,20.07096061793575],[73.66855441969753,20.07102505515001],[73.6670420940498,20.0711212509292],[73.66662846757293,20.07114836124497],[73.66592005287104,20.07118766027168],[73.66541112213564,20.07124724316874],[73.66462053981662,20.07130601940651],[73.66393921070127,20.07133990798039],[73.6634824991081,20.07136159263041],[73.66319038785535,20.07139400486044],[73.66311388924115,20.07141574112659],[73.66297231757282,20.07153837706575],[73.6628267949134,20.07173999700386],[73.6624854590515,20.07233516326647]]}},{"type":"Feature","properties":{"name":"VIP route 1 via Indiranagar : Mumbai road to Govt resthouse","stroke":"#f9f900","stroke-opacity":1,"stroke-width":4,"sourceFolder":"Routes / VIP routes.kmz / VIP routes / VIP 1 : Takli sangam Ghat (VIP) direct movement","source":"Mobility plan Nashik KMZ (NTKMA)","layer":"VIP routes"},"geometry":{"type":"LineString","coordinates":[[73.7784362173816,19.99336560371426],[73.77816889768955,19.99288334728326],[73.77685555975101,19.99298069108829],[73.77631458690712,19.99288608805216],[73.77569661638843,19.99307103625025],[73.77500181071598,19.992969257841],[73.77309782262114,19.9926909882739],[73.77269040159999,19.99265982623326],[73.7722957440742,19.99262705334533],[73.77179177404592,19.9925331429478],[73.77154074009276,19.99248400632112],[73.77093946992372,19.99248189293722],[73.7704774944561,19.99248546543468],[73.77004171883614,19.99257090448761],[73.7696765503955,19.99264419213994],[73.76935729569469,19.99274238245704],[73.7692385816998,19.99316488631207],[73.76922241610016,19.99346388525836],[73.76890846315017,19.99340007103775],[73.76842916855293,19.99329984280268],[73.76832434750811,19.99300129329055],[73.76824388069174,19.99277080649674],[73.76797909935968,19.99235345089821],[73.76777358443562,19.99229339739385],[73.76739323063127,19.99218726702963],[73.76700445278199,19.99208657090566],[73.76650614806881,19.99201584741627],[73.76601844495623,19.99194386121431],[73.76557667736691,19.99188257850727],[73.76519943302696,19.99178929081747],[73.7643974549014,19.99133492710387],[73.76414430456101,19.99120574242994],[73.7634356916862,19.99083590244669],[73.76367428303745,19.99065589142251],[73.76404669744568,19.99037921112029],[73.7644654833534,19.99012375027527],[73.76463368946779,19.99002428946767],[73.76468894596496,19.98998920375731],[73.7651384616534,19.98986251897262],[73.7652904576733,19.98981980909228],[73.7655480543972,19.9897391394764],[73.7657884139086,19.98963232856544],[73.7661365521737,19.98947138031992],[73.76636308473228,19.9893676186351],[73.76659487705506,19.98926233205463],[73.76686314243351,19.98913666010382],[73.7670808599218,19.98903591415406],[73.76718434271372,19.98898806003221],[73.76748262794314,19.98882236541564],[73.76773464485056,19.98868579299921],[73.76808010531548,19.98849322607817],[73.76843809622352,19.98829548505589],[73.76887110565315,19.98805986732531],[73.76907980481784,19.98792158041631],[73.76933697034191,19.9877591185874],[73.76939092787244,19.98771865147642],[73.76968889118481,19.987516310545],[73.76981713648146,19.98743135259086],[73.76988785987248,19.98738426042592],[73.77000391469225,19.98729405874881],[73.7702845563894,19.98715213381621],[73.77045006165352,19.98706474079261],[73.770684215109,19.98693700937546],[73.77076139838975,19.98689688713],[73.77086229315097,19.98684032674801],[73.77093132575402,19.98680128697775],[73.77124906914685,19.98662247922291],[73.7715510973719,19.98644797167553],[73.77179047604336,19.98631064916103],[73.7720626783844,19.9861339991806],[73.7723083994717,19.98597042898377],[73.7727516153483,19.98567103210972],[73.77292019141159,19.98555828724843],[73.77318557395199,19.98539299228193],[73.77333082122392,19.9853078640146],[73.77373579749758,19.98507066282192],[73.77406228256386,19.98487908399971],[73.77432968900172,19.98472359608477],[73.77444058034737,19.98457450370306],[73.77469211940318,19.98424752396598],[73.77489754181373,19.98397523768372],[73.77509177374715,19.98371801988259],[73.77519647823397,19.98357960953689],[73.7752770528,19.98346955861872],[73.77548763941857,19.98316566663903],[73.77572309806139,19.98281433177567],[73.77607566318507,19.98240062006091],[73.7761824061999,19.98227268210786],[73.77652202343418,19.98188279203787],[73.77668541607972,19.98169821478981],[73.7768755737458,19.98147776638898],[73.77717593623902,19.98111838328548],[73.77754120248784,19.98069317700092],[73.77771934960816,19.98060016966842],[73.77812624098318,19.98038305175606],[73.77863551514817,19.98011279150407],[73.77889913566169,19.97996974900293],[73.77916183103258,19.97993792049541],[73.77955290645653,19.97989128875766],[73.77968859284222,19.97975008475113],[73.77937542111074,19.97933103615997],[73.77919267484899,19.9790914073714],[73.77894865260339,19.97879788882678],[73.778864868048,19.9786998906882],[73.77865982739337,19.97846708506559],[73.77836292684616,19.97813380954048],[73.77794773928207,19.97766103142778],[73.77762976692784,19.97730258762718],[73.77741062273913,19.97705825670795],[73.77707089531746,19.97670249285079],[73.77664370893135,19.97626048973876],[73.77636719407326,19.97597341497495],[73.77582527500981,19.97535843323282],[73.7757495092685,19.9752714512006],[73.77535431872266,19.97478390922551],[73.77519404050808,19.97458516079958],[73.77478332731275,19.97418849872807],[73.77431332152341,19.97373359771605],[73.77372703569526,19.97287098222205],[73.77320805983005,19.97239844660558],[73.77298805286955,19.97220147715107],[73.77264734665538,19.97191519946139],[73.7724235113685,19.97172741399983],[73.77196511566486,19.9713421667034],[73.7715213259863,19.97096731884021],[73.77107986773882,19.97059379283922],[73.7707027454614,19.97020441437001],[73.7703299617216,19.96977616756297],[73.76976418304497,19.96910566273264],[73.76941205150536,19.96869488608714],[73.76921878237681,19.96845102803273],[73.76882427500284,19.96794702728595],[73.76832178355804,19.96730462479508],[73.76793660444872,19.96681255012708],[73.76760546073132,19.96639027453213],[73.7674400562407,19.96618045607956],[73.76712384618895,19.96579992330668],[73.76663936471593,19.96521990455833],[73.76639703803923,19.96492739129452],[73.76597279929462,19.96441256703637],[73.76556557289369,19.96390650262436],[73.76496453923437,19.963203468431],[73.7646344096922,19.96281687538888],[73.76428055024653,19.96241041180718],[73.76405914788504,19.96216936006451],[73.76378641260892,19.96188047053611],[73.76358705228355,19.96167016085575],[73.76340489290912,19.96148853103905],[73.76316609218617,19.96124962043734],[73.76265957494257,19.9607867004957],[73.7620573160053,19.9602385851286],[73.76162604869317,19.95985989832992],[73.76108490515526,19.95940317736956],[73.7607357644666,19.95909039816508],[73.76036168196224,19.95877545191507],[73.75997192953818,19.95844795711087],[73.75939157237828,19.95795629575394],[73.75885891649945,19.9575011269857],[73.75851170260925,19.95719291036413],[73.7582319179846,19.95694879734381],[73.75792155179536,19.95668737401186],[73.75749412538259,19.95632981475039],[73.75718000558976,19.9560734915928],[73.75705735587815,19.95597445595943],[73.75637798393488,19.95533741864233],[73.75568778693612,19.95465792534069],[73.75545458556188,19.95439564464386],[73.75526956926556,19.95419085749456],[73.75507881451638,19.95399073834232],[73.75501942268527,19.95392977527522],[73.75483316085645,19.95370371849383],[73.7546756144118,19.95354165219877],[73.75419953898759,19.95302726200603],[73.75360632364918,19.95239418097256],[73.75320141549919,19.95203976576703],[73.7523860539645,19.9513853425997],[73.75161261060917,19.95076767339923],[73.7512592834587,19.95049749055921],[73.75092726447531,19.95023791737579],[73.75032822689398,19.94976251406052],[73.74961930227218,19.94919889661394],[73.74948458941839,19.94909302885615],[73.74913429717809,19.94879029071691],[73.74822028678138,19.94800523309702],[73.74754492229152,19.94739532844834],[73.74740954234497,19.94727213755697],[73.74680255789023,19.9467148763231],[73.74594404648269,19.94590625862999],[73.74532726962231,19.94531706240875],[73.74503103141728,19.94503759454714],[73.74478688114561,19.9447920435274],[73.7441849432706,19.94418494177312],[73.74397491766237,19.94397246737881],[73.74280131421962,19.94276481141211],[73.74184260429232,19.94214632898882],[73.74136585207599,19.94187185803645],[73.74098706132682,19.94155261174583],[73.74029545363979,19.94095150431161],[73.73987787661004,19.94053454040396],[73.73822623768935,19.93879932811739],[73.73796878041952,19.93855223176911],[73.73722394773912,19.93786126432685],[73.73651297112698,19.93719787191686],[73.7359947455878,19.93677801106152],[73.73519715474018,19.93628959129596],[73.73336275883408,19.93568222044404],[73.73234485207254,19.93530132605023],[73.73156295154445,19.93492624775477],[73.72997286123311,19.93414074613047],[73.72869848139989,19.9335037511728],[73.72818745899991,19.93328657949593],[73.72597658478647,19.93248762556327],[73.7251827821491,19.9322414729871],[73.72486355622483,19.93212773610506],[73.72432597287005,19.93187816898789],[73.72407411267548,19.93173027316811],[73.72350355693605,19.93133458308204],[73.72275093429482,19.93071045624507],[73.72201378214373,19.93013474449957],[73.72147049456733,19.92973126205893],[73.72113211645582,19.92945826488398],[73.72014575358219,19.92867357362789],[73.71930414608471,19.92800205125385],[73.71883557354295,19.92762951379064],[73.71855178576531,19.92737394220644],[73.71821443754065,19.92704213549092],[73.71788389777491,19.92670298819431],[73.71744399573194,19.92609222993166],[73.71702132805568,19.92538215813701],[73.71614141439782,19.92387078224879],[73.71558768041038,19.92292780653252],[73.7154948211514,19.92275720474859],[73.71497031690892,19.92186851059269],[73.71479360418513,19.92156332241006],[73.7144017551367,19.92088371891672],[73.71406703285025,19.92033396104519],[73.71369152817715,19.91968575879489],[73.71346172604915,19.91929630803302],[73.71286947701745,19.91824659393429],[73.71236653457544,19.91745300738247],[73.71197014214093,19.91696921675311],[73.71159858865977,19.91657882355238],[73.71069016112065,19.91571325697986],[73.70898213058558,19.91397622740772]]}},{"type":"Feature","properties":{"name":"VIP route 1 : Deolali station to Nandini sangam ghat","stroke":"#f9f900","stroke-opacity":1,"stroke-width":4,"sourceFolder":"Routes / VIP routes.kmz / VIP routes / VIP 1 : Takli sangam Ghat (VIP) direct movement","source":"Mobility plan Nashik KMZ (NTKMA)","layer":"VIP routes"},"geometry":{"type":"LineString","coordinates":[[73.835891654895,19.89769279946647],[73.8360436013756,19.89816102432443],[73.83604594116132,19.89849916906624],[73.83595955262669,19.89882122051154],[73.83569982086782,19.89894358613843],[73.8353213784831,19.89910734237199],[73.83505017402119,19.89923692861503],[73.83461757383083,19.89928499759522],[73.834600157765,19.89928499897424],[73.8337716404542,19.89934888882748],[73.8328701989419,19.89950181831186],[73.83284909371825,19.89958536757539],[73.83277395255638,19.90027563167317],[73.83272825177092,19.90070095482709],[73.83250225836353,19.90097491127823],[73.83208921100041,19.90142385751847],[73.83210383830512,19.90169072042973],[73.8322161885643,19.90180214613721],[73.83257872824487,19.90229446808182],[73.83281455353654,19.90260099257751],[73.83283738915857,19.90284222815862],[73.83286907820425,19.90334452129155],[73.83290634616688,19.90403552571266],[73.8329537301206,19.90487400019578],[73.83298989424257,19.90608871298511],[73.83303959714932,19.90786358532525],[73.8330659897329,19.90871168471303],[73.83313598447246,19.91044689883952],[73.83315071747732,19.91113758014795],[73.83321246921244,19.91248470208155],[73.83326891553902,19.91384840898993],[73.8333455750179,19.91524643490584],[73.83340129791452,19.91627246263342],[73.83352140950858,19.91832652608885],[73.83362401268563,19.91974175039348],[73.83369776112592,19.9209731186663],[73.83383346927512,19.92285923184782],[73.8338992842812,19.92399139306354],[73.83402132960668,19.9256976896251],[73.8341136197315,19.92727599256801],[73.83421603051158,19.92905006325296],[73.83438154331016,19.93135720229577],[73.83448635712122,19.9333680994127],[73.83451149530828,19.93387208572679],[73.83457866010689,19.93496262679586],[73.83466590924543,19.93652334933018],[73.83468039020495,19.93739763852721],[73.83452555131707,19.93738308564342],[73.83355253469252,19.93731244860304],[73.83253556610119,19.93722141670121],[73.8317494008263,19.93717522511243],[73.83143899785536,19.93717323967462],[73.83092955491283,19.93724800663923],[73.83075918587451,19.93729780530207],[73.83091125721279,19.93765279208583],[73.83131184165704,19.93809567840981],[73.83167873602221,19.93854490569236],[73.83196129370329,19.93891655822248],[73.83196914549659,19.93934700877658],[73.83195008867634,19.93960950828575],[73.83190471154172,19.94002110692869],[73.83184120668692,19.9404466748813],[73.83152813257814,19.94143666982304],[73.8314419376786,19.94168126826678],[73.83134451918687,19.94199950501199],[73.83101995227916,19.94231719554657],[73.8307409617545,19.94244153865512],[73.83040101991013,19.94257341198895],[73.82976536427023,19.94261472367338],[73.82870889804805,19.9426149137261],[73.8284844791808,19.94261862199051],[73.82823697514237,19.94319999480084],[73.82782047667179,19.94402432609678],[73.8276130062872,19.94441510365417],[73.82731491304675,19.9450518650242],[73.82699371185481,19.94631708565167],[73.82687276983644,19.94664998467815],[73.82666455170457,19.94675766819901],[73.82657838823835,19.94702166449547],[73.82650335959266,19.9474582613514],[73.82635540363277,19.94824115200162],[73.82621874839067,19.94898856362023],[73.82610307410502,19.94960444379718],[73.82596550480767,19.9502286487214],[73.82576496546642,19.95086912237205],[73.82555435523736,19.95153421127748],[73.82539804627393,19.95225590104781],[73.82529229422033,19.95271811897429],[73.82499613749094,19.95379445298823],[73.82476238191006,19.95474060066831],[73.82465875715775,19.95512431523633],[73.82447596677929,19.95619367032539],[73.8242302489128,19.95737330521528],[73.8241494112146,19.95775469155656],[73.82395118213118,19.95820349021449],[73.82361631770095,19.95889008777668],[73.82324636452896,19.95970497055325],[73.82282053733759,19.96042135258719],[73.82225026371812,19.9615321060297],[73.82175251216196,19.96251991059757],[73.82119379041475,19.96357780282095],[73.82094392152054,19.96415683346438],[73.82048153903287,19.96508261293582],[73.82016733463425,19.96559833819205],[73.81961923454767,19.96657237360694],[73.81941464266411,19.96734768811288],[73.81920293159727,19.96823787244746],[73.8191109539482,19.96858837717062],[73.8185101091554,19.96910084106063],[73.81820158363884,19.96936253872184],[73.81709951341789,19.97018089965283],[73.8167872585271,19.97040939566161],[73.81509522880451,19.97203183756026],[73.81390739982078,19.97316771891683],[73.81253640494091,19.97448776875562],[73.81191813106983,19.97507770295027],[73.81150151398305,19.97548023135702],[73.81085926011019,19.9761718723087],[73.81015581847656,19.97693512496195],[73.80919799137304,19.97797758878304],[73.80872552267498,19.97849241283622],[73.80775413470558,19.9794315706148],[73.80771123859323,19.97955500077655],[73.8081173660135,19.9797874927949],[73.80880622236367,19.98018488225144],[73.80947035516216,19.98057269984535],[73.81024726759188,19.98102541821595],[73.81096115638,19.98144578407221],[73.8115245260217,19.98180114864053],[73.81265977229448,19.98251300098452],[73.81320762430852,19.98285996673728],[73.81368844836464,19.98314753199687],[73.81463409856562,19.98370728564903],[73.81494770219615,19.98388778255034],[73.81584113238809,19.98441155997471],[73.8162290345008,19.98463690036352],[73.81691178818481,19.98483456807569],[73.81736639042661,19.9848533336989],[73.81757434125974,19.98517938775673],[73.81752959816082,19.98595588044696],[73.81734769036541,19.98800512836312],[73.81701795128956,19.98825191453148],[73.81687518294063,19.98836002512241],[73.81520495858548,19.98971657479144]]}},{"type":"Feature","properties":{"name":"VIP route Ram Kund Route 2 : Via Chopra lawns","stroke":"#f9f900","stroke-opacity":1,"stroke-width":4,"sourceFolder":"Routes / VIP routes.kmz / VIP routes / Ram Kund","source":"Mobility plan Nashik KMZ (NTKMA)","layer":"VIP routes"},"geometry":{"type":"LineString","coordinates":[[73.77836520462037,19.9934412644581],[73.77822798572547,19.99304827858879],[73.77815937659233,19.99291011934111],[73.77651228579491,19.99298551604912],[73.77605130416482,19.99301819189911],[73.77557207004466,19.99305093749488],[73.77503493316932,19.99300591589843],[73.77261235650964,19.99258013427243],[73.77228887680668,19.9926429726453],[73.77211623636026,19.99303257404583],[73.77211574140851,19.9930426130574],[73.7719245947997,19.99348280081633],[73.77190195419008,19.99351937791078],[73.77182535384775,19.99385381846966],[73.77165748158635,19.99410413662988],[73.77165083709676,19.9943564946786],[73.77148353070542,19.99452980627834],[73.76935968811264,19.99467283960475],[73.76938681874026,19.99511924264251],[73.76946444521103,19.99556264289069],[73.76950408366702,19.99608763196024],[73.7693423838356,19.99674545769237],[73.76934239239176,19.99675028887789],[73.76917592847285,19.99776594662199],[73.76916521184279,19.99778298155821],[73.76903681825907,19.99839571621391],[73.76891741016281,19.9988650158637],[73.7688613108551,19.99957324767199],[73.76903620521891,20.00043739276299],[73.7692185669743,20.00092404601188],[73.76949371294587,20.00124588064441],[73.76985284721717,20.00176658393893],[73.76985219432085,20.0017799852184],[73.76985604674057,20.00184727775035],[73.77021972080462,20.00315381741442],[73.77053544907538,20.00423472128288],[73.77053525849601,20.00425185572282],[73.77081837909658,20.00518240264714],[73.77099175805198,20.0057767401387],[73.77100056217593,20.00579644035825],[73.7712369205566,20.00688056768413],[73.77159015737028,20.00777289966955],[73.77194866438906,20.00854528643747],[73.77232218082304,20.00918674641545],[73.77287303880509,20.00956436111001],[73.7729001119955,20.00959317429912],[73.77377717756022,20.01020473121999],[73.77483929534183,20.01094491021736],[73.77527683809397,20.01128237690764],[73.77605686291164,20.01154117774049],[73.7770471237156,20.01202632567709],[73.77790480244329,20.0118364193554],[73.77864366782079,20.01180509737327],[73.77965989002017,20.01171926985398],[73.78151102763431,20.01148369846337],[73.78247773251695,20.01149228725037],[73.7840496508167,20.01134080164988],[73.78531138080739,20.01134094724273],[73.78584884982264,20.0113829568092],[73.7866064181488,20.01132714833475],[73.78691714944917,20.01121270463761],[73.7874882320625,20.01111468183615],[73.78827126198104,20.01100138882966],[73.78857584806035,20.01104173919551],[73.78918202715127,20.01146162382545],[73.78976245424656,20.01181931095158],[73.79046663475452,20.01238624459654],[73.79119226726769,20.01068388523954],[73.79161027838393,20.01004518389944],[73.79186563420916,20.0095967959378]]}},{"type":"Feature","properties":{"name":"VIP route Ram Kund Route 1 : Via Holkar bridge","stroke":"#f9f900","stroke-opacity":1,"stroke-width":4,"fill":"#ff5454","fill-opacity":0.698,"sourceFolder":"Routes / VIP routes.kmz / VIP routes / Ram Kund","source":"Mobility plan Nashik KMZ (NTKMA)","layer":"VIP routes"},"geometry":{"type":"LineString","coordinates":[[73.79185838154429,20.00958710149029],[73.79129934155768,20.00919383541715],[73.79061738281102,20.00843041516886],[73.79005627313101,20.00777563361668],[73.78960759542515,20.00677682903377],[73.78843692537885,20.00596856658458],[73.7874560861034,20.00522677826853],[73.78721470597138,20.00476467507881],[73.78704800052199,20.00418856446881],[73.78585341915165,20.00449173826174],[73.7842382913351,20.00475714126698],[73.78404050049272,20.00475077684533],[73.78332555401897,20.00274775245755],[73.78260104871845,20.00056750490221],[73.7817312399186,19.99838842278162],[73.78140196139803,19.99741099964799],[73.78173099480513,19.99691833526294],[73.78190314672838,19.99652775689863],[73.7821520811661,19.99595569159517],[73.78232266158243,19.99527587475442],[73.78264928826314,19.99421985903095],[73.78279944635614,19.99391159623799],[73.78261206559529,19.99356044237992],[73.77985290815813,19.99339423134126]]}},{"type":"Feature","properties":{"name":"Nandini Sangam VIP ghat","sourceFolder":"Routes / VIP routes.kmz","source":"Mobility plan Nashik KMZ (NTKMA)","layer":"VIP routes"},"geometry":{"type":"Point","coordinates":[73.82085509456161,19.99003184612416]}},{"type":"Feature","properties":{"name":"Takli Sangam ghat (VIP)","stroke":"#00ff7f","stroke-opacity":1,"stroke-width":10,"fill":"#ffffff","fill-opacity":0.251,"sourceFolder":"Routes / VIP routes.kmz","source":"Mobility plan Nashik KMZ (NTKMA)","layer":"VIP routes"},"geometry":{"type":"LineString","coordinates":[[73.82232843967707,19.98940971278183],[73.82202768226327,19.98955058709516],[73.82192028389977,19.98960519192826],[73.82168107936273,19.98972781414774],[73.82085682656876,19.99014224012388],[73.82081536530731,19.9902008216142],[73.82026680910924,19.99059017807327],[73.8200899023147,19.99073222023311],[73.81989313740519,19.99078767457619],[73.81988754495458,19.99079071614736],[73.81989114181302,19.99079156036611]]}},{"type":"Feature","properties":{"name":"Ram Kund","sourceFolder":"Routes / VIP routes.kmz","source":"Mobility plan Nashik KMZ (NTKMA)","layer":"VIP routes"},"geometry":{"type":"Point","coordinates":[73.7924753371554,20.00805938089849]}},{"type":"Feature","properties":{"name":"Government Resthouse","sourceFolder":"Routes / VIP routes.kmz","source":"Mobility plan Nashik KMZ (NTKMA)","layer":"VIP routes"},"geometry":{"type":"Point","coordinates":[73.77907252397443,19.9938801572091]}},{"type":"Feature","properties":{"name":"Makhmalabad UPHC","stroke":"#ffa500","stroke-opacity":1,"stroke-width":4,"sourceFolder":"Routes / Emergency routes / Anandvali ghat / Government Hospital","source":"Mobility plan Nashik KMZ (NTKMA)","layer":"Emergency routes"},"geometry":{"type":"LineString","coordinates":[[73.75069362003792,20.02159039412584],[73.75141574211436,20.02185735350658],[73.75199378775186,20.02194240366741],[73.75421481402337,20.02212841549263],[73.75526757874204,20.02222730493909],[73.75536490578088,20.02236091602715],[73.7555850353532,20.02258871093327],[73.75590725000666,20.02273257567942],[73.7568233000345,20.02308263183652],[73.75933246747923,20.02377712520613],[73.7600119935585,20.02387000957528],[73.76030028849152,20.02389097733091],[73.76115526381504,20.023851964383],[73.76202203606144,20.02382493632774],[73.7635533244588,20.0236180151723],[73.7650277480762,20.0234847530446],[73.76674442299607,20.0234319234022],[73.76786692123804,20.02343781609817],[73.76884311554805,20.02331182809823],[73.7689420499956,20.02364752490179],[73.76898677462455,20.02418704853514],[73.76905825714158,20.02480069217221],[73.76920683277886,20.02570180743125],[73.76931936426625,20.0266289544971],[73.76949172017414,20.02731533378029],[73.76971727278217,20.02799622675512],[73.76971415768463,20.0286196805605],[73.76969980564354,20.02908782861475],[73.76971266707017,20.02992710294377],[73.76971280859144,20.03111195758888],[73.76970333714213,20.03194522657168],[73.76974494860023,20.03308711877436],[73.76983753646898,20.03362963486093],[73.76993646674282,20.03384843457186],[73.77000678642223,20.0345029436327],[73.77010258141493,20.03517434383998],[73.77014092596035,20.03565392118445],[73.7702207138203,20.03586373081538],[73.77053479395231,20.03616353616814],[73.77090496883767,20.03679594130743],[73.77101027242033,20.03693081226117],[73.77114432398602,20.0373144652181],[73.77127160641113,20.03774211936629],[73.7715142466776,20.03897700795428],[73.77175245077967,20.04059088707877],[73.7718642347821,20.04145200343565],[73.77187706292034,20.04194357040667],[73.77188884095685,20.04285262274374],[73.77204845159629,20.04344308674579],[73.77200942252722,20.04396877490268],[73.77196165436423,20.04464019321318],[73.77210212210036,20.0447322100168],[73.77259398667721,20.04473574459919],[73.77290588035594,20.04477966115844],[73.77280222274094,20.04496391818337],[73.77264848583056,20.04506441325765],[73.77236418445295,20.04502604155423],[73.77219743864124,20.04503988044505]]}},{"type":"Feature","properties":{"name":"Civil hospital","sourceFolder":"Routes / Emergency routes / Anandvali ghat / Government Hospital","source":"Mobility plan Nashik KMZ (NTKMA)","layer":"Emergency routes"},"geometry":{"type":"Point","coordinates":[73.77828669664851,19.99688479134171]}},{"type":"Feature","properties":{"name":"ESIS Hospital","sourceFolder":"Routes / Emergency routes / Anandvali ghat / Government Hospital","source":"Mobility plan Nashik KMZ (NTKMA)","layer":"Emergency routes"},"geometry":{"type":"Point","coordinates":[73.73378592704424,19.99181862770179]}},{"type":"Feature","properties":{"name":"Civil Hospital","stroke":"#ffa500","stroke-opacity":1,"stroke-width":4,"sourceFolder":"Routes / Emergency routes / Anandvali ghat / Government Hospital","source":"Mobility plan Nashik KMZ (NTKMA)","layer":"Emergency routes"},"geometry":{"type":"LineString","coordinates":[[73.74724260099701,20.01835042337037],[73.74738689146524,20.0180478444894],[73.74742331248405,20.01779514412626],[73.74747419597755,20.01738927384163],[73.74748696160547,20.01726359919601],[73.74732015941923,20.01683472312686],[73.74726336776345,20.01666447381063],[73.7472218552803,20.01648374317082],[73.74719474050775,20.01618770182201],[73.74719080801034,20.01573776342618],[73.7472060830195,20.01556925229075],[73.74728776843047,20.01508297569605],[73.74732860711879,20.01449386648711],[73.74734866720691,20.01416524970584],[73.74732028412888,20.01390110252699],[73.74723375579626,20.01371276213326],[73.74723012230658,20.01357900920743],[73.7472995377815,20.01337574860255],[73.74747996636353,20.01275332403545],[73.74755777784765,20.01249617271867],[73.74764771038235,20.01224648217479],[73.74815554901703,20.01224098284299],[73.75126937376372,20.0122058611783],[73.7548043109864,20.01211003098734],[73.75589195623404,20.01203575887766],[73.7555846930656,20.00966361812892],[73.75539093620934,20.00845084323544],[73.75520115680143,20.00780547386823],[73.75482772305908,20.00657463370626],[73.75462409919179,20.00510815441457],[73.75445293132293,20.00290273945112],[73.75442230583761,20.00157515564413],[73.75443384574871,20.00069722146807],[73.75438572759559,19.99975341363625],[73.7541191096469,19.99730065113693],[73.7539515499797,19.99495384497138],[73.75400257789241,19.99424084208619],[73.75401457836762,19.99391402813189],[73.75468304884639,19.99399203364128],[73.75552268166584,19.99409503640012],[73.75641140771977,19.9942004316135],[73.75755525317057,19.9943373388284],[73.75810415053897,19.99440007719329],[73.75924391366081,19.99448098192288],[73.75977416360531,19.99450827396073],[73.76064470141797,19.99455327950759],[73.76238721693647,19.99465228434363],[73.76368262971647,19.9947064737411],[73.76515503951043,19.99471169746083],[73.76690509659059,19.99472732551138],[73.76841763254394,19.99473515436243],[73.771096193378,19.99465750580047],[73.77156246335869,19.99464212638192],[73.77212093691139,19.99462424100551],[73.77227080653405,19.99461405555698],[73.77262893293567,19.99467805686368],[73.77375448406278,19.99501781656559],[73.7746465836645,19.99528690120336],[73.7753890401157,19.99551834068403],[73.77594028230251,19.99569869995602],[73.77773602009519,19.99626623805176],[73.77843709147541,19.99648657185289],[73.77837553472382,19.99664553898011]]}},{"type":"Feature","properties":{"name":"ESIS Hospital","stroke":"#ffa500","stroke-opacity":1,"stroke-width":4,"sourceFolder":"Routes / Emergency routes / Anandvali ghat / Government Hospital","source":"Mobility plan Nashik KMZ (NTKMA)","layer":"Emergency routes"},"geometry":{"type":"LineString","coordinates":[[73.74724327047095,20.01834959162614],[73.7473877310307,20.01804694578444],[73.74743272414685,20.01772308277129],[73.74748637432725,20.0172621669953],[73.74733262954267,20.0168672632467],[73.74726211415314,20.01666131235275],[73.74722148600847,20.0164863608033],[73.74719405357916,20.01617968383974],[73.7471915814861,20.01573493133626],[73.74720729128353,20.01556280645197],[73.74728914831707,20.01508073992416],[73.74732659627952,20.01454318386008],[73.74734785539725,20.01416482789791],[73.74731918489591,20.0138992542102],[73.74723416832994,20.01371200182572],[73.74723027957182,20.01357845314372],[73.7473213090075,20.01330373185527],[73.74747639379859,20.01276493239495],[73.74755406716031,20.01251073885599],[73.74764852777434,20.0122464262442],[73.74815554901703,20.01224098284299],[73.75126937376372,20.0122058611783],[73.7548043109864,20.01211003098734],[73.75589195623404,20.01203575887766],[73.7555846930656,20.00966361812892],[73.75539093620934,20.00845084323544],[73.75520115680143,20.00780547386823],[73.75482772305908,20.00657463370626],[73.75462409919179,20.00510815441457],[73.75445293132293,20.00290273945112],[73.75442230583761,20.00157515564413],[73.75443384574871,20.00069722146807],[73.75438572759559,19.99975341363625],[73.7541191096469,19.99730065113693],[73.7539515499797,19.99495384497138],[73.75400257789241,19.99424084208619],[73.75401453400345,19.99391480478042],[73.75314056203632,19.99377665995173],[73.75264699406829,19.99369808016986],[73.75170700694201,19.99354747806953],[73.75110279146658,19.99343936289695],[73.75014396185823,19.9932668283983],[73.74943262902421,19.99313581684624],[73.74876974675024,19.99301114679156],[73.74787253754414,19.99283861126215],[73.74746834951658,19.99276340567349],[73.74586098114261,19.9924690353196],[73.7444440506982,19.99220798377201],[73.74233055646539,19.9918961954125],[73.74156582503541,19.99178566572585],[73.74022754125059,19.99163748924046],[73.73905501332082,19.9915113489842],[73.73844547534918,19.99145341608244],[73.73676261490449,19.99129052123422],[73.73470485605051,19.99109725325804],[73.7342326641983,19.99105447633285],[73.73420141840323,19.99127104692204]]}},{"type":"Feature","properties":{"name":"UPHC","sourceFolder":"Routes / Emergency routes / Anandvali ghat / Government Hospital","source":"Mobility plan Nashik KMZ (NTKMA)","layer":"Emergency routes"},"geometry":{"type":"Point","coordinates":[73.77234977099042,20.04500774454329]}},{"type":"Feature","properties":{"name":"Guruji Hospital","stroke":"#ffa500","stroke-opacity":1,"stroke-width":4,"sourceFolder":"Routes / Emergency routes / Anandvali ghat","source":"Mobility plan Nashik KMZ (NTKMA)","layer":"Emergency routes"},"geometry":{"type":"LineString","coordinates":[[73.74732757457713,20.01840623676991],[73.74746594783026,20.01805429365189],[73.7474756692048,20.01780647475256],[73.74751349657714,20.01762674228903],[73.7475501910679,20.01724630101186],[73.7474532431878,20.016982444494],[73.74732494883368,20.0167088359619],[73.74725947622595,20.01648946911863],[73.74724214503209,20.01628274065319],[73.74723320059705,20.01574140335199],[73.74724817148864,20.01557246828192],[73.74728277294594,20.01538637980878],[73.74731232621284,20.01521824979009],[73.74731086515098,20.01521515571018],[73.74732931043415,20.01511164055847],[73.74734255682226,20.01481960769741],[73.74736747886584,20.01452886689306],[73.74736399882839,20.01437344128367],[73.74738966964394,20.01416715047576],[73.74737395493294,20.01399771896688],[73.74735559712005,20.01388240712882],[73.74729296006814,20.01375182181195],[73.74728408336907,20.01363066284665],[73.74730432282398,20.01351538362426],[73.7473629172407,20.01335434171227],[73.74739847213013,20.01322929978406],[73.74740820509268,20.01313624003829],[73.74749983655838,20.01286625253016],[73.74749980233197,20.01285184443354],[73.74758585941802,20.01262549204634],[73.7477078548162,20.01240591345646],[73.7477306525446,20.0122942990418],[73.74774721920909,20.01213522954015],[73.7479286927517,20.01206572301238],[73.74819278771477,20.01207610078468],[73.74840309531801,20.01207422768608],[73.74855272392068,20.01207790597596],[73.74872337199733,20.01207889857117],[73.74872668502476,20.01201425583048]]}},{"type":"Feature","properties":{"name":"Vasantrao Pawar Hospital","sourceFolder":"Routes / Emergency routes / Odha ghat : Emergency route","source":"Mobility plan Nashik KMZ (NTKMA)","layer":"Emergency routes"},"geometry":{"type":"Point","coordinates":[73.8524810530884,20.0357811643266]}},{"type":"Feature","properties":{"name":"Jagdamb Hospital","sourceFolder":"Routes / Emergency routes / Odha ghat : Emergency route","source":"Mobility plan Nashik KMZ (NTKMA)","layer":"Emergency routes"},"geometry":{"type":"Point","coordinates":[73.84413073893339,19.99764816095071]}},{"type":"Feature","properties":{"name":"Odha ghat : Vasantrao Pawar Medical college","stroke":"#ffa500","stroke-opacity":1,"stroke-width":4,"fill":"#ff5454","fill-opacity":0.698,"sourceFolder":"Routes / Emergency routes / Odha ghat : Emergency route","source":"Mobility plan Nashik KMZ (NTKMA)","layer":"Emergency routes"},"geometry":{"type":"LineString","coordinates":[[73.9053164984864,19.99445749937021],[73.9051752198339,19.99443884187403],[73.90511912973422,19.99455775718718],[73.9050839931663,19.99463466314911],[73.90505846731702,19.99485197535923],[73.90507586875279,19.99548020421627],[73.90503524698333,19.99564617666758],[73.90507506253797,19.99656289672853],[73.90510614645322,19.99665145914554],[73.90498491401148,19.99668868961046],[73.90496576181755,19.99673628550149],[73.90508687682895,19.99694152187221],[73.90499151698538,19.9969343418746],[73.90390921408539,19.99681087358066],[73.90319735342278,19.9967259493368],[73.90246098324077,19.99662658255081],[73.90188148277345,19.99657221100988],[73.9016087347818,19.99654853507246],[73.90087795993493,19.99648376045269],[73.89969416544574,19.99639684426429],[73.89898366288438,19.99633989302842],[73.89864866384048,19.99630414052965],[73.89823933231914,19.99635652738692],[73.89785125946824,19.99642973423616],[73.89753284813328,19.99650321675875],[73.8965445203714,19.99673356620193],[73.89607388876632,19.99684607461255],[73.8957272242688,19.99694749035385],[73.89534948753946,19.99708299553174],[73.8952279373585,19.99718144413709],[73.89477703594181,19.99750519788302],[73.8945315879003,19.99768527490995],[73.89419135667343,19.99791547917626],[73.89392270555962,19.9981220896008],[73.89355325062914,19.9983057260757],[73.8931139332407,19.99851443694604],[73.8925227636574,19.99874398362698],[73.89185460898203,19.99900509579011],[73.89070404620377,19.99943405729011],[73.89006471386116,19.99967029523064],[73.8893820899536,19.99991549858406],[73.88849509214515,20.00011997551596],[73.88658609458034,20.00054435331563],[73.88411215522326,20.00113936067607],[73.88298954878788,20.00138340847696],[73.88223080572678,20.00152327111027],[73.8817459967965,20.00161106369446],[73.88133486708628,20.00161550013312],[73.88004654806723,20.00166079169822],[73.87909514049949,20.00162805139087],[73.87850460450225,20.00161186053006],[73.8769565916911,20.00144741513001],[73.87654433776717,20.00140270458295],[73.8756942900922,20.00113035211506],[73.87507020713414,20.0009415646826],[73.8742003019828,20.00079088152676],[73.8733017926391,20.00065235630237],[73.8727453655595,20.00057256991482],[73.87233102954302,20.0005361867065],[73.87180263536439,20.00052190618383],[73.8712667297912,20.00058820384555],[73.8709750528405,20.00063066041443],[73.8704557225805,20.00067443184822],[73.87008660207208,20.00070586596603],[73.86966478174931,20.00072356062248],[73.8691020344277,20.00063924647776],[73.86837496787334,20.00048568462903],[73.86760524301839,20.00030262317438],[73.86657662872837,20.00008642161471],[73.86552303571996,19.99986927205922],[73.86423832542174,19.99974568080934],[73.86401131329063,19.99972599399669],[73.86302230570992,19.99963822730561],[73.86262636602903,19.99959881769094],[73.8616683035997,19.99953130323622],[73.86110625359818,19.99948581517681],[73.85967176827863,19.99936212991387],[73.85927479348992,19.99928530184993],[73.85857758174446,19.99916226778954],[73.85810816041138,19.99907244472165],[73.85743460964802,19.99898138007748],[73.85618056632634,19.99876122672624],[73.85571084956679,19.99866935803654],[73.855198964106,19.99856726399247],[73.85402198393717,19.99839694469364],[73.85343211083872,19.99834529007511],[73.85248243167649,19.99828583236486],[73.85184852329952,19.99823076266722],[73.85131006616827,19.99818349557637],[73.85089337000724,19.99811709660558],[73.85065144945527,19.99807426360671],[73.84905727736755,19.99770789172779],[73.84787772539566,19.99758678673419],[73.84638205344433,19.9973616286676],[73.8455251117654,19.99722162726253],[73.84491550601665,19.99710532932082],[73.84431938340022,19.99700618888026],[73.84432772863175,19.99741730110088],[73.84427538428795,19.99830173915712],[73.84422417287628,19.99939445578494],[73.8441844646233,20.00018022684034],[73.844169804735,20.00101444719468],[73.84416152288146,20.00150991265248],[73.84414101789226,20.0023040087878],[73.8441011237241,20.00302170853575],[73.84407827419774,20.00362427916791],[73.84402323691347,20.00495272145582],[73.84392744457215,20.00750007872084],[73.84382496319404,20.01005796336088],[73.84380556730625,20.01044021462835],[73.84383107168655,20.01150571975929],[73.84378391636085,20.01261534920005],[73.84376117424894,20.01312751567989],[73.84375605595825,20.01342796217263],[73.84359591418209,20.01400642218624],[73.84329134604468,20.015061723734],[73.84315203766121,20.01560542512143],[73.84309129826401,20.01622128847025],[73.84299053733332,20.01723738909777],[73.84296649670308,20.01761250921717],[73.84290308275482,20.01875184614314],[73.84261953719674,20.0206253349485],[73.84253365124128,20.02095508264811],[73.84246109425561,20.02126461676515],[73.84224767608285,20.02237442413052],[73.84214261032156,20.02288637101556],[73.84204214982913,20.02359340989185],[73.84202342911676,20.0244253934324],[73.84199295170073,20.02512999838113],[73.8418583266634,20.02570168350496],[73.84239762362041,20.0259296503753],[73.84322679194058,20.02629326738763],[73.84468769034672,20.02682050119096],[73.84727065936278,20.02760884800558],[73.84908944017948,20.02817546978476],[73.85002938256046,20.0284546428613],[73.8504561181795,20.02859817640417],[73.85184822430985,20.0290616874484],[73.85388390169291,20.02980778976055],[73.85502899791952,20.03023052037561],[73.85580334857147,20.03060065720032],[73.85616479654378,20.0308094985458],[73.85654022941425,20.03115237129364],[73.85569060659223,20.03148932158127],[73.8550173903768,20.03181306192508],[73.85450420988444,20.03213021962933],[73.85416293164162,20.03233930923767],[73.85390659908744,20.03252719573537],[73.85370878452473,20.03274156573741],[73.85344862597344,20.03320227463817],[73.85309140130273,20.03370508439769],[73.85268823552677,20.03404895438855],[73.85216466888487,20.03444489470138],[73.85178640690371,20.03467711544901],[73.85148540277545,20.03498727669611],[73.85175666210111,20.0352293083489]]}},{"type":"Feature","properties":{"name":"Odha ghat : Jagdamb Hospital","stroke":"#ffa500","stroke-opacity":1,"stroke-width":4,"fill":"#ff5454","fill-opacity":0.698,"sourceFolder":"Routes / Emergency routes / Odha ghat : Emergency route","source":"Mobility plan Nashik KMZ (NTKMA)","layer":"Emergency routes"},"geometry":{"type":"LineString","coordinates":[[73.90531154298854,19.99445681954873],[73.9051763964253,19.99443819141871],[73.90508394401282,19.99463846426718],[73.90505815569071,19.99485219108722],[73.90507629961675,19.99547494788355],[73.9050347500678,19.99564498360599],[73.90505686230512,19.99615598830366],[73.90507564811124,19.99655625730196],[73.90510598502134,19.99665107174708],[73.90498517816282,19.99668790675106],[73.90496716375023,19.99673603433899],[73.9050863350472,19.99694062747783],[73.903892512145,19.99680928930562],[73.9030180918524,19.99670019532513],[73.90248058826681,19.99663030202963],[73.90189601286039,19.99657434361828],[73.90102310034253,19.99649636953612],[73.90049605172324,19.99645613371635],[73.89968043225834,19.99639578498693],[73.89898230876155,19.9963405895573],[73.89864250000115,19.99630613928336],[73.89844443607343,19.9963289731479],[73.89823641638134,19.99635654709214],[73.89785546624181,19.99643083826242],[73.89705963406071,19.99661175589385],[73.89650224016563,19.99674568340729],[73.89607669632824,19.99684528154803],[73.89573954247044,19.99694288374842],[73.89534926082845,19.99708371512162],[73.89522891401396,19.99718034033694],[73.89455673392804,19.99766897925499],[73.8941885407493,19.99791908012945],[73.89391743854475,19.99812456078256],[73.89352661462142,19.99831767418402],[73.8931056381347,19.99851748102558],[73.89255542786712,19.99873163021474],[73.89187512525332,19.998997619919],[73.89070660535326,19.99943418035523],[73.89007909062757,19.99966501723116],[73.88938289778437,19.99991452319369],[73.88849369840676,20.00011987258884],[73.88782449937587,20.00026984772709],[73.88658609458034,20.00054435331563],[73.88411215522326,20.00113936067607],[73.8829944867127,20.00138187002454],[73.88209204704967,20.00154629975408],[73.88174710447642,20.00161043171718],[73.88134368480138,20.00161610806806],[73.88051432168525,20.00164508725969],[73.88004046013603,20.00166086445807],[73.8791931939827,20.00163068893971],[73.87850730891941,20.00161256964484],[73.8769565916911,20.00144741513001],[73.8765491754761,20.00140276897917],[73.87568861129279,20.00112787613232],[73.87507310372237,20.00094185774562],[73.8742003019828,20.00079088152676],[73.87347413905417,20.00068008798897],[73.8727435246374,20.00057138976979],[73.87233009412665,20.00053486663533],[73.87180549330115,20.0005211366974],[73.87126622467969,20.00058727345732],[73.87097261360084,20.00063126310707],[73.87070793435167,20.00065289559159],[73.87008381114111,20.00070516962341],[73.86966917655943,20.0007240934923],[73.86909857556533,20.00063847847677],[73.86839458154874,20.00048869891551],[73.867603450154,20.00030241589713],[73.8670398501513,20.0001835780568],[73.86655631872904,20.00008199720684],[73.86552436204886,19.99986877340549],[73.8640892288165,19.99973130550174],[73.86313316160887,19.99964687931657],[73.86262993807881,19.99959913454243],[73.86168306115988,19.99953191137406],[73.86111482530364,19.99948616011606],[73.859677393734,19.99936402237888],[73.85927911417622,19.99928525855167],[73.85862092465646,19.99917052110721],[73.85811120916836,19.99907168448875],[73.85743358545774,19.99898005695073],[73.85659275899518,19.99883264231361],[73.85623464673232,19.9987717204468],[73.8556689604135,19.99866122313889],[73.85519352701418,19.99856578548284],[73.85403779615635,19.99839687376113],[73.85333050293588,19.9983390605667],[73.85248321028836,19.9982869380852],[73.8513146803508,19.99818436235639],[73.8508913266274,19.9981170961682],[73.85066088644764,19.99807428013459],[73.84905727736755,19.99770789172779],[73.84787772539566,19.99758678673419],[73.84638151811806,19.9973619856525],[73.84561133672277,19.99723495184735],[73.84491770944157,19.99710507660752],[73.84432079100557,19.99700666864159],[73.84432745837336,19.99741745487878],[73.84431180853286,19.99766701011009],[73.84420147523669,19.99766547128523]]}},{"type":"Feature","properties":{"name":"Nandur ghat : Vasantrao Pawar Medical college","stroke":"#ffa500","stroke-opacity":1,"stroke-width":4,"fill":"#ff5454","fill-opacity":0.698,"sourceFolder":"Routes / Emergency routes / Nandur ghat : Emergency route","source":"Mobility plan Nashik KMZ (NTKMA)","layer":"Emergency routes"},"geometry":{"type":"LineString","coordinates":[[73.84568346923899,19.99038163487194],[73.84566303070727,19.99084713055439],[73.84547287076909,19.99117531902283],[73.84512907574224,19.99142422823082],[73.8449714489823,19.99155002448689],[73.84460729491735,19.99195309112163],[73.84405884003712,19.99285854632553],[73.84399003245723,19.99314098397695],[73.8438654820403,19.99367362979347],[73.84379933651034,19.99465099444564],[73.84379563832962,19.99493828502861],[73.84384571168764,19.99591895191206],[73.84390181045414,19.99683727903589],[73.84414190139726,19.99705226687878],[73.84432081119864,19.99707740610897],[73.8443269739679,19.99741845229179],[73.84430006135561,19.99790029825134],[73.8442683593804,19.99843335385974],[73.84423605357922,19.99915791579158],[73.84422269110502,19.99939904374391],[73.8441844646233,20.00018022684034],[73.84416910371884,20.00101106750489],[73.84415560024215,20.00172693499987],[73.8441427946174,20.00226306454148],[73.84410018686026,20.00305016039488],[73.84408055257776,20.00358597993568],[73.84402316016113,20.00494646417617],[73.84390533457514,20.00803074563263],[73.84382363515834,20.01005645978692],[73.84380761902936,20.01041865798345],[73.84383289326833,20.01149182574059],[73.84375841525964,20.01313876846719],[73.84375596708476,20.01343374803077],[73.84347517543245,20.01441372718956],[73.84329310989469,20.01505553729288],[73.8431514061095,20.01560083078802],[73.84303709732674,20.01678400949268],[73.84299263893381,20.01722986906224],[73.84290593393263,20.01869958520502],[73.84280596832551,20.01937682189918],[73.84262468735841,20.02060666211147],[73.8424638088901,20.02124114686989],[73.84223335709639,20.02245494825739],[73.84214274277741,20.02287800121851],[73.84204773708078,20.02357561125102],[73.8419945564667,20.02509848674974],[73.8418613701433,20.02570124499974],[73.84239762362041,20.0259296503753],[73.8432065820967,20.02628636312542],[73.84467157248622,20.0268181837783],[73.84724038194135,20.02759857817579],[73.84908890601307,20.02817135750681],[73.84989876250894,20.02841475043004],[73.8512130532488,20.02884830455475],[73.85185542055832,20.02906237672899],[73.85385446033294,20.02979775694407],[73.8550278676565,20.03022762192571],[73.85578392416446,20.03059178039741],[73.85616568319536,20.03081276797262],[73.85654105418942,20.0311513789868],[73.85616621059403,20.03130118990164],[73.85568950221335,20.03148649906938],[73.85502466670798,20.03181109751184],[73.85458497305613,20.03207943017138],[73.85438050368123,20.03220572252523],[73.85416443942553,20.03233706877],[73.8539152025806,20.0325227995655],[73.85371556242374,20.03273310709847],[73.85344915541239,20.03320024778765],[73.85310172540805,20.03369568674209],[73.85268629677316,20.03405156201194],[73.85216255216844,20.03444480410926],[73.85178363902699,20.03468125640884],[73.85148991807642,20.03498625893892],[73.85175399607452,20.03522979788758]]}},{"type":"Feature","properties":{"name":"Vasantrao Pawar Hospital","sourceFolder":"Routes / Emergency routes / Nandur ghat : Emergency route","source":"Mobility plan Nashik KMZ (NTKMA)","layer":"Emergency routes"},"geometry":{"type":"Point","coordinates":[73.8524810530884,20.0357811643266]}},{"type":"Feature","properties":{"name":"Dasak ghat : BYTCO hospital","stroke":"#ffa500","stroke-opacity":1,"stroke-width":4,"fill":"#ff5454","fill-opacity":0.698,"sourceFolder":"Routes / Emergency routes / Dasak ghat : Emergency route","source":"Mobility plan Nashik KMZ (NTKMA)","layer":"Emergency routes"},"geometry":{"type":"LineString","coordinates":[[73.85005278628064,19.98770549986226],[73.84945866812171,19.98718199815929],[73.8492162366829,19.986922689807],[73.84905402978612,19.98671633014694],[73.84881004219702,19.98630570442924],[73.84841762021867,19.98574125675891],[73.84818181530866,19.98540811271248],[73.84794375915412,19.98508704372523],[73.84788801905856,19.98500832900984],[73.84798099999084,19.98366317917499],[73.84800945131938,19.98298533485808],[73.84806750972643,19.9824600967085],[73.84811162810239,19.98205044378883],[73.84811419059835,19.9817857328431],[73.84823048165009,19.98086768252056],[73.8482788398892,19.98012870016415],[73.8483535281952,19.97924507694799],[73.84842421602679,19.97820044703467],[73.84849714794503,19.97727858330712],[73.84854241374418,19.97639490912642],[73.84873360616008,19.97456715620967],[73.84878353682774,19.97384017023353],[73.84898679669719,19.97201375499181],[73.84909376396898,19.9715395117831],[73.84916209180551,19.97120426677077],[73.84917017713558,19.97107828935028],[73.84904222263889,19.97095003618978],[73.84885708110944,19.97090774620619],[73.84858693829878,19.97091197077355],[73.84806246541203,19.9710524931335],[73.84742828029806,19.9712218300574],[73.84709069364897,19.97133228855951],[73.8467198066892,19.97143976791981],[73.84640910635214,19.97146686375907],[73.84615073358788,19.97144428333508],[73.84576960181252,19.97140828367619],[73.84534628463804,19.97137691446027],[73.8450494930474,19.97137243592116],[73.84441936614712,19.97129235815791],[73.84369698223998,19.97125261170641],[73.84263631717239,19.97120429328367],[73.84191276356903,19.97116497415324],[73.84059133100293,19.97070372345588],[73.84043102605304,19.97020400340872],[73.84015714774836,19.96851708635217],[73.83994177799401,19.96710380810223],[73.83987896779155,19.9667382521407],[73.83976941204256,19.96630630776728],[73.83965564336502,19.96524963525131],[73.83964459425852,19.96475993522576],[73.83939402138436,19.96220993424166],[73.83913384936092,19.96043333713975],[73.83897596316764,19.95937735445142],[73.83882621357716,19.95822894380112],[73.83851294649266,19.95652825114997],[73.83810012627737,19.95453963198315],[73.83791636490982,19.95398921808739],[73.83772507745576,19.95352130676186],[73.83765540967627,19.95291487189795],[73.83750472106375,19.9509839374273],[73.83737285888492,19.94988707883873],[73.83724366089905,19.94804905137042],[73.8372094028982,19.94775907811218]]}},{"type":"Feature","properties":{"name":"Proposed Dasak ghat : BYTCO hospital","stroke":"#ffa500","stroke-opacity":1,"stroke-width":4,"fill":"#ff5454","fill-opacity":0.698,"sourceFolder":"Routes / Emergency routes / Dasak ghat : Emergency route","source":"Mobility plan Nashik KMZ (NTKMA)","layer":"Emergency routes"},"geometry":{"type":"LineString","coordinates":[[73.84028374159277,19.98268823805073],[73.84098144564047,19.98268444265187],[73.84112366606122,19.9826922301548],[73.84159624783634,19.98271765261797],[73.8419908676494,19.98274843895049],[73.84286070306946,19.98282147405326],[73.8432244903942,19.98286131519948],[73.84377341720277,19.9829206743303],[73.8441191663058,19.98295077515372],[73.84467169443448,19.98295352069353],[73.84480695663936,19.98294252995643],[73.84492519455526,19.98328042233216],[73.84540911695787,19.98369408320679],[73.84601338365712,19.98412049851948],[73.8466471803116,19.98439035427906],[73.84746227561772,19.98477262407866],[73.84788801905856,19.98500832900984],[73.84798099999084,19.98366317917499],[73.84800945131938,19.98298533485808],[73.84806750972643,19.9824600967085],[73.84811162810239,19.98205044378883],[73.84811419059835,19.9817857328431],[73.84823048165009,19.98086768252056],[73.8482788398892,19.98012870016415],[73.8483535281952,19.97924507694799],[73.84842421602679,19.97820044703467],[73.84849714794503,19.97727858330712],[73.84854241374418,19.97639490912642],[73.84873360616008,19.97456715620967],[73.84878353682774,19.97384017023353],[73.84898679669719,19.97201375499181],[73.84909376396898,19.9715395117831],[73.84916209180551,19.97120426677077],[73.84917017713558,19.97107828935028],[73.84904222263889,19.97095003618978],[73.84885708110944,19.97090774620619],[73.84858693829878,19.97091197077355],[73.84806246541203,19.9710524931335],[73.84742828029806,19.9712218300574],[73.84709069364897,19.97133228855951],[73.8467198066892,19.97143976791981],[73.84640910635214,19.97146686375907],[73.84615073358788,19.97144428333508],[73.84576960181252,19.97140828367619],[73.84534628463804,19.97137691446027],[73.8450494930474,19.97137243592116],[73.84441936614712,19.97129235815791],[73.84369698223998,19.97125261170641],[73.84263631717239,19.97120429328367],[73.84191276356903,19.97116497415324],[73.84059133100293,19.97070372345588],[73.84043102605304,19.97020400340872],[73.84015714774836,19.96851708635217],[73.83994177799401,19.96710380810223],[73.83987896779155,19.9667382521407],[73.83976941204256,19.96630630776728],[73.83965564336502,19.96524963525131],[73.83964459425852,19.96475993522576],[73.83939402138436,19.96220993424166],[73.83913384936092,19.96043333713975],[73.83897596316764,19.95937735445142],[73.83882621357716,19.95822894380112],[73.83851294649266,19.95652825114997],[73.83810012627737,19.95453963198315],[73.83791636490982,19.95398921808739],[73.83772507745576,19.95352130676186],[73.83765540967627,19.95291487189795],[73.83750472106375,19.9509839374273],[73.83737285888492,19.94988707883873],[73.83724366089905,19.94804905137042],[73.8372094028982,19.94775907811218]]}},{"type":"Feature","properties":{"name":"BYTCO hospital","sourceFolder":"Routes / Emergency routes / Dasak ghat : Emergency route","source":"Mobility plan Nashik KMZ (NTKMA)","layer":"Emergency routes"},"geometry":{"type":"Point","coordinates":[73.83840201438097,19.94804434395069]}},{"type":"Feature","properties":{"name":"Tapovan Hospital","stroke":"#ffa500","stroke-opacity":1,"stroke-width":4,"fill":"#ff5454","fill-opacity":0.698,"sourceFolder":"Routes / Emergency routes / Takli Sangam (Proposed & Existing) ghat : Emergency routes","source":"Mobility plan Nashik KMZ (NTKMA)","layer":"Emergency routes"},"geometry":{"type":"LineString","coordinates":[[73.82275771734983,19.9899958356919],[73.82314265795722,19.99100792363445],[73.82330141999886,19.99202603855492],[73.8235530695403,19.9934144880697],[73.82386357748496,19.99517487722391],[73.82410636384778,19.99579123447189],[73.82438879733326,19.99696147691196],[73.8246583796869,19.99791940061573],[73.82479925046242,19.9985636425472],[73.82496210619063,19.99922145541474],[73.8251534079952,20.00014673315097],[73.82532365688623,20.00099516563917],[73.82552941856888,20.00201241270856],[73.82565834298597,20.00274480502506],[73.82582877827622,20.00385799022657],[73.82593425497537,20.004415469379],[73.82599978497997,20.00492688681244],[73.82604203955425,20.00540795359118],[73.8260318281411,20.0065250507616],[73.82605661251205,20.00765147680599],[73.82617907817686,20.00860795903451],[73.82608592363059,20.00950812932501],[73.82591598506231,20.01066718580011],[73.82585231023295,20.01170623010384],[73.82571013926459,20.01425122036568],[73.82562369087623,20.01536977462644],[73.82550306058829,20.01588441693669],[73.8254011092059,20.01634865445983],[73.82439835999354,20.01597767879823],[73.8238446052601,20.01575637215468],[73.82311634588065,20.01553420341315],[73.82185099708428,20.01510805615445],[73.8208812133226,20.01480932163533],[73.81970586799561,20.0144569125066],[73.81835110109643,20.01399918645111],[73.81755687124893,20.01372247855047],[73.81690668843945,20.01344311348545],[73.81581526381386,20.01292919334414],[73.81554729587899,20.01281096019516],[73.81576316061327,20.01232101177475],[73.81592901172769,20.01190803781323]]}},{"type":"Feature","properties":{"name":"Zakir Hussain hospital","sourceFolder":"Routes / Emergency routes / Takli Sangam (Proposed & Existing) ghat : Emergency routes","source":"Mobility plan Nashik KMZ (NTKMA)","layer":"Emergency routes"},"geometry":{"type":"Point","coordinates":[73.79912770930166,19.99584917660715]}},{"type":"Feature","properties":{"name":"Muktai Hospital","stroke":"#ffa500","stroke-opacity":1,"stroke-width":4,"fill":"#ff5454","fill-opacity":0.698,"sourceFolder":"Routes / Emergency routes / Takli Sangam (Proposed & Existing) ghat : Emergency routes","source":"Mobility plan Nashik KMZ (NTKMA)","layer":"Emergency routes"},"geometry":{"type":"LineString","coordinates":[[73.82253561770007,19.98932144644228],[73.82236536392523,19.98891554795657],[73.82186573847741,19.98766642113294],[73.82134021834528,19.98666599086175],[73.82090948549376,19.98616527739574],[73.82021434906274,19.98577524039605],[73.81949095252823,19.98551856441102],[73.81896932289891,19.98543885673567],[73.81870601029841,19.98554969587605],[73.8179949497835,19.98564957659852],[73.81755175752112,19.98575733107506],[73.81734862328668,19.9857438878133],[73.81710488179039,19.98580617837688],[73.81653882691418,19.98594048974478],[73.816291093943,19.98596047062047],[73.81574522340777,19.9860006099508],[73.81515088340474,19.98599659600837],[73.81458589646542,19.98598454841731],[73.8144207276684,19.98586120005968]]}},{"type":"Feature","properties":{"name":"Suvichar Hospital","stroke":"#ffa500","stroke-opacity":1,"stroke-width":4,"fill":"#ff5454","fill-opacity":0.698,"sourceFolder":"Routes / Emergency routes / Takli Sangam (Proposed & Existing) ghat : Emergency routes","source":"Mobility plan Nashik KMZ (NTKMA)","layer":"Emergency routes"},"geometry":{"type":"LineString","coordinates":[[73.82254012683447,19.98931876355427],[73.82236536392523,19.98891554795657],[73.82186662529485,19.98766637295138],[73.8213364737593,19.9866558663473],[73.82090570786006,19.98616065458916],[73.82021174289716,19.98576923357241],[73.81950199701943,19.98552260048358],[73.81897699698077,19.98543991444345],[73.81821257318106,19.98535660369777],[73.81763295031817,19.98533079045674],[73.8174977975513,19.98532143587563],[73.81738452188141,19.98506650933751],[73.81663954928354,19.98501024081069],[73.81633555248327,19.98495890448481],[73.81585580878914,19.98479791319878],[73.81486770970233,19.9842652469625],[73.81325268038647,19.98330740907804],[73.81193425673152,19.9824175263995],[73.81061845524047,19.98161937963829],[73.80963350567404,19.98101880685586],[73.80730892214406,19.97963450868165],[73.8069840963609,19.97998615909293],[73.80565663043669,19.9814747751106],[73.80454162010231,19.98260308825637],[73.80295822588785,19.98434431473934],[73.80295475683259,19.98418458293571],[73.80292550942583,19.98373102679046],[73.80279243996347,19.98275453504514]]}},{"type":"Feature","properties":{"name":"Suvichar Hospital","stroke":"#ffa500","stroke-opacity":1,"stroke-width":4,"fill":"#ff5454","fill-opacity":0.698,"sourceFolder":"Routes / Emergency routes / Takli Sangam (Proposed & Existing) ghat : Emergency routes","source":"Mobility plan Nashik KMZ (NTKMA)","layer":"Emergency routes"},"geometry":{"type":"Point","coordinates":[73.80255604101667,19.98265600667297]}},{"type":"Feature","properties":{"name":"Muktai Hospital","stroke":"#ffa500","stroke-opacity":1,"stroke-width":4,"fill":"#ff5454","fill-opacity":0.698,"sourceFolder":"Routes / Emergency routes / Takli Sangam (Proposed & Existing) ghat : Emergency routes","source":"Mobility plan Nashik KMZ (NTKMA)","layer":"Emergency routes"},"geometry":{"type":"Point","coordinates":[73.81431987463714,19.9858737935333]}},{"type":"Feature","properties":{"name":"Zakir Hussain","stroke":"#ffa500","stroke-opacity":1,"stroke-width":4,"fill":"#ff5454","fill-opacity":0.698,"sourceFolder":"Routes / Emergency routes / Takli Sangam (Proposed & Existing) ghat : Emergency routes","source":"Mobility plan Nashik KMZ (NTKMA)","layer":"Emergency routes"},"geometry":{"type":"LineString","coordinates":[[73.82253057030344,19.98930202886737],[73.82209793359876,19.98825339352177],[73.8218583720135,19.98764841269772],[73.82170798077907,19.98737055388772],[73.82146810626764,19.9869119893014],[73.82133798609577,19.98665487568388],[73.82090617962743,19.98615935161738],[73.82020577187677,19.9857683354689],[73.8199000396693,19.98566124783932],[73.81950139950261,19.98552223817346],[73.81897361985308,19.98543915340122],[73.8182156323592,19.98535579089971],[73.81750186602275,19.9853224791607],[73.8174362138773,19.98654154512433],[73.8173408434854,19.98728035201787],[73.8173079880556,19.98798098885545],[73.81721513151258,19.98804262870037],[73.81675156958751,19.98839599561043],[73.81628646437291,19.98877937155093],[73.81553117159241,19.9893695026412],[73.81514071023285,19.98970867202067],[73.81522933298012,19.99010872582027],[73.8154014876416,19.99034767624744],[73.81553995824522,19.99074905509578],[73.81561899365907,19.99117807762436],[73.81562951458676,19.99135313332985],[73.8155156964836,19.99148302895392],[73.81528796440766,19.99154567002126],[73.814813563441,19.99164178499138],[73.81424329365903,19.99176315619917],[73.8138592657942,19.99186549132339],[73.81364861557816,19.9919602420326],[73.81352518982818,19.99206329000984],[73.81273230713002,19.99267972055001],[73.81238424955232,19.99304321028869],[73.81177293225898,19.99355718615042],[73.81147828484963,19.99372004686078],[73.81115048865166,19.99380252367797],[73.80973458763599,19.99393802708097],[73.80936785357069,19.99394084568711],[73.80921863030277,19.99402825382683],[73.8090590087093,19.99406379588804],[73.80809871447451,19.99432734347148],[73.80727298813203,19.99467165765359],[73.80691670133625,19.9947862289767],[73.80657881706361,19.99485249399714],[73.8056213383295,19.99480903519956],[73.80490403701866,19.99484565106299],[73.80414191234985,19.99498488065689],[73.80374475590853,19.99506778069657],[73.80268709141477,19.99527211451869],[73.80166958112761,19.99551502527839],[73.8010977850714,19.99567412937699],[73.80082655049745,19.99581284968824],[73.80037645386713,19.99613148160122],[73.8002072710492,19.99603053021851],[73.79960016204748,19.99571614157029]]}},{"type":"Feature","properties":{"name":"Tapovan Hospital","stroke":"#ffa500","stroke-opacity":1,"stroke-width":4,"fill":"#ff5454","fill-opacity":0.698,"sourceFolder":"Routes / Emergency routes / Takli Sangam (Proposed & Existing) ghat : Emergency routes","source":"Mobility plan Nashik KMZ (NTKMA)","layer":"Emergency routes"},"geometry":{"type":"LineString","coordinates":[[73.82275485950593,19.98999775658363],[73.82313950984945,19.99100640386669],[73.82316948031556,19.99119349005691],[73.82330052252986,19.99201117977876],[73.82355703149256,19.99342969968108],[73.82376528718864,19.99460268829505],[73.82385970848972,19.99516600901186],[73.8241055850995,19.99578053893335],[73.8242416963413,19.99634387582758],[73.82441664471142,19.99706053866649],[73.82465172803282,19.9978924521311],[73.82479254222945,19.99853643316851],[73.82496210619063,19.99922145541474],[73.8251534079952,20.00014673315097],[73.82532365688623,20.00099516563917],[73.82552799805039,20.00200141475289],[73.82565710926795,20.00274950112709],[73.82582321346696,20.00381635821194],[73.825924291856,20.00436147006229],[73.82585407145865,20.0046720420103],[73.82561621331278,20.00493488108814],[73.82506782827151,20.00508829304825],[73.82432756960435,20.00542471044262],[73.82368929746802,20.00575414043611],[73.82308549419947,20.00604109067001],[73.8224333406678,20.00636862952723],[73.82177802757279,20.00666708054726],[73.82078327903187,20.00705997721052],[73.82000041871524,20.00737017757143],[73.81877905733458,20.00780901538989],[73.81794001082967,20.00814512767103],[73.817444577879,20.00824920947826],[73.8163217941955,20.00839091340489],[73.81584842487825,20.00847311903835],[73.8152688332794,20.00860993481396],[73.81514377595013,20.00836854480002],[73.81504601598265,20.00814458089012],[73.81480664470794,20.00769391329369],[73.81511008443357,20.0076331450645]]}},{"type":"Feature","properties":{"name":"Apollo Hospital","sourceFolder":"Routes / Emergency routes / Takli Sangam (Proposed & Existing) ghat : Emergency routes","source":"Mobility plan Nashik KMZ (NTKMA)","layer":"Emergency routes"},"geometry":{"type":"Point","coordinates":[73.81620103144778,20.01217139248465]}},{"type":"Feature","properties":{"name":"Suvichar Hospital","stroke":"#ffa500","stroke-opacity":1,"stroke-width":4,"fill":"#ff5454","fill-opacity":0.698,"sourceFolder":"Routes / Emergency routes / Takli sangam ghat (VIP) : Emergency routes","source":"Mobility plan Nashik KMZ (NTKMA)","layer":"Emergency routes"},"geometry":{"type":"Point","coordinates":[73.80255604101667,19.98265600667297]}},{"type":"Feature","properties":{"name":"Suvichar Hospital","stroke":"#ffa500","stroke-opacity":1,"stroke-width":4,"fill":"#ff5454","fill-opacity":0.698,"sourceFolder":"Routes / Emergency routes / Takli sangam ghat (VIP) : Emergency routes","source":"Mobility plan Nashik KMZ (NTKMA)","layer":"Emergency routes"},"geometry":{"type":"LineString","coordinates":[[73.81515069911515,19.98970053258548],[73.8154228865547,19.98946560844183],[73.81554924934957,19.98935612903616],[73.81628573955483,19.98877819830695],[73.81651193285354,19.98859337798034],[73.81674670273526,19.98840137984124],[73.81700952044272,19.98819967326397],[73.81718313232724,19.98806682290516],[73.81731034592804,19.98797946484543],[73.8173155221983,19.98781277640317],[73.81734263941664,19.98726389517862],[73.81743802292169,19.98653721832581],[73.81748721422542,19.98557936557727],[73.81750190046003,19.98532612045739],[73.81738437656148,19.98506764595135],[73.81664143877774,19.98500983224588],[73.81633817487739,19.98496013068856],[73.81585958542254,19.98479824007532],[73.81480589019655,19.98423034869039],[73.81325034030678,19.98330454392975],[73.8128831548721,19.983058909141],[73.81203311762992,19.98248407321519],[73.81193472611942,19.98241652062334],[73.81138069519483,19.98208248628132],[73.8104859129489,19.98153675502881],[73.80992914127404,19.98119833409369],[73.80956996273964,19.98098110802809],[73.80869694736462,19.98046074709402],[73.80730998299644,19.97963367653101],[73.8069840963609,19.97998615909293],[73.80565663043669,19.9814747751106],[73.80454162010231,19.98260308825637],[73.80295822588785,19.98434431473934],[73.80295475683259,19.98418458293571],[73.80292550942583,19.98373102679046],[73.80279243996347,19.98275453504514]]}},{"type":"Feature","properties":{"name":"Takli Sangam ghat (VIP) -Sahyadri Hospital emergency route","stroke":"#ffa500","stroke-opacity":1,"stroke-width":4,"fill":"#ff5454","fill-opacity":0.698,"sourceFolder":"Routes / Emergency routes / Takli sangam ghat (VIP) : Emergency routes","source":"Mobility plan Nashik KMZ (NTKMA)","layer":"Emergency routes"},"geometry":{"type":"LineString","coordinates":[[73.81551382106377,19.99148221052231],[73.81527678003592,19.99154836711567],[73.8150896923944,19.99158594599042],[73.81440854394017,19.99172797833518],[73.81424171375893,19.99176205924723],[73.81386210366446,19.99186357785404],[73.81365106761585,19.99195901483516],[73.81334602837926,19.99220228548769],[73.81273130814938,19.99267947936956],[73.81238042151435,19.9930458872516],[73.81178127298718,19.99354991764651],[73.81148317858857,19.99371976744897],[73.81114797406613,19.99380389988701],[73.81071021425628,19.99384223008175],[73.80973677373242,19.99393672964524],[73.809366464982,19.99394073171318],[73.80916857935776,19.99232150911347],[73.8080909280541,19.99242868670533],[73.80573720444478,19.99282452349225],[73.80565910666972,19.99226795323149],[73.80536316336595,19.99074874015008],[73.8052859862782,19.99054981032385],[73.80495224829457,19.99030606406765],[73.80439099209403,19.98997378431812],[73.80414731011348,19.98989721681043],[73.80236217387277,19.99012825944831],[73.80132981460731,19.9902142052048],[73.80089598957947,19.99025093644362],[73.80034469532859,19.99034582693439],[73.79998878635098,19.99045383183553],[73.7997394458664,19.99058910794487],[73.79936009004614,19.99080910141019],[73.79848409926073,19.99052066310879],[73.79774178021344,19.99017760756026],[73.79606040091875,19.989610704065],[73.79545134027939,19.98937127528435],[73.79436331474689,19.9889918893871],[73.79351814858634,19.98873302491253]]}},{"type":"Feature","properties":{"name":"Sahyadri Hospital","sourceFolder":"Routes / Emergency routes / Takli sangam ghat (VIP) : Emergency routes","source":"Mobility plan Nashik KMZ (NTKMA)","layer":"Emergency routes"},"geometry":{"type":"Point","coordinates":[73.79364644765047,19.98942918885763]}},{"type":"Feature","properties":{"name":"Tapovan Hospital","sourceFolder":"Routes / Emergency routes / Lakshminarayan ghat : Emergency routes","source":"Mobility plan Nashik KMZ (NTKMA)","layer":"Emergency routes"},"geometry":{"type":"Point","coordinates":[73.81540217509531,20.00756234825224]}},{"type":"Feature","properties":{"name":"Tapovan Hospital","stroke":"#ffa500","stroke-opacity":1,"stroke-width":4,"fill":"#ff5454","fill-opacity":0.698,"sourceFolder":"Routes / Emergency routes / Lakshminarayan ghat : Emergency routes","source":"Mobility plan Nashik KMZ (NTKMA)","layer":"Emergency routes"},"geometry":{"type":"LineString","coordinates":[[73.81005379957968,19.99966843950311],[73.81002689108965,19.99916002021666],[73.8100937600728,19.99916009923635],[73.8102044183438,19.99944551849856],[73.81132699119026,20.00106605737693],[73.81175692143698,20.00166936442756],[73.81208522144667,20.00231279155895],[73.8126706722638,20.00336862614466],[73.81334986241288,20.00467948240526],[73.81390500150438,20.00567952164528],[73.81420029673686,20.00643817213913],[73.81427509918649,20.00659821822708],[73.8146814877299,20.00742407647767],[73.81477513731743,20.00765895420727],[73.81494776257675,20.00763976463422],[73.81511400467427,20.00759468696663]]}},{"type":"Feature","properties":{"name":"Sahyadri Hospital","sourceFolder":"Routes / Emergency routes / Lakshminarayan ghat : Emergency routes","source":"Mobility plan Nashik KMZ (NTKMA)","layer":"Emergency routes"},"geometry":{"type":"Point","coordinates":[73.79364644765047,19.98942918885763]}},{"type":"Feature","properties":{"name":"Lakshminarayan ghat - Sahyadri Hospital emergency route","stroke":"#ffa500","stroke-opacity":1,"stroke-width":4,"fill":"#ff5454","fill-opacity":0.698,"sourceFolder":"Routes / Emergency routes / Lakshminarayan ghat : Emergency routes","source":"Mobility plan Nashik KMZ (NTKMA)","layer":"Emergency routes"},"geometry":{"type":"LineString","coordinates":[[73.81005225817944,19.99966645107516],[73.81002677273821,19.99916246992489],[73.81002476352046,19.99893839247972],[73.80993750763272,19.99852077598415],[73.80981803506333,19.99796004676857],[73.80980264398602,19.99763463399803],[73.80969699729644,19.99597696544082],[73.8094437290557,19.99480514083074],[73.80937777821885,19.99400241270153],[73.80923261531056,19.99287082662987],[73.8091690699031,19.99231866076635],[73.80807061966843,19.99243203050581],[73.80573946399092,19.99281778683654],[73.80566147269548,19.99226656348145],[73.80536389969805,19.99074536866141],[73.80528748007772,19.99054918067402],[73.80497326284517,19.99031997758054],[73.80438466210516,19.98997016858421],[73.80414393992203,19.98989709992876],[73.80235047256855,19.9901278974417],[73.80093820182415,19.99024612178696],[73.80035516037921,19.99034454810753],[73.79998795621654,19.99045409574432],[73.7997394458664,19.99058910794487],[73.79936009004614,19.99080910141019],[73.7984972243858,19.99052355365822],[73.79774070979806,19.99017429224711],[73.79608789442531,19.98961717779659],[73.79581407528194,19.98951418748413],[73.7954285596604,19.98936418422132],[73.7944638467445,19.98902553629667],[73.79352260133257,19.98873449504943]]}},{"type":"Feature","properties":{"name":"Zakir Hussain hospital","sourceFolder":"Routes / Emergency routes / Lakshminarayan ghat : Emergency routes","source":"Mobility plan Nashik KMZ (NTKMA)","layer":"Emergency routes"},"geometry":{"type":"Point","coordinates":[73.79912770930166,19.99584917660715]}},{"type":"Feature","properties":{"name":"Civil Hospital","stroke":"#ffa500","stroke-opacity":1,"stroke-width":4,"fill":"#ff5454","fill-opacity":0.698,"sourceFolder":"Routes / Emergency routes / Lakshminarayan ghat : Emergency routes","source":"Mobility plan Nashik KMZ (NTKMA)","layer":"Emergency routes"},"geometry":{"type":"LineString","coordinates":[[73.80530440147945,20.00156976760035],[73.80472127179752,20.00144829193868],[73.80439706304635,20.00138890965498],[73.80421833259057,20.00109339642894],[73.80402325254778,20.00089993140526],[73.80361710409005,20.00075836143853],[73.80295181372153,20.00060869030868],[73.80302246164659,20.00037729652469],[73.8030021136423,19.9998185488852],[73.80288217005625,19.99929534608881],[73.80274825484233,19.99888520053771],[73.8025608754282,19.9982968200938],[73.80231589066523,19.99780634444576],[73.80219776073355,19.9974519920934],[73.80185335005733,19.99700431079695],[73.80161028595758,19.99676037438518],[73.80118302396342,19.99645429772437],[73.80094416209926,19.99630338500824],[73.79977519136888,19.99569285958547],[73.79827845391311,19.99488826751744],[73.79736142004775,19.99437458929402],[73.7970412603099,19.99421544715587],[73.79572211827355,19.99412315500368],[73.79340836326908,19.99399035251982],[73.7926866226846,19.99398302743311],[73.7920648779965,19.99407886219215],[73.7909576511712,19.99424777757821],[73.79068627791628,19.99430338699226],[73.79017911173365,19.99407152357816],[73.78925325767692,19.99385803453286],[73.78776293218309,19.99360874907367],[73.78699643593342,19.99338357601169],[73.78632604376865,19.99321242909495],[73.78433684927919,19.99328699216189],[73.78347937323986,19.99338857355141],[73.78282381039263,19.99352142222363],[73.78258670249289,19.99363740548493],[73.78244587187267,19.99406068552775],[73.78220789355474,19.99488292737967],[73.78195357649433,19.99577574846094],[73.78172940520392,19.99637630883749],[73.78152364713719,19.99682884274213],[73.78130166870048,19.99735986512014],[73.7810154282314,19.99726186935498],[73.7800393449991,19.99691109921496],[73.77937239082398,19.99670564442797],[73.77898876377606,19.99658368224521],[73.77846497425668,19.99642123632637],[73.7783749932597,19.99664000949463]]}},{"type":"Feature","properties":{"name":"Civil hospital","sourceFolder":"Routes / Emergency routes / Emergency route to Ram Kund","source":"Mobility plan Nashik KMZ (NTKMA)","layer":"Emergency routes"},"geometry":{"type":"Point","coordinates":[73.77828669664851,19.99688479134171]}},{"type":"Feature","properties":{"name":"Indira Gandhi hospital","sourceFolder":"Routes / Emergency routes / Emergency route to Ram Kund","source":"Mobility plan Nashik KMZ (NTKMA)","layer":"Emergency routes"},"geometry":{"type":"Point","coordinates":[73.79543731049134,20.00987951142814]}},{"type":"Feature","properties":{"name":"Arogya Shala","sourceFolder":"Routes / Emergency routes / Emergency route to Ram Kund","source":"Mobility plan Nashik KMZ (NTKMA)","layer":"Emergency routes"},"geometry":{"type":"Point","coordinates":[73.79602839536258,20.00465137909003]}},{"type":"Feature","properties":{"name":"Emergency route Ram Kund Route 1 : Via Holkar bridge","stroke":"#ffa500","stroke-opacity":1,"stroke-width":4,"fill":"#ff5454","fill-opacity":0.698,"sourceFolder":"Routes / Emergency routes / Emergency route to Ram Kund","source":"Mobility plan Nashik KMZ (NTKMA)","layer":"Emergency routes"},"geometry":{"type":"LineString","coordinates":[[73.7922361561616,20.00829732218324],[73.79247330196797,20.0086609761283],[73.79213751777574,20.00927576057271],[73.79196006501817,20.00970205954761],[73.79125429166841,20.00923269436419],[73.79060907631714,20.00849280205997],[73.79001680618867,20.0077958721041],[73.78957078288634,20.00680022795797],[73.78841375066668,20.00599698509437],[73.7874243036286,20.00525066244922],[73.78717358418349,20.00478302798658],[73.7870228445111,20.00424086563709],[73.7858551580559,20.00453932504094],[73.7842259451292,20.00479416937995],[73.7840137819739,20.00478894932929],[73.78327701368943,20.00275581137649],[73.78255219883698,20.00056168631636],[73.7816861413957,19.99840602822334],[73.78130425586592,19.99736377870151],[73.78008625199456,19.99692617844827],[73.77846342069476,19.99641974586494],[73.7783711947344,19.99664657773132]]}},{"type":"Feature","properties":{"name":"Arogya Shala","stroke":"#ffa500","stroke-opacity":1,"stroke-width":4,"fill":"#ff5454","fill-opacity":0.698,"sourceFolder":"Routes / Emergency routes / Emergency route to Ram Kund","source":"Mobility plan Nashik KMZ (NTKMA)","layer":"Emergency routes"},"geometry":{"type":"LineString","coordinates":[[73.79262662903639,20.00832573423142],[73.79276079408822,20.00830652090986],[73.79279902970032,20.00834096832922],[73.79290686986135,20.00869223718746],[73.79329311724675,20.0087007974826],[73.7937114918368,20.00866812408326],[73.79414673009961,20.00865077690372],[73.79440708678487,20.00864801761078],[73.7945267813834,20.00876948261381],[73.79466752112666,20.00907593818384],[73.79505622990116,20.00907312614246],[73.7955750079375,20.00904496162092],[73.79593419864709,20.00893229148201],[73.79649515862127,20.00888733970351],[73.79682912599453,20.00887844712848],[73.79718542049386,20.0089181071479],[73.79766430098176,20.00881610542631],[73.79825491151932,20.00880661879086],[73.79827938943971,20.00832933901027],[73.79831328093083,20.00776583636839],[73.79837165598305,20.00732445233908],[73.79846159627473,20.00676819654083],[73.79852853558305,20.00649752658016],[73.79855248764592,20.00633996195251],[73.79855857329466,20.00615770955863],[73.7982630220935,20.00603353292187],[73.79800011962897,20.00591577533585],[73.79739892094207,20.0057840726092],[73.79700608554884,20.00563538815334],[73.7966577697592,20.00555753432355],[73.79647165073636,20.005491518691],[73.79619281623143,20.00540200239178],[73.79590480931233,20.00530312586427],[73.79586363946918,20.00523762735569],[73.79600743757082,20.0049565907206]]}},{"type":"Feature","properties":{"name":"Arogya Shala","stroke":"#ffa500","stroke-opacity":1,"stroke-width":4,"fill":"#ff5454","fill-opacity":0.698,"sourceFolder":"Routes / Emergency routes / Emergency route to Ram Kund","source":"Mobility plan Nashik KMZ (NTKMA)","layer":"Emergency routes"},"geometry":{"type":"LineString","coordinates":[[73.79263276844095,20.00832691307161],[73.79276019254033,20.00830582685689],[73.7927996703839,20.00834112828901],[73.79290770081329,20.00869137635241],[73.79329311724675,20.0087007974826],[73.7937114918368,20.00866812408326],[73.79414673009961,20.00865077690372],[73.79440708678487,20.00864801761078],[73.7945267813834,20.00876948261381],[73.79466752112666,20.00907593818384],[73.79505622990116,20.00907312614246],[73.7955750079375,20.00904496162092],[73.79593419864709,20.00893229148201],[73.79649515862127,20.00888733970351],[73.79682912599453,20.00887844712848],[73.79718542049386,20.0089181071479],[73.79766430098176,20.00881610542631],[73.79825491151932,20.00880661879086],[73.79827938943971,20.00832933901027],[73.79830339350156,20.00783885241234],[73.79804663515297,20.00772279433891],[73.79768696477812,20.00742564953601],[73.79744936742807,20.0071799153848],[73.79713262562178,20.00688683862868],[73.79647034827542,20.00678570366602],[73.79620941109025,20.0067066719222],[73.79592027108836,20.00663032793021],[73.7957196233559,20.00663894593916],[73.79546841808835,20.00664449080909],[73.79522165385183,20.0066170203572],[73.79512399445306,20.00657949678631],[73.79488198672374,20.00645378522673],[73.79464538977344,20.00635281455257],[73.79458112191783,20.00632454215475],[73.79413510256694,20.00627206369809],[73.7938301103027,20.0062012689197],[73.79357428031199,20.00613675771191],[73.79349873019011,20.00631054226601],[73.79333049256867,20.00658589106845],[73.79313847218049,20.00699499727743],[73.79304398220445,20.00722627735387],[73.79298835891723,20.00760791401754],[73.7929335663625,20.00790041683856],[73.7926616647769,20.00829694257907]]}},{"type":"Feature","properties":{"name":"Indira Gandhi Hospital","stroke":"#ffa500","stroke-opacity":1,"stroke-width":4,"fill":"#ff5454","fill-opacity":0.698,"sourceFolder":"Routes / Emergency routes / Emergency route to Ram Kund","source":"Mobility plan Nashik KMZ (NTKMA)","layer":"Emergency routes"},"geometry":{"type":"LineString","coordinates":[[73.79255995410752,20.0085970087591],[73.79278574431669,20.00890862819134],[73.79289577312728,20.00910996089046],[73.79304645819634,20.00946084854218],[73.79319031730691,20.00982414717854],[73.7934636802285,20.00985667246104],[73.79370728068633,20.00988934085841],[73.7942346725331,20.00983488758408],[73.79450428443566,20.00981681507146],[73.79482099134162,20.00978927309269],[73.79498041519717,20.00982083181231],[73.79526335890044,20.00990912562538]]}},{"type":"Feature","properties":{"name":"Zakir Hussain hospital","stroke":"#ffa500","stroke-opacity":1,"stroke-width":4,"fill":"#ff5454","fill-opacity":0.698,"sourceFolder":"Routes / Emergency routes / Talkuteshwar ghat - Rokdoba ghat - Gandhi talao ghat : Emergency route / Government hospital","source":"Mobility plan Nashik KMZ (NTKMA)","layer":"Emergency routes"},"geometry":{"type":"LineString","coordinates":[[73.79851144925792,20.00121834137057],[73.79806885857003,20.00069184143234],[73.79759765880424,20.00007238022459],[73.79740691706002,19.99972536887967],[73.79720600271354,19.99930869391503],[73.79701063272721,19.99884666318109],[73.7969390977796,19.99864811966549],[73.79683749257742,19.99845675703992],[73.79662270952922,19.99801271289995],[73.7966240137464,19.99786200788586],[73.79687519160953,19.99773665410381],[73.79740378252883,19.99765239966975],[73.79777446745742,19.99763017578011],[73.79829744843589,19.99735009919983],[73.79914647497365,19.99702206291967],[73.7994859719673,19.9968934553814],[73.79979276289501,19.99670675259004],[73.80005885212476,19.99646119872898],[73.80033327517545,19.9961670662211]]}},{"type":"Feature","properties":{"name":"Admin / emergency to Talkuteshwar ghat - Rokdoba ghat - Gandhi Talao","stroke":"#ffa500","stroke-opacity":1,"stroke-width":4,"fill":"#ff5454","fill-opacity":0.698,"sourceFolder":"Routes / Emergency routes / Talkuteshwar ghat - Rokdoba ghat - Gandhi talao ghat : Emergency route / Government hospital","source":"Mobility plan Nashik KMZ (NTKMA)","layer":"Emergency routes"},"geometry":{"type":"LineString","coordinates":[[73.79338244543754,20.00282611845437],[73.79354215717579,20.00255396065325],[73.79392409365911,20.00234242396965],[73.79433848304672,20.00213839659384],[73.79473884470497,20.0019455872697],[73.7951414349999,20.00167614908494],[73.79547015993091,20.00144595561918],[73.79577126930539,20.00133867811135],[73.79642990778994,20.00132207928384],[73.79702745611267,20.00127193610027],[73.79769501280623,20.00123482214865],[73.79805185769413,20.00121021007927],[73.79823645057415,20.00114892215124],[73.7982684800608,20.0009639935469],[73.79810239941074,20.00078939310987],[73.79798078239025,20.00063957642717],[73.79756092693283,20.00008275667444],[73.79725727530871,19.99949216112409],[73.79704009636181,19.99899035314466],[73.79688209732366,19.99867345255534],[73.79661108944758,19.99811796824922],[73.79651852545801,19.99782375702404],[73.7965380305745,19.99761735278826],[73.79651468252716,19.99726519632151],[73.79653353505577,19.99709053126691],[73.79641441425477,19.99683384630656],[73.79609461663352,19.99656190111932],[73.79564048725744,19.99611569207556],[73.79541398940161,19.99598081024339],[73.7949842043851,19.99601504107865],[73.79474270742527,19.99605643371216],[73.79448037770229,19.99599231518735],[73.79436600833493,19.99596355573752],[73.79417183124356,19.99590145543965],[73.79401356185056,19.99585998804729],[73.79379795397725,19.99582503551648],[73.79343202194313,19.99579747086705],[73.79303858369911,19.99579130751047],[73.79268607033528,19.99580039633399],[73.79254479471491,19.99580922643258],[73.79247350170974,19.99583135508392],[73.79246271399413,19.99582741789303],[73.7922997712365,19.99581925686345],[73.79211901031022,19.99573855684364],[73.79210337635693,19.99558940516553],[73.79201299696284,19.9954506702754],[73.79179215584529,19.99525389681126],[73.79167629965407,19.9950810306261],[73.79155780028829,19.99492887599985],[73.79133131104389,19.99468280215352],[73.79123712141103,19.99458261673908],[73.79114546979535,19.99446686706425],[73.79102674978775,19.99436259808857],[73.79102376186638,19.99436150758774],[73.79082270459023,19.99435466519877],[73.79068607308312,19.99430198256024],[73.79017276957647,19.99407045508026],[73.78979772667276,19.99398251454061],[73.78947106984594,19.99390669847769],[73.78931273327156,19.99387117355998],[73.78877905058248,19.99377906929863],[73.78823368268199,19.99368794478168],[73.78776771583809,19.99360961708298],[73.78738699239865,19.99349712831388],[73.78686012544922,19.99334721758609],[73.78656186365875,19.99327198352547],[73.78632750244063,19.99321026438712],[73.78586225053348,19.99322872702128],[73.78538151057069,19.99324675237217],[73.78450831655677,19.99327932313424],[73.78434520528316,19.99328589623861],[73.78383529433685,19.99334602373327],[73.78348384669754,19.99338704658075],[73.78282742738807,19.99352074264709],[73.78258401908286,19.99363491945923],[73.78180710380471,19.99358615710728],[73.7808219951122,19.99351595076234],[73.7798575950693,19.99344188226808],[73.77929764745156,19.9932169828529],[73.77874092121023,19.99305952063709],[73.77827503304734,19.99299655332715],[73.77801726811698,19.99300185226672],[73.77721890825282,19.99305131985845],[73.77683769695176,19.99308687150548],[73.77642662872674,19.99301238273614],[73.77636184449156,19.99311087919763],[73.776276770034,19.99312029740683],[73.77621822047404,19.99311978978195],[73.77624436846877,19.993437287205],[73.77623559548131,19.9939639057471],[73.77620808888211,19.99429072354801],[73.77614401396188,19.9945867765588],[73.77597906374262,19.99515500368931],[73.7758940249353,19.99544818261006],[73.77594060777704,19.99569369977956],[73.77639710098678,19.99584239378634],[73.77717242743569,19.99608843886215],[73.77798091723385,19.99634028851921],[73.7784374126285,19.99648290351771],[73.77837233336734,19.99664486322723]]}},{"type":"Feature","properties":{"name":"Civil hospital","sourceFolder":"Routes / Emergency routes / Talkuteshwar ghat - Rokdoba ghat - Gandhi talao ghat : Emergency route / Government hospital","source":"Mobility plan Nashik KMZ (NTKMA)","layer":"Emergency routes"},"geometry":{"type":"Point","coordinates":[73.77828669664851,19.99688479134171]}},{"type":"Feature","properties":{"name":"Indira Gandhi hospital","stroke":"#ffa500","stroke-opacity":1,"stroke-width":4,"sourceFolder":"Routes / Emergency routes / Talkuteshwar ghat - Rokdoba ghat - Gandhi talao ghat : Emergency route / Government hospital","source":"Mobility plan Nashik KMZ (NTKMA)","layer":"Emergency routes"},"geometry":{"type":"LineString","coordinates":[[73.79048385854226,20.00783104666495],[73.79040587470968,20.0079346334809],[73.79028756218786,20.00807972385057],[73.79018768513096,20.00816060405456],[73.79016164745143,20.00841830965924],[73.79003380055141,20.00853204763246],[73.78979252417528,20.00863154704252],[73.78965896016652,20.00872409098437],[73.7895257824634,20.00866966893791],[73.78943739663599,20.00840159675353],[73.78939155013319,20.00823961681443],[73.78924755664947,20.00816749856613],[73.78923026853478,20.00797697494998],[73.78924980756558,20.00749513878821],[73.78934241396661,20.00728479058598],[73.78972785804703,20.00734152420324],[73.78981980358918,20.00746173733899],[73.7899320365509,20.00772657983588],[73.79002267582796,20.007867002972],[73.79028886318078,20.00817802060639],[73.79045452556782,20.00837569064428],[73.79074340793127,20.0086977322087],[73.7909641485254,20.00893201059729],[73.79123675167155,20.00925969899321],[73.79149715650036,20.00942955428292],[73.79172510855962,20.0095830362745],[73.79195560701649,20.00973179806235],[73.79210557216022,20.00970966910176],[73.79250455620947,20.00981074370526],[73.79304843643253,20.00993674910526],[73.79376755484083,20.01002335040909],[73.79432193468348,20.0099680142734],[73.79457826658688,20.00996016950696],[73.79481253692003,20.00999002757197],[73.79513947852844,20.00992575224592]]}},{"type":"Feature","properties":{"name":"Indira Gandhi hospital","sourceFolder":"Routes / Emergency routes / Talkuteshwar ghat - Rokdoba ghat - Gandhi talao ghat : Emergency route / Government hospital","source":"Mobility plan Nashik KMZ (NTKMA)","layer":"Emergency routes"},"geometry":{"type":"Point","coordinates":[73.79543731049134,20.00987951142814]}},{"type":"Feature","properties":{"name":"Arogya Shala from Gandhi talao","stroke":"#ffa500","stroke-opacity":1,"stroke-width":4,"fill":"#ff5454","fill-opacity":0.698,"sourceFolder":"Routes / Emergency routes / Talkuteshwar ghat - Rokdoba ghat - Gandhi talao ghat : Emergency route / Government hospital","source":"Mobility plan Nashik KMZ (NTKMA)","layer":"Emergency routes"},"geometry":{"type":"LineString","coordinates":[[73.79254445452094,20.00559819443114],[73.79270134691599,20.00509643310409],[73.79286119812511,20.00469001262158],[73.79295466564737,20.00441590849947],[73.79304671820923,20.0041773106114],[73.79368809325142,20.00436260109854],[73.79412255821218,20.00447021003301],[73.7945071754546,20.00459507737788],[73.79450203588713,20.00460047694893],[73.79497415290912,20.00475960348694],[73.79524099932986,20.00490852994063],[73.7956853851869,20.00514660278388],[73.7958262716289,20.00522161000109],[73.79596641136837,20.00494059125475]]}},{"type":"Feature","properties":{"name":"Arogya Shala","sourceFolder":"Routes / Emergency routes / Talkuteshwar ghat - Rokdoba ghat - Gandhi talao ghat : Emergency route / Government hospital","source":"Mobility plan Nashik KMZ (NTKMA)","layer":"Emergency routes"},"geometry":{"type":"Point","coordinates":[73.79602839536258,20.00465137909003]}},{"type":"Feature","properties":{"name":"Arogya shala from Rokdoba Maidan ghat","stroke":"#ffa500","stroke-opacity":1,"stroke-width":4,"fill":"#ff5454","fill-opacity":0.698,"sourceFolder":"Routes / Emergency routes / Talkuteshwar ghat - Rokdoba ghat - Gandhi talao ghat : Emergency route / Government hospital","source":"Mobility plan Nashik KMZ (NTKMA)","layer":"Emergency routes"},"geometry":{"type":"LineString","coordinates":[[73.79305655097482,20.00415471798481],[73.79332772282594,20.00423815306317],[73.79377960062325,20.00436828126215],[73.79408263725665,20.00443481127276],[73.79420559099518,20.00447478751957],[73.79444943729114,20.00454872451998],[73.7946812047755,20.00462771269122],[73.7949893227268,20.00473084827046],[73.79518078464959,20.00483798202763],[73.79540186662925,20.00495754748819],[73.7956218233206,20.00506372039782],[73.79582196313439,20.00518054773489],[73.79593354748648,20.00493659560375]]}},{"type":"Feature","properties":{"name":"Jijamata Hospital","sourceFolder":"Routes / Emergency routes / Talkuteshwar ghat - Rokdoba ghat - Gandhi talao ghat : Emergency route / Government hospital","source":"Mobility plan Nashik KMZ (NTKMA)","layer":"Emergency routes"},"geometry":{"type":"Point","coordinates":[73.78963401714262,20.00260495643217]}},{"type":"Feature","properties":{"name":"Jijamata Hospital","stroke":"#ffa500","stroke-opacity":1,"stroke-width":4,"fill":"#ff5454","fill-opacity":0.698,"sourceFolder":"Routes / Emergency routes / Talkuteshwar ghat - Rokdoba ghat - Gandhi talao ghat : Emergency route / Government hospital","source":"Mobility plan Nashik KMZ (NTKMA)","layer":"Emergency routes"},"geometry":{"type":"LineString","coordinates":[[73.79331329184993,20.00289545495509],[73.79296422974897,20.00277128374969],[73.79282953173845,20.00267754421795],[73.79269595672848,20.00256804097346],[73.79259147147496,20.00244400416794],[73.79251873004631,20.00235035156051],[73.79237904517308,20.00219442384439],[73.79229019721035,20.00203319120196],[73.7921785624565,20.00189865795716],[73.79206093647684,20.00187824189858],[73.79191067695193,20.00192137234172],[73.79164675606474,20.00194857258956],[73.79143721551038,20.0019596817236],[73.79095977249943,20.00192057844293],[73.79068568818455,20.00195649771041],[73.7903923910682,20.00197494960278],[73.79004701074949,20.00197469681428],[73.78990914553727,20.00201424588918],[73.78993206433027,20.00222939605182],[73.78990586137245,20.00250081070874],[73.78983527674035,20.00256893434891]]}},{"type":"Feature","properties":{"name":"Talkuteshwar ghat exit to Zakir Hussain hospital","stroke":"#ffa500","stroke-opacity":1,"stroke-width":4,"fill":"#ff5454","fill-opacity":0.698,"sourceFolder":"Routes / Emergency routes / Talkuteshwar ghat - Rokdoba ghat - Gandhi talao ghat : Emergency route / Government hospital","source":"Mobility plan Nashik KMZ (NTKMA)","layer":"Emergency routes"},"geometry":{"type":"LineString","coordinates":[[73.80242329083492,20.0012445192022],[73.80266954960526,20.00099397375743],[73.80295396577378,20.00060840718549],[73.80302541902844,20.00036927797095],[73.80300240257884,19.99981303798685],[73.8028839390197,19.99929704502079],[73.802562820001,19.99829551642577],[73.80232103226383,19.99781872164135],[73.80219591214555,19.99745113455323],[73.80185353736572,19.99700387324282],[73.80160869638537,19.99676302660822],[73.80118906709728,19.99645481004871],[73.8009317115056,19.99629701233177],[73.8004742752716,19.9960591288196],[73.80037623381197,19.99613228975061],[73.80016322067462,19.99600631508646],[73.79960376303079,19.99571845844125]]}},{"type":"Feature","properties":{"name":"Talkuteshwar ghat to Sadguru Hospital","stroke":"#ffa500","stroke-opacity":1,"stroke-width":4,"fill":"#ff5454","fill-opacity":0.698,"sourceFolder":"Routes / Emergency routes / Talkuteshwar ghat - Rokdoba ghat - Gandhi talao ghat : Emergency route","source":"Mobility plan Nashik KMZ (NTKMA)","layer":"Emergency routes"},"geometry":{"type":"LineString","coordinates":[[73.79420122309985,20.00446436343198],[73.79457697010214,20.00356153891381],[73.79492146140153,20.0029130703382],[73.79535676641586,20.00246958715221],[73.7960242877831,20.00216486923138],[73.79660012872647,20.00209657084555],[73.7982334263947,20.00210500276646],[73.79872504202247,20.00206490444289],[73.79888028329569,20.00241705860809],[73.79896282969533,20.00263690122681],[73.79929375178534,20.00275060617696],[73.79988474605295,20.00269342710746],[73.80071115685207,20.00262566955061],[73.8012930128277,20.00232098336218],[73.80185019587024,20.00218723601389],[73.80262061069865,20.0021821765456],[73.80308870499385,20.00229886496454],[73.80303390934911,20.00315929274344],[73.80300095198771,20.00402530155074],[73.80301602298796,20.00444940670936],[73.80320126676656,20.00504347455477],[73.80339698452863,20.00569945389436],[73.80372138616461,20.00642767702183],[73.80398891507795,20.00691558848543],[73.80413146426434,20.0071374216984],[73.8047829629279,20.00803738161723],[73.8057047940294,20.00893637489584],[73.80604445839487,20.00922601343983],[73.80616032257582,20.00939146175358],[73.80567568349215,20.00939938446139],[73.8051882650294,20.00938954074411],[73.80431394068246,20.00930374428058],[73.80374179421125,20.00924178052094],[73.80293809637791,20.00899124035673],[73.80282141213743,20.00896797825441]]}},{"type":"Feature","properties":{"name":"UPHC","stroke":"#ffa500","stroke-opacity":1,"stroke-width":4,"fill":"#ff5454","fill-opacity":0.698,"sourceFolder":"Routes / Emergency routes / Someshwar ghat / Govt hospital","source":"Mobility plan Nashik KMZ (NTKMA)","layer":"Emergency routes"},"geometry":{"type":"LineString","coordinates":[[73.719749866509,20.02873742361599],[73.71989390262748,20.02810070869797],[73.71993597132585,20.02762006522246],[73.71992585974564,20.02706074341259],[73.71980983881738,20.02644019731459],[73.71970903636681,20.02614522095929],[73.71963862835035,20.02605039915393],[73.71936576811457,20.0262722131278],[73.71882968913162,20.02678138210706],[73.7183460644777,20.02731936547843],[73.71798713213302,20.02778704293236],[73.7178688418588,20.02794079158249],[73.71771656764037,20.02814402475034],[73.71751221857704,20.0283950157205],[73.71721702592797,20.02880379568308],[73.71693052277739,20.02915943306728],[73.71671738902322,20.02936929968826],[73.71655412323744,20.02950210229783],[73.71635900605644,20.02965055652309],[73.71620144741223,20.02978828586624],[73.71659369329254,20.0297670852453],[73.7168391867206,20.02975719860163],[73.71719871838187,20.02976403305335],[73.71759604880106,20.02978177469802],[73.7177435772632,20.02981727627465]]}},{"type":"Feature","properties":{"name":"ESIS Hospital","stroke":"#ffa500","stroke-opacity":1,"stroke-width":4,"fill":"#ff5454","fill-opacity":0.698,"sourceFolder":"Routes / Emergency routes / Someshwar ghat / Govt hospital","source":"Mobility plan Nashik KMZ (NTKMA)","layer":"Emergency routes"},"geometry":{"type":"LineString","coordinates":[[73.71979678911534,20.02910693511401],[73.71991760236857,20.0287438997476],[73.71997104579812,20.02850581449854],[73.72007566578743,20.02801858835643],[73.72012936910781,20.02767119527676],[73.72007708259139,20.02727877275465],[73.72007955266314,20.02686362194637],[73.72000993603447,20.02639072797179],[73.7200010890664,20.02637809552139],[73.72000006495634,20.02613244416305],[73.72004258345268,20.02594856652653],[73.72027375710017,20.02576763604925],[73.7209175670065,20.02529395423032],[73.72120477606339,20.02506735381434],[73.72166529102276,20.02476286499527],[73.72183734792995,20.02454684483883],[73.72156300697199,20.02418797955378],[73.72140139179275,20.02407731547013],[73.72123051868553,20.02383023517178],[73.72118176280684,20.02335288099073],[73.72120941655828,20.02287948460286],[73.72114607238156,20.02270622639798],[73.72099208463209,20.02244418538313],[73.72048853760282,20.0219337336952],[73.72005873780456,20.02151293979975],[73.71973655424635,20.02102569072786],[73.71966111981173,20.02089016871835],[73.71947078385614,20.02050675043056],[73.71918238900173,20.01987247189165],[73.71889709709808,20.01916389170571],[73.71860995360711,20.01855244332796],[73.71830414495469,20.01797784215326],[73.71746355553655,20.01650675131305],[73.71709870217254,20.01587291429],[73.71633180245111,20.01452226098121],[73.71552139611268,20.01314359446649],[73.71517576059655,20.01256855614933],[73.71505271489563,20.01206936631137],[73.71480205806381,20.0114639851789],[73.71415944743248,20.0101363558651],[73.71337108768371,20.00883587325477],[73.712894899285,20.00805930446746],[73.71200050649503,20.00670174498435],[73.71175094171076,20.00610875428972],[73.71153066544343,20.00482842059388],[73.71149171182807,20.0039457453794],[73.71147316133957,20.00324387973129],[73.71149534575919,20.00023377163228],[73.71156981832762,19.99738576389278],[73.71154128483795,19.99528857697501],[73.71153270339185,19.9943839091231],[73.71148964573135,19.99330486054489],[73.71175028432869,19.99235182500588],[73.712489731476,19.99096300844422],[73.71375579025387,19.98898777583402],[73.71578858821714,19.98573169282528],[73.71639304369947,19.98497532432141],[73.71710996360439,19.9841845533337],[73.71819403681734,19.98345096591675],[73.71861913185471,19.98369088808165],[73.71953627638075,19.98412794364613],[73.72020323612512,19.98442777705527],[73.72093180401393,19.98475464085836],[73.72136165920715,19.98500678373363],[73.72190214281756,19.98522125722241],[73.72265288115571,19.98562433070518],[73.7235738098165,19.98607474633912],[73.72390223595175,19.98617717068157],[73.7251426588065,19.98696855104345],[73.72676766086052,19.98799510065073],[73.7284481333616,19.98928112687673],[73.72931482474371,19.98973317202012],[73.73076894971724,19.99032131184538],[73.73233370741228,19.9907416567089],[73.73370419073984,19.99096888230833],[73.73403821825801,19.99103673538889],[73.73423118260469,19.9910545956211],[73.7342032986533,19.99126804031183]]}},{"type":"Feature","properties":{"name":"Civil Hospital","stroke":"#ffa500","stroke-opacity":1,"stroke-width":4,"fill":"#ff5454","fill-opacity":0.698,"sourceFolder":"Routes / Emergency routes / Someshwar ghat / Govt hospital","source":"Mobility plan Nashik KMZ (NTKMA)","layer":"Emergency routes"},"geometry":{"type":"LineString","coordinates":[[73.71979678911534,20.02910693511401],[73.71991760236857,20.0287438997476],[73.71997104579812,20.02850581449854],[73.72007566578743,20.02801858835643],[73.72012936910781,20.02767119527676],[73.72007708259139,20.02727877275465],[73.72007955266314,20.02686362194637],[73.72000993603447,20.02639072797179],[73.7200010890664,20.02637809552139],[73.72000006495634,20.02613244416305],[73.72004258345268,20.02594856652653],[73.72027375710017,20.02576763604925],[73.7209175670065,20.02529395423032],[73.72120477606339,20.02506735381434],[73.72166529102276,20.02476286499527],[73.72183734792995,20.02454684483883],[73.72156300697199,20.02418797955378],[73.72140009973184,20.02407653934906],[73.72123094066508,20.02383081567637],[73.72118137277667,20.02335173896142],[73.72121013272333,20.02287757554783],[73.72114607759197,20.02270404978246],[73.72099208463209,20.02244418538313],[73.72048264575405,20.02192559779662],[73.72005697616453,20.02151077594474],[73.7197330349708,20.0210197781762],[73.71965880787243,20.02088796809693],[73.71947712308254,20.02051830981999],[73.7193289904105,20.0201984535796],[73.71917584964805,20.01985959723048],[73.71889270538544,20.01915258877077],[73.71874846517944,20.01884690366028],[73.7186064830349,20.01854563112233],[73.71825458908316,20.01788822166511],[73.71765592030299,20.01684183566154],[73.7172836926935,20.01619258826965],[73.71709395265381,20.01586483134823],[73.71632719660231,20.01451604013667],[73.7158600518769,20.01371948565355],[73.71549643292364,20.01310362452829],[73.71517504235962,20.01256589479121],[73.71505554338276,20.0120823636525],[73.71480003269052,20.01145858964433],[73.71431697840026,20.01045920085842],[73.71415674873445,20.01013034113408],[73.71342580795258,20.00892411798659],[73.71319322912622,20.00853838704294],[73.71288831106325,20.00805167470747],[73.7119983038409,20.00669960525721],[73.71175153333002,20.00610914917451],[73.71153129930488,20.00481522669525],[73.71148929289669,20.00392669642967],[73.71147316133957,20.00324387973129],[73.7114958840318,20.00022731412755],[73.71154450534951,19.9983792731742],[73.71156855600356,19.99739373162247],[73.7115473672168,19.99581391206954],[73.71153578761714,19.99460357740275],[73.71152810573372,19.99427003976698],[73.71148964573135,19.99330486054489],[73.71175028432869,19.99235182500588],[73.712489731476,19.99096300844422],[73.7137539671523,19.98899410210466],[73.71527415879753,19.98655518444111],[73.7157933718571,19.9857260249679],[73.71640127672535,19.98496611898037],[73.71671107286335,19.98462655231799],[73.71711686065782,19.98417853994751],[73.71819473446914,19.98345200017968],[73.71862502936537,19.9836943508952],[73.7193028905532,19.98401659500297],[73.71985921949374,19.98427084989527],[73.72061385554733,19.9846101238863],[73.72093286776797,19.98475542483058],[73.72135657157298,19.98500395133777],[73.72183530284204,19.98518889663768],[73.72258415736802,19.98558452009634],[73.72281810414353,19.98570410137879],[73.72326812632787,19.98592365103422],[73.7235743582934,19.98606747683613],[73.72390239605654,19.98617656888698],[73.7250816191581,19.98692934553907],[73.72612795537808,19.98758778312884],[73.7267575603014,19.98798688166081],[73.72748529738337,19.98854589410971],[73.72844502118417,19.98927822944512],[73.72870086845788,19.98941508445271],[73.72931235294453,19.98973296490031],[73.72966309268624,19.98987302231733],[73.73076788077567,19.99032096829469],[73.73186190416232,19.9906160213417],[73.73232641316356,19.99074056507379],[73.73281605239858,19.99082276723568],[73.73370812852531,19.99096813349119],[73.73403821825801,19.99103673538889],[73.73442855744591,19.99107110614507],[73.73889616218568,19.99149474862134],[73.74152611225044,19.99177941917229],[73.74444569172786,19.99220773288818],[73.74499779663837,19.99231092761852],[73.74826321695264,19.99291043940218],[73.74936701187488,19.99312629450696],[73.7516589351462,19.99353918932839],[73.7539741910161,19.99390965277648],[73.75811928153668,19.99440239029821],[73.75923215964848,19.99448029538284],[73.76128300241018,19.99458820625582],[73.76236111723094,19.99465077494854],[73.7636760036185,19.99470481587575],[73.76559054080018,19.9947148596619],[73.76840059377093,19.99473533370328],[73.7717595418363,19.99463466076646],[73.77228318881066,19.99461855039718],[73.77264451602102,19.9946809764207],[73.77465522871621,19.99528971314821],[73.7758988410891,19.99568256140672],[73.77748497893401,19.99618936096753],[73.77843572031725,19.99648325024661],[73.77837225554235,19.99664517129512]]}},{"type":"Feature","properties":{"name":"ESIS Hospital","sourceFolder":"Routes / Emergency routes / Someshwar ghat / Govt hospital","source":"Mobility plan Nashik KMZ (NTKMA)","layer":"Emergency routes"},"geometry":{"type":"Point","coordinates":[73.73378592704424,19.99181862770179]}},{"type":"Feature","properties":{"name":"UPHC","sourceFolder":"Routes / Emergency routes / Someshwar ghat / Govt hospital","source":"Mobility plan Nashik KMZ (NTKMA)","layer":"Emergency routes"},"geometry":{"type":"Point","coordinates":[73.71751084656808,20.02944576593081]}},{"type":"Feature","properties":{"name":"Guruji Hospital","stroke":"#ffa500","stroke-opacity":1,"stroke-width":4,"fill":"#ff5454","fill-opacity":0.698,"sourceFolder":"Routes / Emergency routes / Someshwar ghat / Private hospital","source":"Mobility plan Nashik KMZ (NTKMA)","layer":"Emergency routes"},"geometry":{"type":"LineString","coordinates":[[73.71979678911534,20.02910693511401],[73.71991760236857,20.0287438997476],[73.71997104579812,20.02850581449854],[73.72007566578743,20.02801858835643],[73.72012936910781,20.02767119527676],[73.72007708259139,20.02727877275465],[73.72007955266314,20.02686362194637],[73.72000993603447,20.02639072797179],[73.7200010890664,20.02637809552139],[73.72000006495634,20.02613244416305],[73.72004258345268,20.02594856652653],[73.72027375710017,20.02576763604925],[73.7209175670065,20.02529395423032],[73.72120477606339,20.02506735381434],[73.72166529102276,20.02476286499527],[73.72183734792995,20.02454684483883],[73.72216333363097,20.02427995594921],[73.72260743502034,20.02393873383322],[73.72306172716398,20.02360522697908],[73.72389699974198,20.02311665885674],[73.72467469306426,20.02265806964215],[73.72556138554349,20.02225243195928],[73.72632064045415,20.02191801252638],[73.72714435370847,20.02155578571213],[73.72791711101712,20.02114262803871],[73.72947899661015,20.02048840543233],[73.7306281558646,20.01995281471422],[73.73172415532397,20.0194188727688],[73.73257229554555,20.0190183627812],[73.73335014491761,20.0185412521923],[73.7339917348513,20.01829353973336],[73.7344097034097,20.01782805838253],[73.73494254800102,20.01733328144656],[73.73526039873406,20.01712201199166],[73.73598205250138,20.01681875054137],[73.73650631339662,20.01641569208248],[73.73699865308504,20.01589142164778],[73.73738593666098,20.01538279603107],[73.7377835107651,20.01500752572852],[73.73826191282613,20.0146605277033],[73.73885367210407,20.0143640959022],[73.73974902910757,20.01406816897078],[73.74046555002516,20.01384309824449],[73.74106194006764,20.01363604645875],[73.74190549809344,20.01339653692891],[73.7424616207132,20.01323724092135],[73.74307343907026,20.01299295093495],[73.74395135722453,20.01276778564645],[73.74447499755085,20.01261497698411],[73.74522825221827,20.01244421715082],[73.74604993290541,20.0123959388308],[73.74659862073344,20.01233499384995],[73.74746856637267,20.01229560532779],[73.74769454653563,20.01229878747695],[73.74773226689652,20.01211667832394],[73.74780556299673,20.01206677772287],[73.74798483870836,20.01203779753616],[73.74840648889895,20.01202925808028],[73.74869831645294,20.01203800571275],[73.74866671866,20.01199204725734]]}},{"type":"Feature","properties":{"name":"Guruji Hospital","sourceFolder":"Routes / Emergency routes / Someshwar ghat / Private hospital","source":"Mobility plan Nashik KMZ (NTKMA)","layer":"Emergency routes"},"geometry":{"type":"Point","coordinates":[73.74860327583313,20.01156329523641]}},{"type":"Feature","properties":{"name":"Zakir Hussain hospital","sourceFolder":"Routes / Emergency routes / Kapila Sangam","source":"Mobility plan Nashik KMZ (NTKMA)","layer":"Emergency routes"},"geometry":{"type":"Point","coordinates":[73.79912770930166,19.99584917660715]}},{"type":"Feature","properties":{"name":"Tapovan Hospital","stroke":"#ffa500","stroke-opacity":1,"stroke-width":4,"fill":"#ff5454","fill-opacity":0.698,"sourceFolder":"Routes / Emergency routes / Kapila Sangam","source":"Mobility plan Nashik KMZ (NTKMA)","layer":"Emergency routes"},"geometry":{"type":"LineString","coordinates":[[73.81094414785655,20.0004789942265],[73.81135707715853,20.00105544889546],[73.81177377336063,20.00163261982091],[73.81212999675816,20.00230972063032],[73.81271523141478,20.00334179320325],[73.81338852480297,20.00467989173745],[73.81392713724271,20.00563635658957],[73.81430841071604,20.00658996933073],[73.81471156823629,20.00739734539638],[73.8148110843803,20.00764972022454],[73.81494776257675,20.00763976463422],[73.81511400467427,20.00759468696663]]}},{"type":"Feature","properties":{"name":"Samrudhi  Hospital","stroke":"#ffa500","stroke-opacity":1,"stroke-width":4,"fill":"#ff5454","fill-opacity":0.698,"sourceFolder":"Routes / Emergency routes / Kapila Sangam","source":"Mobility plan Nashik KMZ (NTKMA)","layer":"Emergency routes"},"geometry":{"type":"LineString","coordinates":[[73.81096211423723,20.00046778068825],[73.81135619518926,20.00101759897941],[73.81179307706917,20.00162153226205],[73.81215067556609,20.0023033118648],[73.81233837333765,20.00262759247948],[73.8126015891155,20.00308636919465],[73.8127478805819,20.00334119337917],[73.81341366175262,20.00466535947307],[73.81394571536303,20.00561895607364],[73.81433574683606,20.00659322422416],[73.81473632600998,20.00739243889215],[73.81486042533471,20.00771969631824],[73.81507889069714,20.00814490960291],[73.81528191784413,20.00856943523076],[73.81594553301152,20.00840654851216],[73.81741116603028,20.00821863216947],[73.81793160502178,20.00811644712474],[73.81843911672598,20.00790338028953],[73.8198505104855,20.00738403944698],[73.82141142668986,20.00676876101989],[73.82205921082148,20.00650718207298],[73.82285397468917,20.00611009963305],[73.82324817853701,20.00592164672913],[73.82361507560225,20.00573051052591],[73.8241304978418,20.00546179756001],[73.8250471116866,20.00504516764718],[73.82600907583111,20.00473468951628],[73.82694740559111,20.00437853574469],[73.82798829328172,20.00397818901666],[73.82882586018825,20.00356892047918],[73.83029828069452,20.00276199577686],[73.83139779485946,20.00218991837198],[73.83247817122913,20.00167106988827],[73.83343477547002,20.00113975900906],[73.8340899642976,20.00076286859605],[73.83483128624722,20.00022662181728],[73.835725923241,19.99962529424018],[73.83603244236484,19.99948336824278],[73.83615781018452,19.99970361644956]]}},{"type":"Feature","properties":{"name":"Tapovan Hospital","sourceFolder":"Routes / Emergency routes / Kapila Sangam","source":"Mobility plan Nashik KMZ (NTKMA)","layer":"Emergency routes"},"geometry":{"type":"Point","coordinates":[73.81540217509531,20.00756234825224]}},{"type":"Feature","properties":{"name":"Samrudhi Hospital","sourceFolder":"Routes / Emergency routes / Kapila Sangam","source":"Mobility plan Nashik KMZ (NTKMA)","layer":"Emergency routes"},"geometry":{"type":"Point","coordinates":[73.83622662123862,19.99980359718831]}},{"type":"Feature","properties":{"name":"Zakir Hussain","stroke":"#ffa500","stroke-opacity":1,"stroke-width":4,"fill":"#ff5454","fill-opacity":0.698,"sourceFolder":"Routes / Emergency routes / Kapila Sangam","source":"Mobility plan Nashik KMZ (NTKMA)","layer":"Emergency routes"},"geometry":{"type":"LineString","coordinates":[[73.81080646277391,20.00041539088152],[73.81065775318517,20.0001613854079],[73.81043978052799,19.99984208980338],[73.81017476163615,19.99946147113014],[73.81010525903682,19.99926904509206],[73.80998629423036,19.99886884335507],[73.80991682139398,19.99854239996455],[73.80981720299046,19.99811213365955],[73.80978244836295,19.99794827646979],[73.80973684741485,19.99724118988512],[73.80965593111685,19.9959938604212],[73.80950864488581,19.99530184318866],[73.8094066697664,19.9948235459444],[73.80928727748996,19.9940404693184],[73.80920932010271,19.9940715086049],[73.80905840122568,19.99410680665672],[73.80874597309351,19.99418818916794],[73.80816025865397,19.99436000926215],[73.80722873518785,19.99473282906789],[73.80692542303109,19.99482405499636],[73.80656415387632,19.99488935675955],[73.80588926367447,19.99486116006171],[73.80558955527069,19.99485646817237],[73.80492082331759,19.99488923167611],[73.80445479166576,19.99496060407737],[73.80341795331033,19.99518352312293],[73.80269391040979,19.99531208103534],[73.80212172358011,19.99545918549726],[73.80116956542088,19.99570634277326],[73.80084693526335,19.99584845389567],[73.80043806992457,19.99616206068411],[73.80038285226523,19.99613047491763],[73.8002136677099,19.99603524447054],[73.79960059656564,19.99571482336196]]}},{"type":"Feature","properties":{"name":"Proposed Dugaon outer parking distance","stroke":"#ff0000","stroke-opacity":1,"stroke-width":5,"sourceFolder":"Routes / Movement / Gangapur road","source":"Mobility plan Nashik KMZ (NTKMA)","layer":"Movement routes"},"geometry":{"type":"LineString","coordinates":[[73.6634502391961,20.07133871543555],[73.66459514030205,20.07137789446955],[73.66662156347684,20.07114834565264],[73.67073864801092,20.07088280225746],[73.67287103004116,20.07074471770273],[73.67856266372446,20.0703516938771],[73.68035910872334,20.07022347142839],[73.68226894582095,20.07017701472027],[73.68322760771325,20.07006151046941],[73.68357775637963,20.06988960381795],[73.68391067430738,20.06947217291128],[73.68404061719176,20.06876077176502],[73.68408645366364,20.06806561604599],[73.68403984524043,20.06730698932445],[73.68358771627055,20.06522429576022],[73.68321593738983,20.06357539671986],[73.68302771301046,20.06271284749706],[73.6828224010919,20.06175089961388],[73.68273865636964,20.06144660452487],[73.68273420430491,20.06090380839395],[73.68282310255628,20.06012667347574],[73.68318173212766,20.05861104725795],[73.68393788887069,20.05534759726696],[73.68447210622682,20.05304903854336],[73.68514719816778,20.05010551139443],[73.68590448280268,20.04676813362822],[73.68617798706792,20.04619737724511],[73.68680655424524,20.04507721153783],[73.68828818903947,20.04249468521827],[73.68851240177499,20.0420603375827],[73.68872489703611,20.04149981242053],[73.688954101292,20.04007544431029],[73.68919652572718,20.03795592825946],[73.68930980931673,20.03668158871985],[73.68933084483045,20.03401947809273],[73.68937093143025,20.03368460460849],[73.68959566616161,20.03351254134457],[73.68987312817812,20.03346897879948],[73.6907124444535,20.03333056900848],[73.69244677672022,20.03306957614411],[73.69544558402691,20.03255468365341],[73.69746050670176,20.03217025556191],[73.69893285534062,20.03186555547532],[73.6999445358481,20.0316396454587],[73.70040818130059,20.0312223635996],[73.70097044858232,20.03049506224631],[73.70166323108096,20.0300546480251],[73.70235315814939,20.02980962153385],[73.70305593132628,20.02972715071949],[73.70448318157109,20.02952661652342],[73.70609591209461,20.02934283131764],[73.70768009392523,20.02924099532619],[73.70937025919876,20.02931194158785],[73.71090736082887,20.02951553359718],[73.71287179665626,20.02984080735755],[73.71390223340394,20.03000978871891],[73.71445636834066,20.03007892937829],[73.71496806212224,20.03013883020693],[73.71560589903493,20.03001695821055],[73.71635326357413,20.02975527552255],[73.7164992893279,20.02980539899719],[73.71692871228177,20.02978980969332],[73.71757443108277,20.02981941316362],[73.71763126332168,20.02985998834956],[73.71780937146534,20.02989045857679],[73.71817697939434,20.03006159252837]]}},{"type":"Feature","properties":{"name":"Ramshej Parking distance","stroke":"#ff0000","stroke-opacity":1,"stroke-width":5,"sourceFolder":"Routes / Movement / Peth road","source":"Mobility plan Nashik KMZ (NTKMA)","layer":"Movement routes"},"geometry":{"type":"LineString","coordinates":[[73.75851869455866,20.12915927560327],[73.75881394376995,20.12866577153982],[73.7592596349048,20.12824462605182],[73.75980697225296,20.12789503878758],[73.76048258035854,20.12750216597487],[73.76110628389192,20.12712020135413],[73.76177282442275,20.12676689725937],[73.7623112731521,20.12650033786318],[73.76265079982387,20.12629213609139],[73.7629340107732,20.12595449145493],[73.7630348937783,20.12563117030849],[73.76303446827858,20.12535061130925],[73.76286840792966,20.12496419176953],[73.76264146551216,20.12450788178293],[73.76239405637814,20.12388694334247],[73.76226122037095,20.12349691919017],[73.76221838087324,20.12295927136886],[73.76221635854606,20.12293902035536],[73.7621952935561,20.12252147186457],[73.76217749393071,20.12153856023927],[73.76225159263971,20.12114962290241],[73.76236114243699,20.12041180023424],[73.76249227340618,20.11997407243178],[73.76271933832633,20.11933572257725],[73.7628868332253,20.11884397208067],[73.76290225820146,20.1184575983261],[73.76264696045597,20.11744374276045],[73.76262893327794,20.11704912511101],[73.76265944192241,20.1166625966531],[73.76266613223517,20.11613266455586],[73.76267466568427,20.11569450184063],[73.76261355967608,20.11526696034416],[73.76257203946305,20.11468479309348],[73.76258855420778,20.11412252261474],[73.76264593037337,20.1135073928238],[73.7629270441483,20.11244167049198],[73.76403680585635,20.10837353475755],[73.76456312957238,20.10739976722782],[73.76510778535679,20.10659398405771],[73.76589365172144,20.10537802363302],[73.76689907471373,20.10453254889141],[73.76793187808438,20.10394304128954],[73.76871870651082,20.10286821052896],[73.7696186633734,20.10178518068254],[73.77047461130161,20.10072543046284],[73.77099339033268,20.09997499167558],[73.77135399696829,20.09930350827587],[73.77181493900467,20.09776365963453],[73.77218721705964,20.09686356331879],[73.772647174147,20.09603245438017],[73.77337133399121,20.09456338986161],[73.77386406103724,20.093556326027],[73.77424547081958,20.09274492251408],[73.77441384129179,20.09245959696038],[73.7747695893099,20.09193764536016],[73.77540690221666,20.0912662019738],[73.77565307374284,20.0907473346882],[73.77610240166237,20.08929094863174],[73.77646106616933,20.08809950333601],[73.77733200189255,20.08528767227408],[73.77756283001834,20.08469098201117],[73.77771296752562,20.08436684084208],[73.777863691858,20.08423581451115],[73.7788370362983,20.08276748402544],[73.77959139712524,20.08133463734629],[73.77974773365956,20.08034388015419],[73.78008541143109,20.0783612487806],[73.78031637277833,20.07724479772777],[73.78023931173371,20.07647798222008],[73.77980594419107,20.07577940496218],[73.77911758155318,20.07485247543697],[73.77879952121047,20.07434379237801],[73.77860083462336,20.0737090643193],[73.77860986548515,20.07294535889445],[73.77887486461977,20.07157589602895],[73.77924530628667,20.07023721965636],[73.77983922718646,20.06888678358996],[73.78044756128794,20.06716310537067],[73.78108015965995,20.06541054545653],[73.78164421920114,20.06414864952287],[73.78241548761832,20.06281464609694],[73.78388080136224,20.06032520298742],[73.784961724577,20.0584155621937],[73.78597612075781,20.05672405210822],[73.78725588099425,20.05455760075411],[73.78870641592476,20.05200409470613],[73.79014657927308,20.0494981742904],[73.79094173477613,20.04805851104078],[73.79192830764563,20.04644423681262]]}},{"type":"Feature","properties":{"name":"OUT ROUTE","stroke":"#0000ff","stroke-opacity":1,"stroke-width":5,"sourceFolder":"Routes / Movement / Dindori road","source":"Mobility plan Nashik KMZ (NTKMA)","layer":"Movement routes"},"geometry":{"type":"LineString","coordinates":[[73.77737586468399,20.04645510813701],[73.77762854011212,20.04620402110568],[73.77796080954484,20.04581778050515],[73.7782455480321,20.04548323084612],[73.77849842863382,20.0450751488826],[73.77869445757467,20.04461666615158],[73.77885087711654,20.04400119652966],[73.77908040394952,20.04365674851682],[73.77926132209745,20.04330489173059],[73.77954412252674,20.04285894345293],[73.77963934276622,20.04270111286248],[73.77942429891189,20.0426356929537],[73.77893952291505,20.0426642492277],[73.77811169570329,20.04273820172103],[73.77777987442727,20.04272995174822],[73.77728635417112,20.04272995656502],[73.77681835542857,20.04274234455258],[73.77615925010736,20.04282128425818],[73.77618105349241,20.04352232135882],[73.77312311874597,20.04360540509713],[73.77197851360961,20.04359772499475],[73.77191685558317,20.04333409397139],[73.77183356911111,20.04297005045019],[73.77179908360333,20.04287660954409],[73.77180820455928,20.04212736866998],[73.77177881682195,20.04145308621936],[73.77168352454099,20.04077856312172],[73.77147069973529,20.03920707850807],[73.77134493657049,20.03849021183069],[73.77118728107938,20.03772480572761],[73.77112030403086,20.03750273756086],[73.77091540620339,20.03695191184805],[73.77067366619947,20.0365605119872],[73.77047467805221,20.0362094859931],[73.77013167400015,20.03587958366712],[73.7700635907327,20.03571157458158],[73.77001282414564,20.03529592400225],[73.76997830585033,20.0348727262336],[73.76995315132872,20.03456613850442],[73.76988638440348,20.03415983206387],[73.76983767716382,20.03385090156633],[73.76974188246395,20.03362047552964],[73.76965980042598,20.03324330334216],[73.76966181689984,20.03305867057549],[73.76963191730768,20.0326803658172],[73.76960696938839,20.03214944603799],[73.7696226562355,20.0317480669568],[73.76963450747175,20.03128633553748],[73.76963939683428,20.03043787476649],[73.76963903404524,20.02948345772217],[73.76961276454853,20.02870710300574],[73.76963573556637,20.0280326465054],[73.76945668102452,20.02748689258525],[73.76931141145876,20.02695183325056],[73.76923217594937,20.02661798907805],[73.76918074550846,20.02614495887049],[73.76911292737809,20.02560682773891],[73.76902081774962,20.02510383015125],[73.76895048489145,20.02475160670959],[73.7689137568684,20.0242847072049],[73.76889662965311,20.02384072719862],[73.76878338169153,20.02341246959731],[73.7678483121215,20.02352119014125],[73.76702569127686,20.02354018550475],[73.76645826901503,20.02353240639347],[73.76429821461535,20.02362257578366],[73.76192017789523,20.02390068814917],[73.76027116046599,20.02395233583276],[73.75938307934105,20.02385820857039],[73.75864010642718,20.0236676593657],[73.7572707267049,20.02328765252292],[73.7566483755763,20.02311328530039],[73.75588733437415,20.02278409992148],[73.75553637863727,20.02263846093237],[73.75541534942623,20.02252311973281],[73.75530474591697,20.0224248945057],[73.75522446339139,20.02229906594587],[73.75476847100626,20.02226752852561],[73.75264623546194,20.02209972643043],[73.75199965386606,20.02202171402621],[73.75176963567826,20.02199402048579],[73.75143757877017,20.02194896112571]]}},{"type":"Feature","properties":{"name":"Dindori road - Bus movement ( Police Dept.)","stroke":"#ff0000","stroke-opacity":1,"stroke-width":5,"sourceFolder":"Routes / Movement / Dindori road","source":"Mobility plan Nashik KMZ (NTKMA)","layer":"Movement routes"},"geometry":{"type":"LineString","coordinates":[[73.80588564345993,20.0927202445653],[73.80535379304096,20.08988474881289],[73.80469928398307,20.08597296778688],[73.80433378238088,20.08372644012819],[73.80416406824928,20.0828346049649],[73.80401943422576,20.08172220652052],[73.80408198483043,20.08113124265304],[73.80418250777356,20.08045928419248],[73.80442805516361,20.07996191080862],[73.80478471485237,20.07937604816709],[73.80508305782939,20.0789751465577],[73.80528645666656,20.07810542393252],[73.80538132153377,20.07751746805351],[73.80534777376296,20.0763856988943],[73.80543122319155,20.07581879130371],[73.80556768420405,20.07487839293777],[73.80578051033994,20.07387121127403],[73.80596029368539,20.07323161766456],[73.80602329812156,20.07268350315269],[73.80599381777066,20.07213227042918],[73.80592725950073,20.07166996269886],[73.8058620912114,20.07110669519177],[73.80581762379704,20.07068693322529],[73.80582814739282,20.07039584894572],[73.80601486244674,20.06979516372984],[73.80618803391772,20.06926404586158],[73.8061861127382,20.06896467742732],[73.80612403148193,20.06859428317197],[73.80595128899989,20.06819787094893],[73.80583688284018,20.06792951699698],[73.8057682384789,20.06771779021571],[73.80572938256071,20.06750047044969],[73.80567924649381,20.0670035874599],[73.80565062396168,20.06648584888341],[73.80557863745541,20.06577591550381],[73.80553485452654,20.06514730733976],[73.8054934380817,20.06305055945635],[73.80559861117652,20.06198964743622],[73.80560655357239,20.06120872836154],[73.80567315130128,20.06031075472013],[73.80575335733214,20.05928904803619],[73.80574507958507,20.05821791964115],[73.80577591983176,20.05693205740371],[73.80570381977309,20.0559990074956],[73.80563027168628,20.05507824611197],[73.8055062345277,20.05446412028381],[73.80540488891116,20.0542286786586],[73.8053233578681,20.05401575083267],[73.80523789011713,20.05363775903726],[73.8051041558341,20.05337732230263],[73.8049731369133,20.05299921410836],[73.80491970994177,20.05278674926364],[73.80501107088948,20.05236489643865],[73.80531273336312,20.05165916350253],[73.80580386834683,20.05040039014184]]}},{"type":"Feature","properties":{"name":"pedestrian","stroke":"#38a800","stroke-opacity":1,"stroke-width":5,"sourceFolder":"Routes / Movement / Dindori road","source":"Mobility plan Nashik KMZ (NTKMA)","layer":"Movement routes"},"geometry":{"type":"LineString","coordinates":[[73.73648941838455,20.04063407240472],[73.73657647281114,20.03923137456785],[73.73668322448512,20.03839854216192],[73.7367317318269,20.03817923401436],[73.73682663258185,20.0380724940371],[73.73709235329439,20.03791314936343],[73.7373989862173,20.03769626147543],[73.73763479377773,20.03752868039912],[73.73784519701057,20.03741804292677],[73.73810159687677,20.03730737495959],[73.7383583106024,20.03710380861668],[73.73861947526922,20.03689203495146],[73.73881504354227,20.03672961063614],[73.73903950012792,20.03655787353256],[73.73911759361766,20.03649622559631],[73.73929960216064,20.03613857371056],[73.7396479654419,20.03507429089178],[73.73994532653728,20.03440815529084],[73.74032145362361,20.0336891669774],[73.74075761845343,20.03282531272329],[73.74129235932074,20.03182904313966],[73.74154074623311,20.0313161601807],[73.74204325568269,20.03029134430426],[73.74239022179059,20.02955564633931],[73.74250865933246,20.02929604228399],[73.74268120288808,20.02891138967574],[73.742836308589,20.02857146228071],[73.74296990340086,20.02815638387571],[73.74302791154673,20.02790758932547],[73.7430650790312,20.02765232760875],[73.7431660724081,20.02664007719591],[73.74328644916334,20.02510797173795],[73.7433596266427,20.02428794963553],[73.7434861561825,20.02341140269819],[73.74351803814906,20.02310597272709],[73.74361262655118,20.0224381959396],[73.74365170272742,20.02197442462962],[73.74366694819169,20.02176379133578],[73.74401646559109,20.02157582847484],[73.7443823171161,20.02135418422163],[73.74479856108465,20.02098252931129],[73.74540470313967,20.02033997956538],[73.74578682227516,20.01987948788743],[73.74596762829479,20.01952367006783],[73.74608388040622,20.01939291232446]]}},{"type":"Feature","properties":{"name":"anandwali ghat road","stroke":"#ff0000","stroke-opacity":1,"stroke-width":5,"sourceFolder":"Routes / Movement / Dindori road","source":"Mobility plan Nashik KMZ (NTKMA)","layer":"Movement routes"},"geometry":{"type":"LineString","coordinates":[[73.7364704386864,20.04041768234374],[73.7363812071307,20.04191497691356],[73.73634668205871,20.04385749939209],[73.72883024772257,20.04574162246699],[73.7290990945384,20.04818584529077],[73.72930529190148,20.04959688006605],[73.7295462416022,20.05064064161051],[73.72925683799974,20.05122986078953],[73.72862621853766,20.05149556837826],[73.72784860607679,20.0516943741311],[73.72702861947597,20.0520431158075],[73.72688739470998,20.05239542255186],[73.72867363841644,20.05297012081316],[73.73023787084203,20.05356759365066],[73.73213601006775,20.05441160493769],[73.73325292244729,20.05457931831655],[73.73514370927705,20.0542522002486],[73.7375801235972,20.05378545208973],[73.73846773005195,20.05375830140834],[73.74220660415077,20.0543316970135],[73.74446086927634,20.05427892174174],[73.74530923874313,20.05456441973542],[73.74668335170645,20.05519839631223],[73.74831282808803,20.0561297512893],[73.7499673725264,20.0561980275779],[73.75149643061181,20.05602516608365],[73.75242066221324,20.05583858808229],[73.75326264631094,20.05526376319113],[73.75466191023627,20.0544891932423],[73.75606016592167,20.05384998307242],[73.75765070952411,20.05331114283646],[73.75972588430845,20.0527488737934],[73.76214472264668,20.05199905733519],[73.76260829702113,20.05174952469716],[73.76367300869364,20.05126027283079],[73.76498314191565,20.05076713332841],[73.76586000114128,20.05044563656282],[73.76701046767377,20.0499726656216],[73.76785757550638,20.04953822944563],[73.7691109480826,20.04917947191969],[73.77002013089998,20.0486251605338],[73.77135800767871,20.04790235521297],[73.77195802271957,20.04768069140385],[73.77265531173138,20.04787199543531],[73.77334980535146,20.04784775587419],[73.77411478168526,20.04769736264246],[73.7751923591602,20.04729571455772],[73.77629127386531,20.04688263816075],[73.77719167350445,20.04651680611251],[73.77752021243874,20.0464140785728],[73.77808584873105,20.04624013897964],[73.77808518468512,20.04623401074999],[73.77908644474631,20.04591436469106],[73.78129897270098,20.04598047502474],[73.78396451188826,20.04606384936279],[73.78715001107906,20.04620321793052],[73.78891064977391,20.0462725933594],[73.79051920536438,20.04634149095759],[73.79051572130003,20.04632787770837],[73.79182525620548,20.04641854261799],[73.79379956710733,20.04698501647989],[73.79676310994923,20.04783929610106],[73.79952467626885,20.04867667980004],[73.80183649520845,20.04920574528131],[73.80323942873488,20.04963748605887],[73.80471806073704,20.05006159355462],[73.80580355635634,20.05040277243816]]}},{"type":"Feature","properties":{"name":"Entry route","stroke":"#38a800","stroke-opacity":1,"stroke-width":5,"fill":"#ff5454","fill-opacity":0.698,"sourceFolder":"Routes / Movement / Dhule road","source":"Mobility plan Nashik KMZ (NTKMA)","layer":"Movement routes"},"geometry":{"type":"LineString","coordinates":[[73.82646332755616,19.98871605875712],[73.82718689983601,19.98862914988934],[73.82772779496683,19.98853100987733],[73.82846712995763,19.98835618887419],[73.82931820104703,19.98813283653813],[73.82968939008352,19.98802327471589],[73.82990406852791,19.98905664263685],[73.83001333244655,19.98958060060723],[73.83008767024529,19.99019285681599],[73.83081836002533,19.99564614723612],[73.83088426767388,19.99621847189696],[73.83087985318181,19.99668857790337],[73.83087176706252,19.99743804978788],[73.83090587359689,19.99797532889485],[73.83093413653495,19.99834231746109],[73.83095386432161,19.99852296493933],[73.83105000279116,19.99930505204979],[73.83117989041193,20.00037041572304],[73.83139005336726,20.00214143134977],[73.8314336015061,20.00258958600324],[73.83149798782941,20.00397851180944],[73.83160333536561,20.00564276098597],[73.83178980510037,20.00814624020233],[73.83193237890072,20.00982294777122],[73.83198942773379,20.01242361363573]]}},{"type":"Feature","properties":{"name":"Yuva festival ground - ghat route","stroke":"#5500ff","stroke-opacity":1,"stroke-width":5,"sourceFolder":"Routes / Movement / Dhule road","source":"Mobility plan Nashik KMZ (NTKMA)","layer":"Movement routes"},"geometry":{"type":"LineString","coordinates":[[73.82279986948875,19.98992393867556],[73.82319875320543,19.9910190630222],[73.82394420306339,19.99513639439353],[73.82593966922686,19.99491469635534],[73.82783264089487,19.99472747578249],[73.82976402356648,19.99493494160451],[73.83065690284718,19.99499626555934],[73.8308251834723,19.99648057482252],[73.83078202801244,19.99735496886902],[73.83090876524697,19.99884466649051],[73.83111966688593,20.0005863979458],[73.83130295767587,20.00226405454917],[73.83192196444995,20.01246599366882]]}},{"type":"Feature","properties":{"name":"Adgaon Bus Terminal - Yuva Festival ground route (option1)","stroke":"#5500ff","stroke-opacity":1,"stroke-width":5,"sourceFolder":"Routes / Movement / Dhule road","source":"Mobility plan Nashik KMZ (NTKMA)","layer":"Movement routes"},"geometry":{"type":"LineString","coordinates":[[73.88964009265669,20.0611370852415],[73.88769084610767,20.05892475142278],[73.88570118308826,20.05697335873131],[73.88244260666275,20.05349321457145],[73.8806445166236,20.051384214207],[73.8792211519434,20.0499854330192],[73.87790794611323,20.04859031892957],[73.87686622311676,20.0473889956166],[73.87068037755256,20.04075070911721],[73.86951438597971,20.03972823868648],[73.86800771935111,20.03871626388419],[73.86772211596391,20.03849960930129],[73.86637260435546,20.0376917972286],[73.86571111748042,20.03725006456752],[73.8649576598172,20.03676443110107],[73.86351108221054,20.03582792105876],[73.86112388247288,20.03416443690507],[73.85942590035096,20.03291629181299],[73.85777688225107,20.03174773108222],[73.85600273809816,20.03052270705886],[73.85563429319033,20.0303594269023],[73.85405501302851,20.02971538149331],[73.85104723722715,20.0286445483842],[73.85035786662169,20.0284367415323],[73.84916406068042,20.02799120667763],[73.84673403778376,20.02725243840819],[73.84529614077724,20.0268340143997],[73.8439737103391,20.02642508389405],[73.84263056370605,20.02591788740972],[73.84185716851934,20.02556758284684],[73.84099965838891,20.0251208575105],[73.83984420754737,20.02441441547546],[73.838713375412,20.02374187494431],[73.83747065865253,20.02303038667757],[73.83693216901644,20.02274433935424],[73.83502803242844,20.02158643923738],[73.83371620426186,20.02078977954996],[73.83229910090955,20.0199135347875],[73.83158585735691,20.01949882715219],[73.8318478786201,20.01853590617032],[73.83188703253136,20.0181965639898],[73.8319318484138,20.01774552328994],[73.83191187243443,20.01695927409363],[73.83195145449618,20.01622158999591],[73.83198840348625,20.01546933524064],[73.8320208488335,20.01467990358456]]}},{"type":"Feature","properties":{"name":"Adgaon Bus Terminal - Yuva Festival ground route (option1)","stroke":"#ff0000","stroke-opacity":1,"stroke-width":5,"sourceFolder":"Routes / Movement / Dhule road","source":"Mobility plan Nashik KMZ (NTKMA)","layer":"Movement routes"},"geometry":{"type":"LineString","coordinates":[[73.8899318778997,20.0610319192363],[73.88807654977799,20.05902296782289],[73.88720613242972,20.05814745176866],[73.88643668244912,20.05745553153983],[73.8854068514671,20.05638885430655],[73.8843947686662,20.05531879435837],[73.88304151908099,20.05388667057218],[73.88238481415023,20.05316692061188],[73.8814573369073,20.05198049737294],[73.88060025237655,20.05101581392969],[73.8792491602247,20.04975225125775],[73.8779472399033,20.04834784036917],[73.87702219455768,20.0473095037594],[73.87674261936456,20.04701556375485],[73.87517762743519,20.0453283396199],[73.87320147177081,20.04318966951121],[73.87129375984532,20.04107338259865],[73.87069430181818,20.04040794890705],[73.86987522865337,20.03971879646674],[73.86775976267748,20.03838663193381],[73.86660089133929,20.03760995302725],[73.86623104637009,20.03738153357502],[73.86499778711968,20.03660017490802],[73.86356420859349,20.03559008504997],[73.86139969411194,20.03409041319444],[73.85923862066852,20.03249477026784],[73.85572459950698,20.03019733542002],[73.8541613131486,20.0295684650251],[73.85125107724829,20.02853158329291],[73.85043137054085,20.02824487071648],[73.84919694293039,20.0278474408213],[73.84672945455051,20.02706324335758],[73.84535258009456,20.02672566873904],[73.84409282745258,20.02623855767031],[73.84275931629115,20.02577163719683],[73.84213803504747,20.02548888846368],[73.84214269249162,20.0250631148769],[73.84216780292115,20.02415350538907],[73.84218271267197,20.02360565262333],[73.84242417278885,20.02215513683032],[73.84262653458214,20.02112140880645],[73.84273651746093,20.02070239814907],[73.84289954473948,20.01958280663575],[73.84302830535702,20.01880743536223],[73.84311801011833,20.017210731846],[73.84325098952567,20.01598910159569],[73.84337177879493,20.01537571588618],[73.84360673316198,20.01451094510747],[73.84387884432289,20.01340374763038],[73.84248924453978,20.0134783786494],[73.8396219559991,20.01386660837024],[73.83694658832711,20.01426922448817],[73.8368012368603,20.01421241468896]]}},{"type":"Feature","properties":{"name":"Inner to ghat (Sambhajinagar road)","stroke":"#5500ff","stroke-opacity":1,"stroke-width":5,"sourceFolder":"Routes / Movement / Ch. Sambhajinagar road","source":"Mobility plan Nashik KMZ (NTKMA)","layer":"Movement routes"},"geometry":{"type":"LineString","coordinates":[[73.86459672731854,19.99971220736503],[73.86453314917915,19.99985002872524],[73.8636414346213,19.99977931455195],[73.86226112412086,19.99967774200979],[73.86096096957463,19.99958877789887],[73.85967461125037,19.99947741340763],[73.8577871423901,19.99912056869793],[73.85685500230724,19.99899075445981],[73.85519628400287,19.99866716742831],[73.85336289464567,19.99845517389143],[73.85163401161103,19.99834226979426],[73.85067307137192,19.9981774886994],[73.84957314298715,19.997878566755],[73.84853094764573,19.9977167724232],[73.84712756748291,19.99750702991252],[73.84544515515745,19.99725657771354],[73.8441911157124,19.99700838711997],[73.84394939987884,19.99682483130722],[73.84393582459003,19.99651755379465],[73.84390967874222,19.99607135239734],[73.84387265081394,19.99549196103971],[73.84383609959643,19.99468082548894],[73.84390917597139,19.99366592165747],[73.84408456921113,19.9928829809674],[73.8444535275403,19.99227690204667],[73.84478208943351,19.99182930409315],[73.84501205398507,19.99158334518742],[73.84550311630528,19.99122437431702],[73.84577541752424,19.99090488399873],[73.84587983129487,19.99048393279134],[73.84643346986854,19.99011027775142],[73.84639716106746,19.98992360208122]]}},{"type":"Feature","properties":{"name":"Pedestrian movement - Police Dept.","stroke":"#38a800","stroke-opacity":1,"stroke-width":5,"fill":"#ff5454","fill-opacity":0.698,"sourceFolder":"Routes / Movement / Ch. Sambhajinagar road","source":"Mobility plan Nashik KMZ (NTKMA)","layer":"Movement routes"},"geometry":{"type":"LineString","coordinates":[[73.86444792003263,19.99978494743336],[73.86286264731244,19.99965174119714],[73.86167050412107,19.99957345614789],[73.86082684034099,19.99950074269145],[73.85964551835772,19.99940296615743],[73.85810195948011,19.99910920688792],[73.85705118870827,19.99895752209846],[73.85570494256999,19.99871448485397],[73.85518332173142,19.99859671365144],[73.85395430086055,19.99842553835511],[73.85334718656927,19.99837435083699],[73.852526257461,19.99832375930535],[73.85129871433396,19.99822142979721],[73.85063624451978,19.9981076623605],[73.8501375889706,19.99795155307093],[73.84974500265461,19.99771820460297],[73.84818897632489,19.99760607925472],[73.84672881177308,19.99730180730198],[73.84457354313918,19.99692854836704],[73.84338603882541,19.99662529183204],[73.8423020835659,19.99662502116078],[73.84107160145936,19.99688382459393],[73.84003177398225,19.99727258642104],[73.84028935868444,19.99568733899384],[73.8404387387312,19.99316888563789],[73.840984575344,19.98979451382436],[73.84211166913498,19.98674438053463]]}},{"type":"Feature","properties":{"name":"Pedestrian movement - Police Dept.","stroke":"#38a800","stroke-opacity":1,"stroke-width":5,"fill":"#ff5454","fill-opacity":0.698,"sourceFolder":"Routes / Movement / Ch. Sambhajinagar road","source":"Mobility plan Nashik KMZ (NTKMA)","layer":"Movement routes"},"geometry":{"type":"LineString","coordinates":[[73.86444792003263,19.99978494743336],[73.86286264731244,19.99965174119714],[73.86167050412107,19.99957345614789],[73.86082684034099,19.99950074269145],[73.85964551835772,19.99940296615743],[73.85810195948011,19.99910920688792],[73.85705118870827,19.99895752209846],[73.85570494256999,19.99871448485397],[73.85518332173142,19.99859671365144],[73.85395430086055,19.99842553835511],[73.85334718656927,19.99837435083699],[73.852526257461,19.99832375930535],[73.85129871433396,19.99822142979721],[73.85063624451978,19.9981076623605],[73.8501375889706,19.99795155307093],[73.84974500265461,19.99771820460297],[73.84971441502422,19.99739223352829],[73.84971698532762,19.99697636661611],[73.84971404512588,19.99671222672385],[73.84967537899458,19.99631076874541],[73.84961871039906,19.9959174481705],[73.84962225745909,19.99578945651393],[73.8496763187625,19.99518990214739],[73.84970638469403,19.99482767012191],[73.849663435506,19.99449238743518],[73.84962221810595,19.99412996572225],[73.84952481371185,19.99384021918581],[73.84934232813679,19.99359832495223],[73.84920921331103,19.9932681919881],[73.84920413467924,19.99281293054279],[73.8491930827272,19.99250770594221],[73.84924188707166,19.99204970389665],[73.84885148680698,19.99184626473513],[73.84861482942709,19.99171781844413],[73.84861943177225,19.99143671276341],[73.84841694024675,19.99139932591601],[73.84836384585397,19.9912550128386],[73.84838130067975,19.99096624721057],[73.84827019121208,19.99090231561504],[73.84815691551802,19.99069626330356],[73.84771313926154,19.9904246369425],[73.84732950606059,19.99024175621228],[73.84701881179072,19.99013744786082],[73.84702835203059,19.99001189790953]]}},{"type":"Feature","properties":{"name":"Revised pedestrian route","stroke":"#5500ff","stroke-opacity":1,"stroke-width":5,"sourceFolder":"Routes / Movement / Ch. Sambhajinagar road","source":"Mobility plan Nashik KMZ (NTKMA)","layer":"Movement routes"},"geometry":{"type":"LineString","coordinates":[[73.91897636715429,19.99847669992485],[73.9179664619764,19.99792881849692],[73.91723714032831,19.99758176915603],[73.91685200196177,19.99747765862698],[73.91631947938218,19.99738110001313],[73.91525893671283,19.99738375547336],[73.9141424670841,19.99750706515804],[73.91327434600069,19.99767951971022],[73.9123627053392,19.99800881914802],[73.9116908330733,19.99823624210478],[73.91101669507903,19.99830942956139],[73.9104708035265,19.99814474986026],[73.91045071629935,19.99814997299595],[73.90958484381578,19.99778837259441],[73.90834276271599,19.99736747144827],[73.90808423663141,19.99726818247689],[73.90760419043065,19.99714170438166],[73.90610633300548,19.99716342424032],[73.90537675392291,19.99713156515035],[73.90464592829429,19.99704388046267],[73.90403589473283,19.99696353286199],[73.90212848549562,19.99673646914858],[73.90070079277703,19.99660921339539],[73.89980153485499,19.99653812985391],[73.89901154875139,19.99645894252053],[73.89859960449579,19.99643124647646],[73.89810296992995,19.99652798647736],[73.89699090691263,19.99677861649909],[73.89588039486355,19.99705082562913],[73.89550810555976,19.99718672672111],[73.89470091970733,19.99773532545641],[73.8943308269914,19.99805251083187],[73.89387770049606,19.99832214888191],[73.89335294286063,19.99862235710303],[73.891435491075,19.99932162410158],[73.89062629312174,19.99965541533006],[73.88940347113517,20.00005373437337],[73.88748326355527,20.00049950795286],[73.8851278716662,20.00111924076763],[73.88513472846142,20.00112600037099],[73.88345858202722,20.00155003307507],[73.88180155429124,20.00187104678621],[73.88137318411677,20.00188488288224],[73.8809991746354,20.00188486306791],[73.88058308523243,20.00182953158039],[73.88000695070946,20.00186172448421],[73.87916336067654,20.00185706982088],[73.87840151159023,20.00178358019686],[73.8765776722279,20.00155736330435],[73.87614425478891,20.00147850894892],[73.8756764282757,20.00129151108078],[73.87531085588569,20.0011663143125],[73.87504271314566,20.00107371964388],[73.87457073807008,20.0010125931707],[73.87399367555571,20.00087041210972],[73.87346399837323,20.00082359194199],[73.87295411812403,20.00071924663887],[73.87179328189151,20.00072596582523],[73.87089648175711,20.00077293657144],[73.87021796515931,20.00090140802234],[73.8696017803759,20.00090142337174],[73.86881637064943,20.00074613528722],[73.86773288435249,20.00049823474985],[73.86597150738379,20.00010348635652],[73.86585041995644,20.00037440730995]]}},{"type":"Feature","properties":{"name":"Ch. Sambhajinagar road","stroke":"#ff0000","stroke-opacity":1,"stroke-width":0,"fill":"#f0ffff","fill-opacity":1,"sourceFolder":"Routes / Movement / Ch. Sambhajinagar road","source":"Mobility plan Nashik KMZ (NTKMA)","layer":"Movement routes"},"geometry":{"type":"LineString","coordinates":[[73.91903923614046,19.99839204419902],[73.91781738108622,19.99766014948336],[73.91727198563935,19.99740895615096],[73.91635514193561,19.99723859547261],[73.91540526043313,19.9972887248651],[73.91439768056355,19.9973475517493],[73.9136923937798,19.99743255829442],[73.9125589836878,19.99774481564023],[73.91200424691768,19.99797709972174],[73.91139647519708,19.99814388994812],[73.91088680862103,19.9981742366099],[73.9103299727534,19.99802683386852],[73.9096427319476,19.99776060513383],[73.90881605788142,19.99743319542794],[73.90819130875614,19.99719876215038],[73.90762770146367,19.99706472806985],[73.90727199967033,19.99706828150546],[73.90633312308636,19.99706193782195],[73.90562627478126,19.99705007387672],[73.90483186915709,19.99698487742531],[73.9038789701107,19.99687893913919],[73.90272949649247,19.99673299916051],[73.90185167187582,19.99664209566747],[73.90101228462055,19.99656879625098],[73.89985868936407,19.99646412227484],[73.89901778911569,19.9964022495005],[73.89862035324043,19.99637626627699],[73.89805676736025,19.99646457259897],[73.89703275949213,19.99670011622315],[73.89634147197894,19.99686129899418],[73.89577446003314,19.99702232380177],[73.8954074810994,19.99714561339642],[73.89491451785972,19.9974903486703],[73.8945341306871,19.99779191253049],[73.89397054406659,19.99821079141066],[73.89364991832578,19.99837302326358],[73.8932472648208,19.99857234644364],[73.89283347509337,19.99874777921851],[73.89237958266986,19.99890882681589],[73.89184705194937,19.99910477123183],[73.8911457569318,19.9993588200191],[73.89036286106717,19.99965115666053],[73.88934879717087,20.0000197786048],[73.88714759110812,20.00050530689649],[73.88509980256607,20.00102380510638],[73.88254337946108,20.00162424670464],[73.88163650769229,20.00173326592845],[73.87972069563817,20.0017971938695],[73.87910697126276,20.00178863163091],[73.87792016390802,20.00166931551313],[73.8764319634883,20.00148303674814],[73.87598804880665,20.0013554222255],[73.87509031831755,20.00105658638168],[73.8742337736917,20.00087694711987],[73.87325883496527,20.00071297517622],[73.87263189678175,20.00063964914087],[73.87221689959156,20.00059836968633],[73.87172027995183,20.00059857287003],[73.87123195559845,20.00066833079127],[73.87011166718014,20.00079611386419],[73.8700896093075,20.00079612334939],[73.86966540568655,20.00081172307351],[73.86881035791487,20.00066041908487],[73.86554392640552,19.99993959246551],[73.86519405038581,19.99989288621847],[73.86520232809204,19.99977266298605]]}},{"type":"Feature","properties":{"name":"Proposed Dasak ghat to Upnagar parking","stroke":"#5500ff","stroke-opacity":1,"stroke-width":5,"fill":"#ff5454","fill-opacity":0.698,"sourceFolder":"Routes / Movement / Pune road","source":"Mobility plan Nashik KMZ (NTKMA)","layer":"Movement routes"},"geometry":{"type":"LineString","coordinates":[[73.84271145907917,19.98390060432529],[73.84288460050645,19.98399193074859],[73.84297680676505,19.98404860244628],[73.8430238083416,19.98410372859875],[73.84306012953257,19.98424949359589],[73.84306933385778,19.98439040022819],[73.8430703425374,19.98452318783392],[73.8430749695383,19.98459495376216],[73.84311449543958,19.98468364786872],[73.84316141705642,19.98479293203632],[73.84321926423542,19.98489381296508],[73.84324789772731,19.98498565414327],[73.84325356386013,19.98505643490211],[73.84322504571044,19.9851080526838],[73.84313955641177,19.9851718992521],[73.84304392352041,19.98527225779883],[73.84295324318477,19.98534435864167],[73.84280137330353,19.98538995405757],[73.8426854629955,19.9854762198412],[73.84266369573118,19.98568890810085]]}},{"type":"Feature","properties":{"name":"Proposed Dasak ghat to Upnagar parking","stroke":"#5500ff","stroke-opacity":1,"stroke-width":5,"fill":"#ff5454","fill-opacity":0.698,"sourceFolder":"Routes / Movement / Pune road","source":"Mobility plan Nashik KMZ (NTKMA)","layer":"Movement routes"},"geometry":{"type":"LineString","coordinates":[[73.84239154596906,19.98529195440256],[73.84266144352232,19.98411699025202],[73.84271728446546,19.98388083172151],[73.84280104598736,19.98353971337291],[73.84291272841656,19.98301491394862],[73.84292823986858,19.98287205140971],[73.841168248831,19.98273337594205],[73.83997691100294,19.98272244493111],[73.83889019899833,19.98275674434109],[73.8370742721495,19.98277739512312],[73.8344109155863,19.9827772999219],[73.83348643515832,19.98279794098308],[73.83321938680591,19.97930855131006],[73.83309307195526,19.97790584932027],[73.83289057590012,19.97700214141895],[73.83093618649325,19.97788412504299],[73.82943206715663,19.97870805458489],[73.82845547820122,19.97942870698005],[73.82837622081463,19.97914663143619],[73.82816590984989,19.97715368053363],[73.8280156363309,19.97573134133246],[73.82791047607327,19.97432429177799],[73.82780853652359,19.97386661087074],[73.82750367703139,19.97379328382586],[73.82611806951422,19.97330692261176],[73.82310882580333,19.97282565798185],[73.82314680852112,19.97240750467854],[73.82312364804504,19.9719770584813],[73.82297233144361,19.97173830691113],[73.82248120069792,19.97086813227573],[73.8221629517858,19.97052000993047],[73.82164619926598,19.97015883357766],[73.8210444505507,19.96987821969378],[73.8199821119888,19.96946479812365],[73.81948187140956,19.96933120197216],[73.8189776521726,19.96909435084557],[73.8187729855598,19.96899347708073],[73.82105650906705,19.96706161388948],[73.82161624273829,19.96658997591521],[73.82220485642361,19.96701735975154],[73.82299732415895,19.96709005599029],[73.82383707263396,19.96713039611173],[73.82472286143253,19.96720029726446],[73.82473088675457,19.96769980424002]]}},{"type":"Feature","properties":{"name":"Emergency route","stroke":"#38a800","stroke-opacity":1,"stroke-width":5,"sourceFolder":"Routes / Movement / Pune road","source":"Mobility plan Nashik KMZ (NTKMA)","layer":"Movement routes"},"geometry":{"type":"LineString","coordinates":[[73.84229148644087,19.97864318267996],[73.8417227735797,19.97840524150446],[73.84116781538742,19.97786010130653],[73.84083318027326,19.97740103142864],[73.83978263288955,19.97745211494106],[73.83748137239074,19.97677737163915],[73.8359116505746,19.97608055975376],[73.83541055555709,19.976260748247],[73.83325799435546,19.9769361226329],[73.83282088921386,19.97712744121455],[73.8319212898659,19.97757200942304],[73.83100709716079,19.97798405751929],[73.82998606390757,19.9785696262716],[73.82916275920863,19.97905588258039],[73.82844391877845,19.97953184869503],[73.82828453088786,19.97994519869556],[73.82549259043547,19.98105183235077],[73.82462361100264,19.98151535300299],[73.82307632689142,19.98240215112968],[73.8222053674718,19.98291311343568],[73.82124832742277,19.983651620182],[73.81996638290885,19.98462912124388],[73.81943621816244,19.98528844541037],[73.81932365568346,19.98541318147754]]}},{"type":"Feature","properties":{"name":"Emergency route","stroke":"#38a800","stroke-opacity":1,"stroke-width":5,"sourceFolder":"Routes / Movement / Pune road","source":"Mobility plan Nashik KMZ (NTKMA)","layer":"Movement routes"},"geometry":{"type":"LineString","coordinates":[[73.84100436476021,19.97444054288617],[73.8404043828595,19.97459146014644],[73.83919069499682,19.97496315981707],[73.83704327917766,19.97564924345306],[73.8359116505746,19.97608055975376],[73.83541055555709,19.976260748247],[73.83325799435546,19.9769361226329],[73.83282088921386,19.97712744121455],[73.8319212898659,19.97757200942304],[73.83100709716079,19.97798405751929],[73.82998606390757,19.9785696262716],[73.82916275920863,19.97905588258039],[73.82844391877845,19.97953184869503],[73.82828453088786,19.97994519869556],[73.82549259043547,19.98105183235077],[73.82462361100264,19.98151535300299],[73.82307632689142,19.98240215112968],[73.8222053674718,19.98291311343568],[73.82124832742277,19.983651620182],[73.81996638290885,19.98462912124388],[73.81943621816244,19.98528844541037],[73.81932365568346,19.98541318147754]]}},{"type":"Feature","properties":{"name":"Dasak ghat to upnagar parking","stroke":"#5500ff","stroke-opacity":1,"stroke-width":5,"fill":"#ff5454","fill-opacity":0.698,"sourceFolder":"Routes / Movement / Pune road","source":"Mobility plan Nashik KMZ (NTKMA)","layer":"Movement routes"},"geometry":{"type":"LineString","coordinates":[[73.850569610786,19.98871758182437],[73.85047620147564,19.98858867160754],[73.85030987662333,19.98850113660514],[73.85006310494184,19.98832456113279],[73.85005303077843,19.98811278074263],[73.85003033730976,19.98782076374846],[73.85002235401421,19.98771293955585],[73.84969143863927,19.98741230908435],[73.84943155052898,19.98720230022285],[73.84911647699418,19.98686367118209],[73.84861973994995,19.98612400215997],[73.8479207985704,19.98511389884762],[73.84729364610484,19.98474105786987],[73.84592127788626,19.98412598797422],[73.84558743325692,19.98388672175096],[73.84488759205469,19.98330641551904],[73.84410179622245,19.9809527925295],[73.84277402274407,19.97892472658016],[73.84173812358291,19.97613319348707],[73.84147359921651,19.97493391927385],[73.84067475981205,19.97121971816483],[73.84035638858381,19.97015247021821],[73.84022772821355,19.96944614223071],[73.83986795487799,19.96712176288481],[73.83926234981315,19.96706115501802],[73.8387500363865,19.96706056214591],[73.83797497024763,19.9670105374208],[73.83729752936627,19.96698151543136],[73.83670092046322,19.96698560800618],[73.83556761785178,19.96695326554842],[73.8347872326142,19.96690428920282],[73.83403947610888,19.96683857054055],[73.83224640345833,19.96680841343868],[73.8314034967131,19.96680839297376],[73.83132240389327,19.96690873753248],[73.83120050554993,19.96696504360375],[73.83108015076772,19.96700673971763],[73.83105013332258,19.96728081194266],[73.83103594323114,19.96755300514986],[73.83097523897192,19.96845014399025],[73.83085219812888,19.96860904421847]]}},{"type":"Feature","properties":{"name":"Untitled Path","stroke":"#5500ff","stroke-opacity":1,"stroke-width":5,"fill":"#ff5454","fill-opacity":0.698,"sourceFolder":"Routes / Movement / Pune road","source":"Mobility plan Nashik KMZ (NTKMA)","layer":"Movement routes"},"geometry":{"type":"LineString","coordinates":[[73.8485244201393,19.98830846141518],[73.84855278411358,19.98811612264926],[73.84883489923205,19.98814458481002],[73.84913570674631,19.98819871868227],[73.8492019484943,19.98759450142707],[73.8493817037013,19.98755715829797],[73.84947694613177,19.98755143570846],[73.8496699248597,19.98740742794275]]}},{"type":"Feature","properties":{"name":"Untitled Path","stroke":"#5500ff","stroke-opacity":1,"stroke-width":5,"fill":"#ff5454","fill-opacity":0.698,"sourceFolder":"Routes / Movement / Pune road","source":"Mobility plan Nashik KMZ (NTKMA)","layer":"Movement routes"},"geometry":{"type":"LineString","coordinates":[[73.84719539562262,19.98826863931472],[73.84670548077946,19.98827981726988],[73.84620321704413,19.98757687635345],[73.84620096889641,19.98733408972371],[73.84622713934598,19.98653965726524],[73.84628594122728,19.98596806814413],[73.8463184683052,19.98568393012098],[73.84516140653132,19.98545851870569],[73.84499206333284,19.98443482460254],[73.84497173573477,19.98385074758484],[73.84487671062213,19.9833143713339]]}},{"type":"Feature","properties":{"name":"Untitled Path","stroke":"#55aa00","stroke-opacity":1,"stroke-width":5,"sourceFolder":"Routes / Movement / Pune road","source":"Mobility plan Nashik KMZ (NTKMA)","layer":"Movement routes"},"geometry":{"type":"LineString","coordinates":[[73.84494798441482,19.98603789637739],[73.84485675988424,19.98609818366899],[73.84468000135742,19.98630185371845],[73.84455115898419,19.98632787521002],[73.8445067556445,19.98631298983101],[73.84436548131649,19.98641807151092],[73.84426560476666,19.98657575534373],[73.84408624552448,19.98673011906995],[73.84380796420291,19.98685208226754],[73.84363082606092,19.98691864106135],[73.84327289022171,19.98706580378838]]}},{"type":"Feature","properties":{"name":"Untitled Path","stroke":"#55aa00","stroke-opacity":1,"stroke-width":5,"sourceFolder":"Routes / Movement / Pune road","source":"Mobility plan Nashik KMZ (NTKMA)","layer":"Movement routes"},"geometry":{"type":"LineString","coordinates":[[73.84519193582102,19.98763810237731],[73.84487640726408,19.98766252267235],[73.84462769659123,19.98772182725978],[73.84434186446299,19.98786136696272],[73.84433072724914,19.98822765999711],[73.84430474096517,19.98864628060689],[73.84427504310277,19.98882419468402]]}},{"type":"Feature","properties":{"name":"Untitled Path","stroke":"#55aa00","stroke-opacity":1,"stroke-width":5,"sourceFolder":"Routes / Movement / Pune road","source":"Mobility plan Nashik KMZ (NTKMA)","layer":"Movement routes"},"geometry":{"type":"LineString","coordinates":[[73.84519193582102,19.98763810237731],[73.84487640726408,19.98766252267235],[73.84462769659123,19.98772182725978],[73.84434186446299,19.98786136696272],[73.84412002355994,19.98795526615638],[73.84405397248747,19.98799182543151],[73.84375676237401,19.98814236182349],[73.84371879290205,19.98816159904061]]}},{"type":"Feature","properties":{"name":"Upnagar parking tp Dasak ghat","stroke":"#38a800","stroke-opacity":1,"stroke-width":5,"sourceFolder":"Routes / Movement / Pune road","source":"Mobility plan Nashik KMZ (NTKMA)","layer":"Movement routes"},"geometry":{"type":"LineString","coordinates":[[73.83078857799265,19.96928336599524],[73.83078136147942,19.96977625955343],[73.831328805692,19.96978308834742],[73.8322576358541,19.96980360820337],[73.83298647720937,19.96980360102565],[73.83371221957698,19.96985164153996],[73.83421344732662,19.96983788898467],[73.83475678983875,19.96978989528354],[73.8355869924545,19.96971488309434],[73.83596118144081,19.96972167885097],[73.8364689092821,19.96976255143194],[73.8373815084246,19.96984405425534],[73.83785722092533,19.96986714223211],[73.8383774239592,19.96990421631726],[73.83875978990366,19.96996481778757],[73.8391222720041,19.97008739003874],[73.8397274471887,19.97024566882175],[73.83992936391509,19.97033330286895],[73.84010041382834,19.9704696030828],[73.84038220703445,19.97149966045318],[73.84046287016893,19.97194573402502],[73.84059365453265,19.97255259263077],[73.84073238082378,19.97322035333083],[73.84084453529628,19.97369637836681],[73.84098906577707,19.97435156249498],[73.84117749732084,19.97515940519465],[73.84131373325899,19.97569335341047],[73.84142159851821,19.9760997137923],[73.8417396693109,19.97697357584273],[73.84186010338273,19.977287088706],[73.84237546048732,19.97868507105418],[73.8425579250726,19.97908300430232],[73.84280818837121,19.97948320144675],[73.84390001679184,19.98111583882548],[73.84437341277687,19.98239537313154],[73.84463432824387,19.98322745447792],[73.8448829252417,19.98527892251462],[73.84511835634027,19.9866527664368],[73.84531416395187,19.98765936135151],[73.84556114235907,19.98898398506824]]}},{"type":"Feature","properties":{"name":"Untitled Path","stroke":"#38a800","stroke-opacity":1,"stroke-width":5,"sourceFolder":"Routes / Movement / Pune road","source":"Mobility plan Nashik KMZ (NTKMA)","layer":"Movement routes"},"geometry":{"type":"LineString","coordinates":[[73.82525022142954,19.96951629352325],[73.82531517876414,19.96970940273501],[73.82532766064257,19.96988325524257],[73.82589871107265,19.96997055087925],[73.82617167000606,19.96999512649194],[73.82780913963664,19.969886850205],[73.82850641756295,19.96978718412757],[73.82906359921063,19.96970521210547],[73.82949446038181,19.96967270060676],[73.83035738489954,19.96976253739223],[73.83078476510467,19.96977532544648]]}},{"type":"Feature","properties":{"name":"APMC to Upnagar parking","stroke":"#ff0000","stroke-opacity":1,"stroke-width":5,"fill":"#ff5454","fill-opacity":0.698,"sourceFolder":"Routes / Movement / Pune road","source":"Mobility plan Nashik KMZ (NTKMA)","layer":"Movement routes"},"geometry":{"type":"LineString","coordinates":[[73.92260973549566,19.89830124734198],[73.92114698797867,19.89923670973576],[73.92055676027496,19.89963397990272],[73.91990039178852,19.90010203628237],[73.91928883961933,19.90050332860788],[73.91766744059545,19.90160013890333],[73.91669209013895,19.90229551162846],[73.91511636362004,19.90337004156779],[73.91447764591648,19.90381233710653],[73.91358361823806,19.9044055504926],[73.91241351384541,19.90520642388015],[73.9100526021558,19.90685868822957],[73.90923440099719,19.90742095395303],[73.90792947853129,19.90836654386581],[73.90723119267876,19.90885647822617],[73.90635324400135,19.90943972409929],[73.90523452603003,19.91022075561241],[73.90435762566183,19.91083945885211],[73.90329860184217,19.91156670782043],[73.90224489758064,19.91228229114327],[73.90081634589949,19.91325469388056],[73.89999358499001,19.91383822912339],[73.89939731364873,19.91427297943876],[73.8986643594127,19.91480362791718],[73.89830950653493,19.91504919121952],[73.89801403509384,19.91523680283316],[73.89741370553419,19.91554252129385],[73.89700966809487,19.91570080670102],[73.89661919512976,19.915828099616],[73.89603907671787,19.91599939427997],[73.89551422143555,19.91617610527052],[73.89414449621485,19.91660380121458],[73.89365266528957,19.91675792689137],[73.89307231162446,19.91691360010482],[73.89226467152383,19.91715408862657],[73.89158913229147,19.9173695797809],[73.89117841531872,19.91749445307367],[73.8907485317047,19.91767279612296],[73.89030246349338,19.91785364318506],[73.88983497587753,19.91804580410824],[73.8894283333497,19.91821326650034],[73.88868989198947,19.91849311902309],[73.88840803497041,19.91860849524414],[73.88799630307885,19.91877553470313],[73.8877589923338,19.91887706527221],[73.887435834429,19.9190104080003],[73.88707212913727,19.9191409792876],[73.8868703451649,19.91920963413136],[73.88625037391755,19.91942600451631],[73.88580857198087,19.9195909822925],[73.88540056460519,19.91972751999861],[73.88509163621049,19.91982850136472],[73.88479479387613,19.91994122712001],[73.88451202262796,19.92004612102735],[73.88427765141266,19.92014270860295],[73.88388426208108,19.92032973296463],[73.8834372591568,19.92055599324292],[73.88305782979417,19.92074761123384],[73.88270930613153,19.92093069811257],[73.88255196247854,19.92099639198369],[73.88220335309649,19.92122968481582],[73.88196545332924,19.92138496869319],[73.88164654246069,19.92162084710264],[73.88111907010979,19.92200763890625],[73.88074107303039,19.92233965050867],[73.88039044865306,19.92261430451279],[73.87996808684476,19.92297157882964],[73.87954114281246,19.92334196279402],[73.87910389540706,19.92369159281717],[73.87877359972353,19.92397906443856],[73.87829357057709,19.92440625486102],[73.87759175662383,19.92502518572415],[73.87726560529171,19.92528780660011],[73.87696995191696,19.92551850483489],[73.87675524080377,19.92572785778548],[73.87636052826896,19.92600703875198],[73.87592508929141,19.92630498486933],[73.8756716604533,19.92645058014805],[73.87529108508377,19.92665706917393],[73.87493012663921,19.92685325251367],[73.87404079777092,19.92722107941245],[73.87357914820412,19.92742044813582],[73.87282156801689,19.92774639551404],[73.87231641314855,19.92794820505526],[73.87016328225404,19.92889720942441],[73.86924489452213,19.9292321900136],[73.86813379232576,19.92975844641721],[73.86761499437878,19.93002177504278],[73.86707505655983,19.93024676509583],[73.86613482032062,19.93069303252497],[73.86557229399321,19.93098187796253],[73.865062921439,19.9312422806763],[73.86447213778068,19.93151090447722],[73.86411426976629,19.93170613402628],[73.86359451632053,19.93205020531629],[73.86298737966185,19.93264025817686],[73.86256872995243,19.9331185116279],[73.8620752779826,19.93360738481447],[73.86159079530663,19.93419505160269],[73.86127569095973,19.93461574705627],[73.86087074207282,19.93506739519463],[73.86047378783849,19.9354714647138],[73.86016454504737,19.93572870319104],[73.85990937710527,19.93594614739673],[73.85955535607044,19.93615862460275],[73.85920302319423,19.93635986245648],[73.85887150709605,19.93651987272959],[73.8578847489952,19.93703343498635],[73.8574031838559,19.93730257582604],[73.85698675064128,19.93749876517148],[73.85672078299962,19.93765284301112],[73.85653026455523,19.9377676221557],[73.85626070313815,19.93796956014272],[73.85590660440354,19.938256561934],[73.85552258455246,19.9386470089312],[73.85501306587241,19.93911248754747],[73.85022790866188,19.94395266694741],[73.84970086472798,19.94446012339586],[73.84923696640631,19.94494763794046],[73.84858131380335,19.94561319842071],[73.84837773013517,19.94582184641562],[73.84806729162909,19.94610034364212],[73.84779513813383,19.94632738645813],[73.84744436838943,19.9465994412676],[73.84721292451911,19.94681891151947],[73.84674650053728,19.94736406249699],[73.84623651935212,19.94821074838209],[73.8462285655899,19.94826883601214],[73.84618403666565,19.9485390112867],[73.84608126777144,19.948935793607],[73.84556573582574,19.94986472737894],[73.8452901345385,19.95022343742798],[73.84458018081288,19.950747930393],[73.84413655795656,19.95092852036663],[73.843333914897,19.95110846834298],[73.84250310316061,19.95124268876713],[73.8420066841095,19.95130923996793],[73.84162886792498,19.95135877597751],[73.84093319733529,19.9517292166617],[73.83959857334109,19.95248984112069],[73.83894138515103,19.95292959332091],[73.83719552286853,19.95427161245458],[73.83552873327878,19.95552894114134],[73.8341012353727,19.95656433297689],[73.83257164721286,19.95771734338755],[73.831416803512,19.95859521288517],[73.8299400505207,19.9597667718188],[73.82849985376768,19.96090296838404],[73.82705215656848,19.9620069127098],[73.8252606570017,19.96340256670978],[73.82274933330113,19.96530958690434],[73.82139416460154,19.96641319297668],[73.82180646117524,19.96667895684146],[73.82229691911401,19.96699552478816],[73.82378243586344,19.9670772886795],[73.8239164476558,19.96711899069258],[73.82383604447355,19.96871786578361],[73.82460612449998,19.96879102986196]]}},{"type":"Feature","properties":{"name":"Untitled Path","stroke":"#5500ff","stroke-opacity":1,"stroke-width":5,"fill":"#ff5454","fill-opacity":0.698,"sourceFolder":"Routes / Movement / Mumbai road","source":"Mobility plan Nashik KMZ (NTKMA)","layer":"Movement routes"},"geometry":{"type":"LineString","coordinates":[[73.81468770728,19.99727736588147],[73.81388980252609,19.99733563295308],[73.81327592441744,19.99730261645402],[73.81288752280608,19.99729129139441],[73.81254491692627,19.99726624798113],[73.81203270557607,19.99739885704143],[73.81173197790656,19.99751781353499],[73.81118399727087,19.99766223672298],[73.81076198265848,19.99771044262199],[73.81011244380262,19.99778065595036],[73.80990141958875,19.99775506885384],[73.80962284397562,19.9977517821575]]}},{"type":"Feature","properties":{"name":"Untitled Path","stroke":"#5500ff","stroke-opacity":1,"stroke-width":5,"fill":"#ff5454","fill-opacity":0.698,"sourceFolder":"Routes / Movement / Mumbai road","source":"Mobility plan Nashik KMZ (NTKMA)","layer":"Movement routes"},"geometry":{"type":"LineString","coordinates":[[73.81325318917222,19.99893978069195],[73.8131493974259,19.99831442227168],[73.8130629754572,19.9978520220383],[73.81302966496055,19.99728401494423]]}},{"type":"Feature","properties":{"name":"Untitled Path","stroke":"#5500ff","stroke-opacity":1,"stroke-width":5,"fill":"#ff5454","fill-opacity":0.698,"sourceFolder":"Routes / Movement / Mumbai road","source":"Mobility plan Nashik KMZ (NTKMA)","layer":"Movement routes"},"geometry":{"type":"LineString","coordinates":[[73.8117549365208,19.99919265163904],[73.81162735932675,19.99841013634498],[73.81156258826394,19.99787745835605],[73.81149870122918,19.9975753065686]]}},{"type":"Feature","properties":{"name":"Return route - pedestrian (Police Dept.)","stroke":"#5500ff","stroke-opacity":1,"stroke-width":5,"fill":"#ff5454","fill-opacity":0.698,"sourceFolder":"Routes / Movement / Mumbai road","source":"Mobility plan Nashik KMZ (NTKMA)","layer":"Movement routes"},"geometry":{"type":"LineString","coordinates":[[73.81012643258588,19.99940108619415],[73.80984562649522,19.99847694026031],[73.80973082742557,19.99792456193097],[73.80967890955166,19.99783411618339],[73.80964718221804,19.99775109285254],[73.80924862781883,19.99768785296882],[73.80635448035358,19.99732635438495],[73.80485972612506,19.9974096109895],[73.80312944871974,19.99742451317235],[73.80278363159518,19.99743985637456],[73.80264991855239,19.99735329768844],[73.80253541033369,19.99718211054265],[73.80236496019974,19.99691306066103],[73.80221784658593,19.99674791157985],[73.80201232077722,19.99653397086188],[73.80169138680388,19.99627581490046],[73.80146152814211,19.99612799092631],[73.80110565766567,19.99585063020857],[73.80082459687091,19.99572222077736],[73.80081715383561,19.99572222114324],[73.80054114994768,19.99558683515966],[73.80018238145031,19.99540130714758],[73.79995761601714,19.99527207354944],[73.79917257717794,19.99484369980999],[73.79871986552243,19.99461708583519],[73.79869012357447,19.99461708763588],[73.79818580762638,19.99436311152152],[73.79703124003856,19.99378647827358],[73.7965017598396,19.99350898904811],[73.79602351254572,19.99320280776978],[73.79468304215125,19.99253937247997],[73.79312208099313,19.99172985896625],[73.79308890511435,19.99172986257371],[73.79236633969764,19.99131666900423],[73.78872864049596,19.98940192519012],[73.78719496817581,19.98859080215767],[73.7860992461756,19.98799305796905],[73.78549075139232,19.98753281527137],[73.7851891178758,19.98728174742349],[73.78480452142138,19.98693620466189],[73.78436015759799,19.9870917846796],[73.78413637027981,19.98719289816476],[73.78391392985115,19.98724618032745],[73.78367673402141,19.98728569589467],[73.7835074052082,19.98731466301385]]}},{"type":"Feature","properties":{"name":"Untitled Path","stroke":"#5500ff","stroke-opacity":1,"stroke-width":5,"sourceFolder":"Routes / Movement / Mumbai road","source":"Mobility plan Nashik KMZ (NTKMA)","layer":"Movement routes"},"geometry":{"type":"LineString","coordinates":[[73.80926358914448,19.9993795095599],[73.80928587585511,19.99894458313934],[73.80929717993465,19.99862568249299],[73.80931280217243,19.99818497720586],[73.80931524471663,19.99770573471249]]}},{"type":"Feature","properties":{"name":"Return route - pedestrian (Police Dept.)","stroke":"#5500ff","stroke-opacity":1,"stroke-width":5,"fill":"#ff5454","fill-opacity":0.698,"sourceFolder":"Routes / Movement / Mumbai road","source":"Mobility plan Nashik KMZ (NTKMA)","layer":"Movement routes"},"geometry":{"type":"LineString","coordinates":[[73.80452358676152,20.00123901874415],[73.80413294199023,20.00045931563206],[73.80411316734452,20.00022472818596],[73.8040470419635,19.99980922695823],[73.80392254831702,19.99952446557832],[73.80381019179227,19.99902722130327],[73.80356310523864,19.9984537516934],[73.80342523225295,19.9979056166224],[73.80340202216071,19.99753811363857],[73.80339138621848,19.99741930483427],[73.80278363159518,19.99743985637456],[73.80264991855239,19.99735329768844],[73.80253541033369,19.99718211054265],[73.80236496019974,19.99691306066103],[73.80221784658593,19.99674791157985],[73.80201232077722,19.99653397086188],[73.80169138680388,19.99627581490046],[73.80146152814211,19.99612799092631],[73.80110565766567,19.99585063020857],[73.80082459687091,19.99572222077736],[73.80081715383561,19.99572222114324],[73.80054114994768,19.99558683515966],[73.80018238145031,19.99540130714758],[73.79995761601714,19.99527207354944],[73.79917257717794,19.99484369980999],[73.79871986552243,19.99461708583519],[73.79869012357447,19.99461708763588],[73.79818580762638,19.99436311152152],[73.79703124003856,19.99378647827358],[73.7965017598396,19.99350898904811],[73.79602351254572,19.99320280776978],[73.79468304215125,19.99253937247997],[73.79312208099313,19.99172985896625],[73.79308890511435,19.99172986257371],[73.79236633969764,19.99131666900423],[73.78872864049596,19.98940192519012],[73.78719496817581,19.98859080215767],[73.7860992461756,19.98799305796905],[73.78549075139232,19.98753281527137],[73.7851891178758,19.98728174742349],[73.78480452142138,19.98693620466189],[73.78436015759799,19.9870917846796],[73.78413637027981,19.98719289816476],[73.78391392985115,19.98724618032745],[73.78367673402141,19.98728569589467],[73.7835074052082,19.98731466301385]]}},{"type":"Feature","properties":{"name":"Pedestrian movement - Mumbai road (Police Dept.)","stroke":"#38a800","stroke-opacity":1,"stroke-width":5,"fill":"#ff5454","fill-opacity":0.698,"description":"Mumbai naka - Dwarka - Tractor house - right turn to Kashi Mali Mangal Karyalay - Ghat","sourceFolder":"Routes / Movement / Mumbai road","source":"Mobility plan Nashik KMZ (NTKMA)","layer":"Movement routes"},"geometry":{"type":"LineString","coordinates":[[73.78274189126849,19.98901127701798],[73.78300871599183,19.98888041126206],[73.78322928119442,19.98870668458715],[73.78340850164228,19.98856135207736],[73.78359412004224,19.98826212347728],[73.78367483453334,19.98787186362336],[73.7838196832254,19.98737435063076],[73.78404989953127,19.98732263711265],[73.78439470340332,19.98724308538675],[73.78468479137439,19.98709816583126],[73.78481301140732,19.98706141276054],[73.78505265049832,19.9872966939038],[73.78541100457473,19.98759754979748],[73.7856716538223,19.98780072102196],[73.78599262912776,19.98802206671337],[73.78638611114405,19.9882437172916],[73.78672781362886,19.98840518187846],[73.78707167010583,19.98860769643293],[73.78748796023652,19.98881936732448],[73.78815925395504,19.989192010565],[73.7886734294685,19.98945291413243],[73.7890363528934,19.98963590080707],[73.78954274568447,19.98992090206047],[73.79034877142698,19.99037093278507],[73.79083935669011,19.99061679383387],[73.79148156442753,19.99097487352253],[73.79203007903737,19.99127289919596],[73.79249829278056,19.99149866563274],[73.79309721198587,19.99184185828243],[73.7937619474317,19.99212961904382],[73.79458932552377,19.99257973737578],[73.7953825925016,19.99303726570119],[73.79605214286974,19.99338161087205],[73.79676723669075,19.99378952958963],[73.79764892843019,19.99426788592374],[73.79836145414997,19.99466395418795],[73.79917710530378,19.99509304631581],[73.79993650796708,19.99543454623555],[73.80055125129314,19.99572153016367],[73.80136294797522,19.9962229900063],[73.80188786825812,19.99667253945981],[73.80234198791504,19.99714160530048],[73.80294859311617,19.99803016609771],[73.80306214472591,19.99839599402485],[73.80318951059687,19.99870049339493],[73.80324453224418,19.99898398081634],[73.80333046494724,19.99928227228749],[73.80339956509398,19.9997480153788],[73.80343204956995,20.00033826923815],[73.80346072397872,20.00067742093365],[73.80403898922965,20.00082760786537],[73.80425474857554,20.00102951232765],[73.80444918318744,20.00132190855186],[73.80494907257926,20.00142971699396],[73.8053283338316,20.00148612926854]]}},{"type":"Feature","properties":{"name":"Return route - pedestrian (Police Dept.)","sourceFolder":"Routes / Movement / Mumbai road","source":"Mobility plan Nashik KMZ (NTKMA)","layer":"Movement routes"},"geometry":{"type":"LineString","coordinates":[[73.80706191035385,20.00075483370964],[73.80679154116653,19.99934307936487],[73.80730785230276,19.99921605903999],[73.8074502862912,19.99918784297347],[73.8074546525263,19.99901216625724],[73.80735413350929,19.99885927266113],[73.80722957805638,19.99872181964227],[73.80712844221786,19.99802287380732],[73.80707499832894,19.99740457656845],[73.80635448035358,19.99732635438495],[73.80485972612506,19.9974096109895],[73.80312944871974,19.99742451317235],[73.80278363159518,19.99743985637456],[73.80264991855239,19.99735329768844],[73.80253541033369,19.99718211054265],[73.80236496019974,19.99691306066103],[73.80221784658593,19.99674791157985],[73.80201232077722,19.99653397086188],[73.80169138680388,19.99627581490046],[73.80146152814211,19.99612799092631],[73.80110565766567,19.99585063020857],[73.80082459687091,19.99572222077736],[73.80081715383561,19.99572222114324],[73.80054114994768,19.99558683515966],[73.80018238145031,19.99540130714758],[73.79995761601714,19.99527207354944],[73.79917257717794,19.99484369980999],[73.79871986552243,19.99461708583519],[73.79869012357447,19.99461708763588],[73.79818580762638,19.99436311152152],[73.79703124003856,19.99378647827358],[73.7965017598396,19.99350898904811],[73.79602351254572,19.99320280776978],[73.79468304215125,19.99253937247997],[73.79312208099313,19.99172985896625],[73.79308890511435,19.99172986257371],[73.79236633969764,19.99131666900423],[73.78872864049596,19.98940192519012],[73.78719496817581,19.98859080215767],[73.7860992461756,19.98799305796905],[73.78549075139232,19.98753281527137],[73.7851891178758,19.98728174742349],[73.78480452142138,19.98693620466189],[73.78436015759799,19.9870917846796],[73.78413637027981,19.98719289816476],[73.78391392985115,19.98724618032745],[73.78367673402141,19.98728569589467],[73.7835074052082,19.98731466301385]]}},{"type":"Feature","properties":{"name":"Mumbai road Outer - Inner parking","stroke":"#ff0000","stroke-opacity":1,"stroke-width":5,"sourceFolder":"Routes / Movement / Mumbai road","source":"Mobility plan Nashik KMZ (NTKMA)","layer":"Movement routes"},"geometry":{"type":"LineString","coordinates":[[73.71014011661555,19.91512262189776],[73.71092690355714,19.91585956033165],[73.7117431377613,19.91660566300688],[73.71229751620395,19.91727624121557],[73.71293037248616,19.91818379325875],[73.71356831919215,19.9191806803274],[73.71435859616656,19.92064765464608],[73.71507313199885,19.92184321308248],[73.71545325925753,19.92268564748859],[73.71641197145041,19.92419927540443],[73.71725184075491,19.92565555131135],[73.71726025020897,19.92579159935189],[73.71821121406104,19.92706750977501],[73.71961300704481,19.92818024393074],[73.72153718171099,19.92979609964841],[73.72272922445056,19.9305503222452],[73.72383861509903,19.93145817081254],[73.72463246985255,19.93187566199136],[73.72763546304577,19.93308178088331],[73.72928443813481,19.93372468269192],[73.73129860882396,19.93474650321936],[73.73293259381498,19.93547483557277],[73.7336466955365,19.93576016351365],[73.73454329909453,19.93595857922813],[73.73545151646502,19.93628346646652],[73.73635675386633,19.93691877590263],[73.73709406740434,19.93756091208722],[73.73835035734517,19.93884044951352],[73.73963914166212,19.94014420609551],[73.74042590456395,19.94095625781418],[73.74131966992185,19.94173409956494],[73.74206172653523,19.94217574803823],[73.74323676344494,19.94296054163788],[73.74409929171242,19.94373828725589],[73.74522222415523,19.94487467255707],[73.74617355828939,19.94578651368102],[73.74710852225147,19.94668541841113],[73.74813983346854,19.94761033165991],[73.7497835971711,19.9490501834042],[73.75109383705137,19.95012937657596],[73.75224636343918,19.95102164540336],[73.75351168263961,19.95204923454562],[73.75439042593392,19.95295852136663],[73.75568820389034,19.95428473983532],[73.75679500247468,19.95546862306948],[73.7576451263304,19.9562244243229],[73.75877070988051,19.9571863317154],[73.75962980682073,19.95790028133279],[73.7605367911606,19.95866662074263],[73.7616075451502,19.95958889151768],[73.76256751739659,19.96039137823226],[73.76330990417557,19.96109330658433],[73.76414762122572,19.96196404227718],[73.76489351685564,19.96282442292391],[73.76592447610714,19.96404387613735],[73.76983815664799,19.96887144032301],[73.77016618911316,19.96928693548248],[73.77101046649179,19.97025937179402],[73.77201016674277,19.97121364400384],[73.77338544950894,19.97232261287409],[73.77432766593827,19.97324013541662],[73.77842654825302,19.97784194326342],[73.7799931621591,19.97973147003766],[73.78091189514757,19.98085995173977],[73.781460104241,19.98150545074535],[73.78221374518404,19.98262557945409],[73.7825330586112,19.9832379640563],[73.78296287680196,19.98427398411261],[73.78360422824032,19.98538819547506],[73.78401559131942,19.98612147635069],[73.78426455180089,19.98654826831709],[73.78383390785552,19.98687612195392],[73.78368985296737,19.98706123744403]]}},{"type":"Feature","properties":{"name":"Untitled Path","stroke":"#5500ff","stroke-opacity":1,"stroke-width":5,"fill":"#ffffff","fill-opacity":0.251,"sourceFolder":"Routes / Movement / Trimbakeshwar road","source":"Mobility plan Nashik KMZ (NTKMA)","layer":"Movement routes"},"geometry":{"type":"LineString","coordinates":[[73.8024636575914,20.00126764012569],[73.80297806473486,20.00071345916252],[73.8030627308209,20.00050832200964],[73.80307276639876,20.00001554654108],[73.80316179939105,19.99962476695759],[73.80297027368974,19.99860182921274],[73.80249870900433,19.99759724848374],[73.80213186426876,19.99713608469157],[73.80072049921144,19.99594520628262],[73.79994798246443,19.99553112466784],[73.79912167394268,19.9951356928622],[73.79829387858926,19.99475288464348],[73.79697330694113,19.99410110505048],[73.79653218475384,19.99406907784489],[73.7947364957028,19.99399882566474],[73.79472326264732,19.99401157948988],[73.79321021184234,19.99392249910847],[73.79258603251571,19.99390980875238],[73.79256505342222,19.99392884529061],[73.79156145289829,19.99405628559368],[73.79071409088687,19.99424274180699],[73.78940917562346,19.9945368433998],[73.7893684657676,19.99458942753289],[73.78894597807934,19.99467381563228],[73.78815476452718,19.99566601519715],[73.78752078277819,19.99650584944302],[73.78707100899203,19.99714032403367],[73.78644357582974,19.99843458075892],[73.78629998998545,19.99869401726692],[73.78571239100661,19.99854077042819],[73.78515782676637,19.99831404330153],[73.78478284607938,19.99820853190625],[73.78409946763259,19.99790377575863],[73.7834713240434,19.99773075871388],[73.78283614180954,19.99751966184021],[73.78122833141292,19.99708741406536],[73.78044504087869,19.99689947171415],[73.7799385847156,19.99672676687035],[73.77956220815766,19.99659287582772]]}},{"type":"Feature","properties":{"name":"Tryambak Road inner to ghat","stroke":"#38a800","stroke-opacity":1,"stroke-width":5,"fill":"#ffffff","fill-opacity":0.251,"sourceFolder":"Routes / Movement / Trimbakeshwar road","source":"Mobility plan Nashik KMZ (NTKMA)","layer":"Movement routes"},"geometry":{"type":"LineString","coordinates":[[73.7790015291731,19.9964899488798],[73.78654735454764,19.99889893302036],[73.787376499227,19.99698825006927],[73.78866492952707,19.99541846367626],[73.78916828003818,19.99477907144449],[73.79033183267292,19.99451642279704],[73.79136471334706,19.99427134438434],[73.79267205382608,19.99403270520229],[73.79701780429238,19.99425872683162],[73.79966223568759,19.99570686158596],[73.80091404442564,19.99636141040658],[73.80156461846701,19.99680292882475],[73.80210575023631,19.99747665682146],[73.79698704521414,19.99862972708051],[73.79762450644411,20.00001469697169],[73.7985509362069,20.00122740308902]]}},{"type":"Feature","properties":{"name":"Bus Movement","stroke":"#ff0000","stroke-opacity":1,"stroke-width":5,"sourceFolder":"Routes / Movement / Trimbakeshwar road","source":"Mobility plan Nashik KMZ (NTKMA)","layer":"Movement routes"},"geometry":{"type":"LineString","coordinates":[[73.64132738877827,19.9603291789974],[73.64157143682003,19.96041840037994],[73.64197038227749,19.96064734101045],[73.64218143007555,19.96077330424864],[73.64239865233941,19.96089322070784],[73.64261926265661,19.96103534963564],[73.64322814414014,19.96140553329221],[73.64350143245687,19.96158670815611],[73.64396391581643,19.96186751476598],[73.64420449380319,19.96205067007983],[73.64555390232326,19.96289478725673],[73.64616028787647,19.96327780133006],[73.64695537220985,19.96379210780559],[73.64741295274912,19.96406688278499],[73.6478534528947,19.96431399327481],[73.64840096245396,19.96450850338196],[73.6485662621239,19.96457103795308],[73.6493628028452,19.96482440748428],[73.65004760909986,19.96503346181348],[73.65132001887751,19.96520001395923],[73.65343552528194,19.96541361818667],[73.65427747580249,19.96546956541933],[73.65500457025577,19.96553014892442],[73.65631075188567,19.96560927428154],[73.65709509724996,19.96567196079275],[73.65853730770928,19.96576473174321],[73.65964785261774,19.96587893175874],[73.66067219001798,19.96600476024564],[73.6611931362238,19.96611552390602],[73.66246693099917,19.96655345806656],[73.66295945250579,19.96674897203411],[73.66346753373277,19.96686163927599],[73.66386641940919,19.96691008137182],[73.66512616226998,19.96710139065001],[73.66573829046263,19.96724850101871],[73.6661822154194,19.9674826240324],[73.66711457643723,19.9680605561862],[73.66907155788797,19.96868222411301],[73.67124428689253,19.96936224594673],[73.6723067423613,19.96967533641341],[73.6731660184384,19.96995857413769],[73.67449869204867,19.9703672081932],[73.67516852256735,19.97057543646391],[73.67563510761634,19.97072705183398],[73.67680814850686,19.97110111609993],[73.67721196124987,19.97122348957409],[73.67748631146152,19.97131488264521],[73.67821758694757,19.97153790276241],[73.67874673676324,19.9716642190807],[73.67974962459127,19.9718925822742],[73.68075654985334,19.97213687837626],[73.68230869722689,19.97255994815687],[73.68263135474898,19.97265880976705],[73.68324976639461,19.97285527284462],[73.6839190327806,19.97306692994522],[73.68522509566935,19.97353840523365],[73.68563864991192,19.9736741572959],[73.68632486475975,19.97394554874502],[73.68764446904467,19.97439570980306],[73.68850724861278,19.97470543323871],[73.68940289087185,19.97501110300444],[73.69032565138671,19.97534398447067],[73.69131924485168,19.97575610738875],[73.69170088445264,19.97605216835647],[73.69222243419264,19.97647848168874],[73.69258866565846,19.97675541576811],[73.6932180432469,19.97709192941148],[73.69379097173156,19.97734762358933],[73.69455909135756,19.97766626317601],[73.69486923609442,19.97774679636497],[73.69678718041688,19.97804424367961],[73.69797341774685,19.97820326828806],[73.69882140632033,19.97830499897026],[73.69949010655053,19.97841206241264],[73.7000591629836,19.97852605332927],[73.70086732441672,19.97873224862706],[73.7016143279429,19.97892018132638],[73.7020788349004,19.97897202568066],[73.70280913511763,19.97898152454488],[73.70360330112267,19.97901016027332],[73.70435956946578,19.97903939556745],[73.70479076385277,19.97905922650702],[73.7053674935715,19.97912137289844],[73.70580270369364,19.97917215383883],[73.70683482735184,19.97927729899198],[73.70725582821403,19.97930286730868],[73.70767561203768,19.97932853278351],[73.7081604672396,19.97936966359601],[73.70866140585602,19.97944776494979],[73.70927666001128,19.97955389169543],[73.70983908926911,19.97977265566784],[73.71151806225234,19.98104166917619],[73.71203926075441,19.98138271761304],[73.71250157706847,19.98165785545136],[73.71282572683718,19.98170362156284],[73.71335953263706,19.98162425747696],[73.71417396236686,19.981529345803],[73.71462963812554,19.98156253166777],[73.71529636921154,19.9816808917009],[73.71586113733373,19.98179069769048],[73.71635429393059,19.98194546569044],[73.71682055088851,19.98210778960541],[73.71710743988375,19.98237656979456],[73.71763648616557,19.98283025702463],[73.71815561549826,19.9832686771653],[73.71857042658375,19.98353519915516],[73.71899229088324,19.98379057292344],[73.71929819072037,19.983923984847],[73.72053694412759,19.98444496804798],[73.72125530813145,19.98476726335964],[73.72230844987372,19.98520345267205],[73.72298883836508,19.98559181120971],[73.72351778164834,19.98583508668735],[73.72589384397733,19.98737518751928],[73.72725994394447,19.98821812448933],[73.72845556825935,19.98919880617104],[73.72928099623353,19.98967878646803],[73.73077406845844,19.99023652301268],[73.73241985008795,19.99071926917961],[73.73361291998441,19.99090579917371],[73.7420465080068,19.99177457057314],[73.74568491151575,19.99235352359278],[73.74981220120742,19.9931567755569],[73.75400009716225,19.99385971674156],[73.75638359799257,19.99409775221876],[73.75824216248425,19.99433198043869],[73.76367225394178,19.99456785649604],[73.76832248171554,19.99465907940033],[73.77214257026591,19.99436882603693],[73.7735032647658,19.99482264706482],[73.77595387230211,19.99558754307456],[73.77955556730171,19.99661862705344]]}},{"type":"Feature","geometry":{"type":"Point","coordinates":[73.7237066,19.9856704]},"properties":{"Taluka":"Nashik","Zone":"Cidco / Gangapur","Category":"Police Chowky / Outpost","Name":"Ambad Police Chowki","Type":"Government Office","Review Count":"0","Address":"XPPF+7F8, near Papaya's Nursery, Anand Colony, Nashik, Maharashtra 422007, India","Open Now":"true","Maps Link":"https://maps.google.com/?cid=9701769569479593584&g_mp=Cidnb29nbGUubWFwcy5wbGFjZXMudjEuUGxhY2VzLlNlYXJjaFRleHQQAhgEIAA","Phone":"+91-0253-2371533","Email":"ps.ambad.nashikcp@mahapolice.gov.in","layer":"Police stations"}},{"type":"Feature","geometry":{"type":"Point","coordinates":[73.7136989,19.989289]},"properties":{"Taluka":"Nashik","Zone":"Cidco / Gangapur","Category":"Police Chowky / Outpost","Name":"Ashok Nagar Police Chowki","Type":"Government Office","Review Count":"0","Phone":"0253 230 5237","Address":"Sir Gorakhe K A Road, Ashoknagar, Satpur, Ashoknagar, Satpur Colony, Nashik, Maharashtra 422012, India","Maps Link":"https://maps.google.com/?cid=6333167335578247028&g_mp=Cidnb29nbGUubWFwcy5wbGFjZXMudjEuUGxhY2VzLlNlYXJjaFRleHQQAhgEIAA","layer":"Police stations"}},{"type":"Feature","geometry":{"type":"Point","coordinates":[73.7582236,20.0073554]},"properties":{"Taluka":"Nashik","Zone":"Cidco / Gangapur","Category":"Police Chowky / Outpost","Name":"College Road Police Chowki","Type":"Government Office","Review Count":"0","Phone":"0253 230 5242","Address":"2Q45+W7X, College Rd, Kalpana Nagar, Nashik, Maharashtra 422005, India","Open Now":"true","Maps Link":"https://maps.google.com/?cid=7904056622374948784&g_mp=Cidnb29nbGUubWFwcy5wbGFjZXMudjEuUGxhY2VzLlNlYXJjaFRleHQQAhgEIAA","layer":"Police stations"}},{"type":"Feature","geometry":{"type":"Point","coordinates":[73.7617544,20.0177962]},"properties":{"Taluka":"Nashik","Zone":"Cidco / Gangapur","Category":"Police Chowky / Outpost","Name":"Dadoji Kondev Police Chowky","Type":"Government Office","Review Count":"0","Phone":"0253 230 5242","Address":"Shantiniketan Road, near Nirmala Convent, 2Q96+4P6, Gangapur Rd, Near Nirmala Convent, D. K. Nagar, Nashik, Maharashtra 422013, India","Maps Link":"https://maps.google.com/?cid=2977485476796869258&g_mp=Cidnb29nbGUubWFwcy5wbGFjZXMudjEuUGxhY2VzLlNlYXJjaFRleHQQAhgEIAA","layer":"Police stations"}},{"type":"Feature","geometry":{"type":"Point","coordinates":[73.7487361,19.9838496]},"properties":{"Taluka":"Nashik","Zone":"Cidco / Gangapur","Category":"Police Chowky / Outpost","Name":"Khutwad nagar police chowky","Type":"Government Office","Review Count":"0","Address":"XPMX+GFQ, Pandav Nagari, Mogal Nagar, Nashik, Maharashtra 422008, India","Maps Link":"https://maps.google.com/?cid=790174516089904542&g_mp=Cidnb29nbGUubWFwcy5wbGFjZXMudjEuUGxhY2VzLlNlYXJjaFRleHQQAhgEIAA","layer":"Police stations"}},{"type":"Feature","geometry":{"type":"Point","coordinates":[73.7338004,19.9906851]},"properties":{"Taluka":"Nashik","Zone":"Cidco / Gangapur","Category":"Police Chowky / Outpost","Name":"Tawon Police Chowky","Type":"Government Office","Review Count":"0","Phone":"0253 230 5239","Address":"XPRM+7GF, Satpur Gaon, Satpur Colony, Nashik, Maharashtra 422007, India","Maps Link":"https://maps.google.com/?cid=652409085803638198&g_mp=Cidnb29nbGUubWFwcy5wbGFjZXMudjEuUGxhY2VzLlNlYXJjaFRleHQQAhgEIAA","layer":"Police stations"}},{"type":"Feature","geometry":{"type":"Point","coordinates":[73.7476784,20.0119912]},"properties":{"Taluka":"Nashik","Zone":"Cidco / Gangapur","Category":"Police Station","Name":"Anandwalli Police Chouki","Type":"Government Office","Review Count":"0","Phone":"0253 230 5242","Address":"2P6X+Q3V, Gangapur Rd, Near NMC School No. 71 & 33, Kale Nagar, Vivekanand Nagar, Anandvalli, Nashik, Maharashtra 422013, India","Open Now":"true","Maps Link":"https://maps.google.com/?cid=4321781470868858912&g_mp=Cidnb29nbGUubWFwcy5wbGFjZXMudjEuUGxhY2VzLlNlYXJjaFRleHQQAhgEIAA","layer":"Police stations"}},{"type":"Feature","geometry":{"type":"Point","coordinates":[73.7500704,20.014267]},"properties":{"Taluka":"Nashik","Zone":"Cidco / Gangapur","Category":"Police Station","Name":"Gangapur Police Station","Type":"Government Office","Review Count":"0","Phone":"0253 230 5242","Address":"2Q72+P24, Gangapur Rd, Chintamani Colony, Shanker Nagar, Savarkar Nagar, Nashik, Maharashtra 422013, India","Open Now":"true","Maps Link":"https://maps.google.com/?cid=4339415314254860076&g_mp=Cidnb29nbGUubWFwcy5wbGFjZXMudjEuUGxhY2VzLlNlYXJjaFRleHQQAhgEIAA","Email":"ps.gangapur.nashikcp@mahapolice.gov.in","layer":"Police stations"}},{"type":"Feature","geometry":{"type":"Point","coordinates":[73.7539828,19.99754]},"properties":{"Taluka":"Nashik","Zone":"Cidco / Gangapur","Category":"Police Station","Name":"Mahatma Nagar Police Station","Rating":"5","Review Count":"1","Address":"XQX3+2H9, Dr BS Moonje Marg, Mahatma Nagar, Parijat Nagar, Nashik, Maharashtra 422005, India","Maps Link":"https://maps.google.com/?cid=5152928736119090046&g_mp=Cidnb29nbGUubWFwcy5wbGFjZXMudjEuUGxhY2VzLlNlYXJjaFRleHQQAhgEIAA","layer":"Police stations"}},{"type":"Feature","geometry":{"type":"Point","coordinates":[73.754077,19.99748]},"properties":{"Taluka":"Nashik","Zone":"Cidco / Gangapur","Category":"Police Station","Name":"Police Station","Type":"Government Office","Review Count":"0","Phone":"099231 55233","Address":"plot no 68, Dr BS Moonje Marg, Mahatma Nagar, Parijat Nagar, Nashik, Maharashtra 422005, India","Maps Link":"https://maps.google.com/?cid=5759482667779126268&g_mp=Cidnb29nbGUubWFwcy5wbGFjZXMudjEuUGxhY2VzLlNlYXJjaFRleHQQAhgEIAA","layer":"Police stations"}},{"type":"Feature","geometry":{"type":"Point","coordinates":[73.7429087,19.9914342]},"properties":{"Taluka":"Nashik","Zone":"Cidco / Gangapur","Category":"Police Station","Name":"Satpur Police Station","Type":"Government Office","Review Count":"0","Phone":"0253 230 5237","Address":"XPRV+H5F, Trambakeshwar Rd, MIDC, Satpur Colony, Nashik, Maharashtra 422005, India","Website":"https://nashikcitypolice.gov.in/police-station-incharge","Open Now":"true","Maps Link":"https://maps.google.com/?cid=17770324806394303413&g_mp=Cidnb29nbGUubWFwcy5wbGFjZXMudjEuUGxhY2VzLlNlYXJjaFRleHQQAhgEIAA","Email":"satpur_police@nashikpolice.com","layer":"Police stations"}},{"type":"Feature","geometry":{"type":"Point","coordinates":[73.8295902,19.9023137]},"properties":{"Taluka":"Nashik","Zone":"Devlali Camp & Deolali Gaon","Category":"Police Station","Name":"Adke nagar deolali camp","Type":"Government Office","Review Count":"0","Phone":"0253 249 1233","Address":"WR2H+WRG, Howson Rd, Bus Stop, Deolali Camp, Nashik, Sansari, Maharashtra 422401, India","Maps Link":"https://maps.google.com/?cid=743702562190118023&g_mp=Cidnb29nbGUubWFwcy5wbGFjZXMudjEuUGxhY2VzLlNlYXJjaFRleHQQAhgEIAA","layer":"Police stations"}},{"type":"Feature","geometry":{"type":"Point","coordinates":[73.7065765,19.9909088]},"properties":{"Taluka":"Nashik","Zone":"Govardhan / Gangapur Dam","Category":"Police Chowky / Outpost","Name":"Bolkar valley police chowky","Type":"Government Office","Review Count":"0","Address":"Chamunda nagar, Ashoknagar, Satpur Colony, Nashik, Maharashtra 422012, India","Open Now":"true","Maps Link":"https://maps.google.com/?cid=6826000218138776881&g_mp=Cidnb29nbGUubWFwcy5wbGFjZXMudjEuUGxhY2VzLlNlYXJjaFRleHQQAhgEIAA","layer":"Police stations"}},{"type":"Feature","geometry":{"type":"Point","coordinates":[73.7230297,20.0236738]},"properties":{"Taluka":"Nashik","Zone":"Govardhan / Gangapur Dam","Category":"Police Station","Name":"Add. Sp.gangapur","Type":"Local Government Office","Review Count":"0","Address":"2PFF+F66, Gangapur Rd, Sector-A, Anandvalli, Nashik, Maharashtra 422222, India","Maps Link":"https://maps.google.com/?cid=6254096932537095304&g_mp=Cidnb29nbGUubWFwcy5wbGFjZXMudjEuUGxhY2VzLlNlYXJjaFRleHQQAhgEIAA","layer":"Police stations"}},{"type":"Feature","geometry":{"type":"Point","coordinates":[73.8454259,19.9871361]},"properties":{"Taluka":"Nashik","Zone":"Indira Nagar / Eklahare","Category":"Police Chowky / Outpost","Name":"Dasak Police Chowki","Type":"Government Office","Review Count":"0","Phone":"0253 246 5533","Address":"XRPW+V53, Jail Rd, Dhara Society, Nashik Rd, Nashik, Maharashtra 422101, India","Maps Link":"https://maps.google.com/?cid=13439658536452793052&g_mp=Cidnb29nbGUubWFwcy5wbGFjZXMudjEuUGxhY2VzLlNlYXJjaFRleHQQAhgEIAA","layer":"Police stations"}},{"type":"Feature","geometry":{"type":"Point","coordinates":[73.7882595,19.9960984]},"properties":{"Taluka":"Nashik","Zone":"Nashik Central","Category":"Police Chowky / Outpost","Name":"Ganjmal Police Chowki","Type":"Government Office","Review Count":"0","Address":"XQWQ+C8J, Sahkar Nagar, Ganjmal, Nashik, Maharashtra 422001, India","Maps Link":"https://maps.google.com/?cid=92088858374789922&g_mp=Cidnb29nbGUubWFwcy5wbGFjZXMudjEuUGxhY2VzLlNlYXJjaFRleHQQAhgEIAA","layer":"Police stations"}},{"type":"Feature","geometry":{"type":"Point","coordinates":[73.7802449,19.9976379]},"properties":{"Taluka":"Nashik","Zone":"Nashik Central","Category":"Police Chowky / Outpost","Name":"Maharashtra Police Chowki","Type":"Government Office","Review Count":"0","Phone":"0253 230 5214","Address":"XQXJ+335, Trambakeshwar Rd, Thakkar Bazar, Trimbak Naka, Thakkar Nagar, Police Staff Colony, Nashik, Maharashtra 422002, India","Maps Link":"https://maps.google.com/?cid=17248067664092129979&g_mp=Cidnb29nbGUubWFwcy5wbGFjZXMudjEuUGxhY2VzLlNlYXJjaFRleHQQAhgEIAA","layer":"Police stations"}},{"type":"Feature","geometry":{"type":"Point","coordinates":[73.7955895,19.9701469]},"properties":{"Taluka":"Nashik","Zone":"Nashik Central","Category":"Police Chowky / Outpost","Name":"Wadala Gaon Police Chowki","Type":"Government Office","Review Count":"0","Phone":"0253 232 1733","Address":"XQCW+364, Wadala Rd, Wadala Gaon, Nashik, Maharashtra 422006, India","Open Now":"true","Maps Link":"https://maps.google.com/?cid=18426599418833093912&g_mp=Cidnb29nbGUubWFwcy5wbGFjZXMudjEuUGxhY2VzLlNlYXJjaFRleHQQAhgEIAA","layer":"Police stations"}},{"type":"Feature","geometry":{"type":"Point","coordinates":[73.7696312,19.9948292]},"properties":{"Taluka":"Nashik","Zone":"Nashik Central","Category":"Police Chowky / Outpost","Name":"शरणपुर पोलीस चौकी","Type":"Government Office","Review Count":"0","Address":"शरणपुर, XQV9+WVJ, Holaram Colony, Sharanpur, Nashik, Maharashtra 422002, India","Maps Link":"https://maps.google.com/?cid=7862209523889778832&g_mp=Cidnb29nbGUubWFwcy5wbGFjZXMudjEuUGxhY2VzLlNlYXJjaFRleHQQAhgEIAA","layer":"Police stations"}},{"type":"Feature","geometry":{"type":"Point","coordinates":[73.781435,20.0013249]},"properties":{"Taluka":"Nashik","Zone":"Nashik Central","Category":"Police Station","Name":"Anand Nagar Police Station","Type":"Services","Review Count":"0","Address":"Nagerbhumapan no 247, plot no27 ananadnager, behind padavlene, paterdi, Nashik, Maharashtra 422002, India","Maps Link":"https://maps.google.com/?cid=5674861533397960063&g_mp=Cidnb29nbGUubWFwcy5wbGFjZXMudjEuUGxhY2VzLlNlYXJjaFRleHQQAhgEIAA","layer":"Police stations"}},{"type":"Feature","geometry":{"type":"Point","coordinates":[73.7892075,19.9977994]},"properties":{"Taluka":"Nashik","Zone":"Nashik Central","Category":"Police Station","Name":"Bhadrakali police station","Type":"Government Office","Review Count":"0","Phone":"0253 230 5254","Address":"XQXQ+4M8, Gotane Wada, Nashik, Maharashtra 422001, India","Open Now":"true","Maps Link":"https://maps.google.com/?cid=8541025097419076286&g_mp=Cidnb29nbGUubWFwcy5wbGFjZXMudjEuUGxhY2VzLlNlYXJjaFRleHQQAhgEIAA","Email":"bhadrakali_police@nashikpolice.com","layer":"Police stations"}},{"type":"Feature","geometry":{"type":"Point","coordinates":[73.7887047,19.9974396]},"properties":{"Taluka":"Nashik","Zone":"Nashik Central","Category":"Police Station","Name":"Bhadrakali police station Flea market","Type":"Building","Review Count":"0","Address":"XQWQ+XF8 Bhadrakali police station Flea market, Old Nashik, Koknipura, Nashik, Maharashtra 422001, India","Maps Link":"https://maps.google.com/?cid=9494828281512462966&g_mp=Cidnb29nbGUubWFwcy5wbGFjZXMudjEuUGxhY2VzLlNlYXJjaFRleHQQAhgEIAA","layer":"Police stations"}},{"type":"Feature","geometry":{"type":"Point","coordinates":[73.78268,20.000863]},"properties":{"Taluka":"Nashik","Zone":"Nashik Central","Category":"Police Station","Name":"C.B.S.Police Station Bhadrakali","Type":"Government Office","Review Count":"0","Phone":"0253 230 5214","Address":"2Q2M+83V, Gangapur Rd, Opp.KTHM College, Shalimar, Nashik, Maharashtra 422001, India","Maps Link":"https://maps.google.com/?cid=3555741579959928725&g_mp=Cidnb29nbGUubWFwcy5wbGFjZXMudjEuUGxhY2VzLlNlYXJjaFRleHQQAhgEIAA","layer":"Police stations"}},{"type":"Feature","geometry":{"type":"Point","coordinates":[73.7805902,20.0023592]},"properties":{"Taluka":"Nashik","Zone":"Nashik Central","Category":"Police Station","Name":"Cyber Police Station Nashik Police","Type":"Police","Review Count":"0","Address":"2Q2J+W6W, Police Staff Colony, Nashik, Maharashtra 422002, India","Open Now":"true","Maps Link":"https://maps.google.com/?cid=12824687607806524276&g_mp=Cidnb29nbGUubWFwcy5wbGFjZXMudjEuUGxhY2VzLlNlYXJjaFRleHQQAhgEIAA","layer":"Police stations"}},{"type":"Feature","geometry":{"type":"Point","coordinates":[73.7832909,19.99402]},"properties":{"Taluka":"Nashik","Zone":"Nashik Central","Category":"Police Station","Name":"Godavari","Type":"Government Office","Review Count":"0","Address":"XQVM+J83, Opposite Shingda Talav, Gadkari Chowk, Mohan Nagar, Nashik, Maharashtra 422001, India","Maps Link":"https://maps.google.com/?cid=6023548925307242155&g_mp=Cidnb29nbGUubWFwcy5wbGFjZXMudjEuUGxhY2VzLlNlYXJjaFRleHQQAhgEIAA","layer":"Police stations"}},{"type":"Feature","geometry":{"type":"Point","coordinates":[73.7839168,19.9875911]},"properties":{"Taluka":"Nashik","Zone":"Nashik Central","Category":"Police Station","Name":"Mumbai Naka Police Station","Type":"Government Office","Review Count":"0","Phone":"0253 259 3300","Address":"XQQM+2HM, Old Agra Rd, Mumbai Naka, Renuka Nagar, Nashik, Maharashtra 422002, India","Website":"https://nashikcitypolice.gov.in/police_station/6","Maps Link":"https://maps.google.com/?cid=10668927454257939548&g_mp=Cidnb29nbGUubWFwcy5wbGFjZXMudjEuUGxhY2VzLlNlYXJjaFRleHQQAhgEIAA","Email":"pi-mnakanashik@mahapolice.gov.in","layer":"Police stations"}},{"type":"Feature","geometry":{"type":"Point","coordinates":[73.7792861,20.0020771]},"properties":{"Taluka":"Nashik","Zone":"Nashik Central","Category":"Police Station","Name":"NASHIK CITY POLICE STATION NEW","Type":"Building","Review Count":"0","Address":"NASHIK CITY POLICE STATION NEW, Police Staff Colony, Nashik, Maharashtra 422002, India","Maps Link":"https://maps.google.com/?cid=1743424155701855284&g_mp=Cidnb29nbGUubWFwcy5wbGFjZXMudjEuUGxhY2VzLlNlYXJjaFRleHQQAhgEIAA","layer":"Police stations"}},{"type":"Feature","geometry":{"type":"Point","coordinates":[73.7806257,20.00087]},"properties":{"Taluka":"Nashik","Zone":"Nashik Central","Category":"Police Station","Name":"Nashik Taluka Police Station","Type":"Government Office","Review Count":"0","Phone":"0253 230 9711","Address":"2Q2J+87R, Sharanpur Rd, Opp. Mela Bus Station, Police Staff Colony, Nashik, Maharashtra 422002, India","Website":"https://nashik.gov.in/police-station-rural/","Maps Link":"https://maps.google.com/?cid=14695180556187739716&g_mp=Cidnb29nbGUubWFwcy5wbGFjZXMudjEuUGxhY2VzLlNlYXJjaFRleHQQAhgEIAA","layer":"Police stations"}},{"type":"Feature","geometry":{"type":"Point","coordinates":[73.7696521,19.9974593]},"properties":{"Taluka":"Nashik","Zone":"Nashik Central","Category":"Police Station","Name":"Police Ayuktalaya","Type":"Government Office","Review Count":"0","Address":"XQW9+XVJ, Sharanpur Link Rd, P & T Colony, Holaram Colony, P&T Colony, Nashik, Maharashtra 422002, India","Maps Link":"https://maps.google.com/?cid=13658012742674747883&g_mp=Cidnb29nbGUubWFwcy5wbGFjZXMudjEuUGxhY2VzLlNlYXJjaFRleHQQAhgEIAA","layer":"Police stations"}},{"type":"Feature","geometry":{"type":"Point","coordinates":[73.7802629,19.9976999]},"properties":{"Taluka":"Nashik","Zone":"Nashik Central","Category":"Police Station","Name":"Police Sahayata Kendra","Type":"Government Office","Review Count":"0","Address":"XQXJ+34C, Near Bus Stop, Thakkar Bazar, Trimbak Naka, Police Staff Colony, Nashik, Maharashtra 422002, India","Maps Link":"https://maps.google.com/?cid=4448256328392563145&g_mp=Cidnb29nbGUubWFwcy5wbGFjZXMudjEuUGxhY2VzLlNlYXJjaFRleHQQAhgEIAA","layer":"Police stations"}},{"type":"Feature","geometry":{"type":"Point","coordinates":[73.789031,19.976052]},"properties":{"Taluka":"Nashik","Zone":"Nashik Central","Category":"Police Station","Name":"Sai Nath Nagar Police Station","Type":"Government Office","Review Count":"0","Address":"XQGQ+CJC, Pathardi Rd, Indira Nagar, Nashik, Maharashtra 422009, India","Maps Link":"https://maps.google.com/?cid=6980417429298469832&g_mp=Cidnb29nbGUubWFwcy5wbGFjZXMudjEuUGxhY2VzLlNlYXJjaFRleHQQAhgEIAA","layer":"Police stations"}},{"type":"Feature","geometry":{"type":"Point","coordinates":[73.7910974,19.9800353]},"properties":{"Taluka":"Nashik","Zone":"Nashik Central","Category":"Police Station","Name":"Vinay nagar police station chauki","Type":"Government Office","Review Count":"0","Address":"Vinaynagar, Bus Stop, Pathardi Rd, Vinay Nagar, Nashik, Maharashtra 422006, India","Maps Link":"https://maps.google.com/?cid=6722501557250304415&g_mp=Cidnb29nbGUubWFwcy5wbGFjZXMudjEuUGxhY2VzLlNlYXJjaFRleHQQAhgEIAA","layer":"Police stations"}},{"type":"Feature","geometry":{"type":"Point","coordinates":[73.7836449,19.9937979]},"properties":{"Taluka":"Nashik","Zone":"Nashik Central","Category":"Police Station","Name":"Vishesh Police Mahanirishak","Type":"Government Office","Review Count":"0","Address":"XQVM+GF6, Nashik Parikshethra, Mohan Nagar, Nashik, Maharashtra 422001, India","Open Now":"true","Maps Link":"https://maps.google.com/?cid=13937861323830297156&g_mp=Cidnb29nbGUubWFwcy5wbGFjZXMudjEuUGxhY2VzLlNlYXJjaFRleHQQAhgEIAA","layer":"Police stations"}},{"type":"Feature","geometry":{"type":"Point","coordinates":[73.7696814,19.9949352]},"properties":{"Taluka":"Nashik","Zone":"Nashik Central","Category":"Women's Police Station","Name":"Women cell sharnpur rd","Type":"Police","Review Count":"0","Address":"XQV9+XV6, Holaram Colony, Sharanpur, Nashik, Maharashtra 422002, India","Maps Link":"https://maps.google.com/?cid=8428483693070364297&g_mp=Cidnb29nbGUubWFwcy5wbGFjZXMudjEuUGxhY2VzLlNlYXJjaFRleHQQAhgEIAA","layer":"Police stations"}},{"type":"Feature","geometry":{"type":"Point","coordinates":[73.8307653,19.9590195]},"properties":{"Taluka":"Nashik","Zone":"Nashik Road","Category":"Police Station","Name":"Bytco Police Station","Type":"Government Office","Review Count":"0","Phone":"0253 241 5641","Address":"Near Bytco College, Bytco Point, Nashik-Pune Road, XR5J+J82, Gayakhe Colony, Nashik Road, Nashik, Maharashtra 422101, India","Maps Link":"https://maps.google.com/?cid=7653921450768865318&g_mp=Cidnb29nbGUubWFwcy5wbGFjZXMudjEuUGxhY2VzLlNlYXJjaFRleHQQAhgEIAA","layer":"Police stations"}},{"type":"Feature","geometry":{"type":"Point","coordinates":[73.8316172,19.9437871]},"properties":{"Taluka":"Nashik","Zone":"Nashik Road","Category":"Police Station","Name":"Deolali Gaon Police Station","Type":"Police","Review Count":"0","Address":"WRVJ+GJ9, Deolali Gaon, Nashik, Maharashtra 422102, India","Maps Link":"https://maps.google.com/?cid=9212634287465292621&g_mp=Cidnb29nbGUubWFwcy5wbGFjZXMudjEuUGxhY2VzLlNlYXJjaFRleHQQAhgEIAA","Phone":"+91-0253-2491250","Email":"ps.devlali.nashikcp@mahapolice.gov.in","layer":"Police stations"}},{"type":"Feature","geometry":{"type":"Point","coordinates":[73.836614,19.955682]},"properties":{"Taluka":"Nashik","Zone":"Nashik Road","Category":"Police Station","Name":"Maharashtra State Electricity Board Police Station","Type":"Government Office","Review Count":"0","Phone":"0253 246 5533","Address":"Vidyut Bhavan, DattaMandir, Nashik Road, Nashik, Maharashtra 422101, India","Maps Link":"https://maps.google.com/?cid=14995220572477701015&g_mp=Cidnb29nbGUubWFwcy5wbGFjZXMudjEuUGxhY2VzLlNlYXJjaFRleHQQAhgEIAA","layer":"Police stations"}},{"type":"Feature","geometry":{"type":"Point","coordinates":[73.8397366,19.9528351]},"properties":{"Taluka":"Nashik","Zone":"Nashik Road","Category":"Police Station","Name":"Nashik Road Police Station","Type":"Government Office","Review Count":"0","Phone":"0253 246 5533","Address":"XR3Q+4VQ, near Hotel Avanti, Government Colony, Nashik, Maharashtra 422101, India","Website":"https://nashikcitypolice.gov.in/police_station/14","Open Now":"true","Maps Link":"https://maps.google.com/?cid=15774850624004263553&g_mp=Cidnb29nbGUubWFwcy5wbGFjZXMudjEuUGxhY2VzLlNlYXJjaFRleHQQAhgEIAA","Email":"ps.nskroad.nashikcp@mahapolice.gov.in","layer":"Police stations"}},{"type":"Feature","geometry":{"type":"Point","coordinates":[73.825262,19.968517]},"properties":{"Taluka":"Nashik","Zone":"Nashik Road","Category":"Police Station","Name":"Nehru Nagar Police Chauki","Type":"Government Office","Review Count":"0","Address":"XR9G+C42, Nehru Nager, Nashik, Maharashtra 422101, India","Maps Link":"https://maps.google.com/?cid=6591069778198492775&g_mp=Cidnb29nbGUubWFwcy5wbGFjZXMudjEuUGxhY2VzLlNlYXJjaFRleHQQAhgEIAA","layer":"Police stations"}},{"type":"Feature","geometry":{"type":"Point","coordinates":[73.8228626,19.9723476]},"properties":{"Taluka":"Nashik","Zone":"Nashik Road","Category":"Police Station","Name":"New Upnagar Police Station","Type":"Government Office","Rating":"5","Review Count":"2","Address":"XRCF+W4Q, Matoshri Nagar, Upnagar, Nashik, Maharashtra 422006, India","Open Now":"true","Maps Link":"https://maps.google.com/?cid=7158955748353770311&g_mp=Cidnb29nbGUubWFwcy5wbGFjZXMudjEuUGxhY2VzLlNlYXJjaFRleHQQAhgEIAA","Phone":"+91-0253-2415641","Email":"ps.upnagar.nashikcp@mahapolice.gov.in","layer":"Police stations"}},{"type":"Feature","geometry":{"type":"Point","coordinates":[73.8244033,19.9673809]},"properties":{"Taluka":"Nashik","Zone":"Nashik Road","Category":"Police Station","Name":"Upnagar Police Station","Type":"Government Office","Review Count":"0","Phone":"0253 241 5641","Address":"XR8F+XQ2, Nehru Nager, Nashik, Maharashtra 422101, India","Website":"http://mahapolice.gov.in/","Open Now":"true","Maps Link":"https://maps.google.com/?cid=5048512710955178497&g_mp=Cidnb29nbGUubWFwcy5wbGFjZXMudjEuUGxhY2VzLlNlYXJjaFRleHQQAhgEIAA","layer":"Police stations"}},{"type":"Feature","geometry":{"type":"Point","coordinates":[73.7957809,19.9945083]},"properties":{"Taluka":"Nashik","Zone":"Panchavati","Category":"Police Chowky / Outpost","Name":"Dwarka Police Chowki","Type":"Government Office","Review Count":"0","Phone":"0253 230 5259","Address":"XQVW+R82, Wadala Naka, Dwarka, Nashik, Maharashtra 422001, India","Website":"http://www.mahapolice.gov.in/","Maps Link":"https://maps.google.com/?cid=15270979236012640462&g_mp=Cidnb29nbGUubWFwcy5wbGFjZXMudjEuUGxhY2VzLlNlYXJjaFRleHQQAhgEIAA","layer":"Police stations"}},{"type":"Feature","geometry":{"type":"Point","coordinates":[73.7925811,20.0083508]},"properties":{"Taluka":"Nashik","Zone":"Panchavati","Category":"Police Chowky / Outpost","Name":"Kapaleshwar Police Chowki Madat Kendra","Type":"Government Office","Review Count":"0","Phone":"0253 262 9831","Address":"2Q5V+82W, Ramkund, Panchavati, Nashik, Maharashtra 422003, India","Open Now":"true","Maps Link":"https://maps.google.com/?cid=15502705809484674714&g_mp=Cidnb29nbGUubWFwcy5wbGFjZXMudjEuUGxhY2VzLlNlYXJjaFRleHQQAhgEIAA","layer":"Police stations"}},{"type":"Feature","geometry":{"type":"Point","coordinates":[73.7914579,20.0095821]},"properties":{"Taluka":"Nashik","Zone":"Panchavati","Category":"Police Chowky / Outpost","Name":"Malegaon Stand Police Chowki","Type":"Government Office","Review Count":"0","Phone":"0253 262 9838","Address":"2Q5R+RHP, Malegaon Stand Signal, Panchavati, Nashik, Maharashtra 422003, India","Website":"http://www.nashikruralpolice.gov.in/","Open Now":"true","Maps Link":"https://maps.google.com/?cid=5396743623760411260&g_mp=Cidnb29nbGUubWFwcy5wbGFjZXMudjEuUGxhY2VzLlNlYXJjaFRleHQQAhgEIAA","layer":"Police stations"}},{"type":"Feature","geometry":{"type":"Point","coordinates":[73.803185,20.0323539]},"properties":{"Taluka":"Nashik","Zone":"Panchavati","Category":"Police Chowky / Outpost","Name":"Meri Police Chowki","Type":"Government Office","Review Count":"0","Address":"2RJ3+W7V, Dindori Rd, CDO-MERI Colony, Nashik, Maharashtra 422004, India","Open Now":"true","Maps Link":"https://maps.google.com/?cid=14496345541433463660&g_mp=Cidnb29nbGUubWFwcy5wbGFjZXMudjEuUGxhY2VzLlNlYXJjaFRleHQQAhgEIAA","layer":"Police stations"}},{"type":"Feature","geometry":{"type":"Point","coordinates":[73.8023889,20.0325418]},"properties":{"Taluka":"Nashik","Zone":"Panchavati","Category":"Police Chowky / Outpost","Name":"Mhasrul Police Post","Type":"Government Office","Review Count":"0","Address":"Vani - Dindori Rd, Mhasrul Gaon, Vaiduwadi, Nashik, Maharashtra 422004, India","Open Now":"true","Maps Link":"https://maps.google.com/?cid=13208309615054649829&g_mp=Cidnb29nbGUubWFwcy5wbGFjZXMudjEuUGxhY2VzLlNlYXJjaFRleHQQAhgEIAA","Phone":"+91-0253-2533233","Email":"mhasrul_police@nashikpolice.com","layer":"Police stations"}},{"type":"Feature","geometry":{"type":"Point","coordinates":[73.7978836,19.9983548]},"properties":{"Taluka":"Nashik","Zone":"Panchavati","Category":"Police Chowky / Outpost","Name":"Nanawali Police Chowki","Type":"Government Office","Review Count":"0","Phone":"0253 230 5235","Address":"XQXX+85R, OId Nashik, Nanavali, Nashik, Maharashtra 422001, India","Maps Link":"https://maps.google.com/?cid=9975564522082741973&g_mp=Cidnb29nbGUubWFwcy5wbGFjZXMudjEuUGxhY2VzLlNlYXJjaFRleHQQAhgEIAA","layer":"Police stations"}},{"type":"Feature","geometry":{"type":"Point","coordinates":[73.791224,20.004036]},"properties":{"Taluka":"Nashik","Zone":"Panchavati","Category":"Police Chowky / Outpost","Name":"Nehru Chowk Police Chowki","Type":"Government Office","Review Count":"0","Address":"Nehru Chowk, Dahipul, Saraf Bazar, Shalimar, Nashik, Maharashtra 422001, India","Maps Link":"https://maps.google.com/?cid=7570342682400023559&g_mp=Cidnb29nbGUubWFwcy5wbGFjZXMudjEuUGxhY2VzLlNlYXJjaFRleHQQAhgEIAA","layer":"Police stations"}},{"type":"Feature","geometry":{"type":"Point","coordinates":[73.7888878,19.9992337]},"properties":{"Taluka":"Nashik","Zone":"Panchavati","Category":"Police Chowky / Outpost","Name":"Trambak Police Chowki","Type":"Government Office","Review Count":"0","Address":"XQXQ+MHR, Khadkali, Bhadrakali, Dood Bazar, Nashik, Maharashtra 422001, India","Open Now":"true","Maps Link":"https://maps.google.com/?cid=1130391192880332823&g_mp=Cidnb29nbGUubWFwcy5wbGFjZXMudjEuUGxhY2VzLlNlYXJjaFRleHQQAhgEIAA","layer":"Police stations"}},{"type":"Feature","geometry":{"type":"Point","coordinates":[73.8044709,19.989981]},"properties":{"Taluka":"Nashik","Zone":"Panchavati","Category":"Police Chowky / Outpost","Name":"त्रिकोणी गार्डन पोलिस चौकी trikoni garden police chauki","Type":"Government Office","Review Count":"0","Phone":"2305254","Address":"Kathe Galli, XRR4+322 Bus Stop, Kathe Ln, Dwarka, Nashik, Maharashtra 422011, India","Open Now":"true","Maps Link":"https://maps.google.com/?cid=11243752663824307032&g_mp=Cidnb29nbGUubWFwcy5wbGFjZXMudjEuUGxhY2VzLlNlYXJjaFRleHQQAhgEIAA","layer":"Police stations"}},{"type":"Feature","geometry":{"type":"Point","coordinates":[73.781471,20.0053103]},"properties":{"Taluka":"Nashik","Zone":"Panchavati","Category":"Police Commissionerate / HQ","Name":"Police Commissioner Office","Type":"Government Office","Review Count":"0","Phone":"0253 230 5233","Address":"192, Gangapur Rd, Opposite K.T.H.M. College, Police Staff Colony, Nashik, Maharashtra 422002, India","Website":"https://nashikcitypolice.gov.in/senior-officers","Maps Link":"https://maps.google.com/?cid=9579479110720426514&g_mp=Cidnb29nbGUubWFwcy5wbGFjZXMudjEuUGxhY2VzLlNlYXJjaFRleHQQAhgEIAA","layer":"Police stations"}},{"type":"Feature","geometry":{"type":"Point","coordinates":[73.7815541,20.0045753]},"properties":{"Taluka":"Nashik","Zone":"Panchavati","Category":"Police Station","Name":"(Updated) Cyber Police station sarkarwada","Type":"Government Office","Review Count":"0","Address":"2Q3J+RJM, Police Staff Colony, Nashik, Maharashtra 422002, India","Website":"http://www.cybercrime.gov.in/","Open Now":"true","Maps Link":"https://maps.google.com/?cid=6789521541980804788&g_mp=Cidnb29nbGUubWFwcy5wbGFjZXMudjEuUGxhY2VzLlNlYXJjaFRleHQQAhgEIAA","layer":"Police stations"}},{"type":"Feature","geometry":{"type":"Point","coordinates":[73.8269465,20.0154859]},"properties":{"Taluka":"Nashik","Zone":"Panchavati","Category":"Police Station","Name":"Adgoan Police Station","Type":"Government Office","Review Count":"0","Phone":"0253 297 0633","Address":"Behind Flora Height, Amrutdham, 2R8G+5QW, Agra - Mumbai Hwy, Tulshi Colony, Panchavati, Nashik, Maharashtra 422003, India","Website":"http://mahapolice.gov.in/","Open Now":"true","Maps Link":"https://maps.google.com/?cid=9198795452870818392&g_mp=Cidnb29nbGUubWFwcy5wbGFjZXMudjEuUGxhY2VzLlNlYXJjaFRleHQQAhgEIAA","Email":"ps.adgaon.nashikcp@mahapolice.gov.in","layer":"Police stations"}},{"type":"Feature","geometry":{"type":"Point","coordinates":[73.781523,20.0054659]},"properties":{"Taluka":"Nashik","Zone":"Panchavati","Category":"Police Station","Name":"Crime Branch","Type":"Government Office","Review Count":"0","Address":"2Q4J+5JJ, Gole Colony, Nashik, Maharashtra 422002, India","Maps Link":"https://maps.google.com/?cid=9114684050142718420&g_mp=Cidnb29nbGUubWFwcy5wbGFjZXMudjEuUGxhY2VzLlNlYXJjaFRleHQQAhgEIAA","layer":"Police stations"}},{"type":"Feature","geometry":{"type":"Point","coordinates":[73.7959526,20.0135287]},"properties":{"Taluka":"Nashik","Zone":"Panchavati","Category":"Police Station","Name":"Dindori Naka Police Station","Type":"Police","Review Count":"0","Address":"7, Dindori Rd, Loksahakar Nagar, Nashik, Maharashtra 422003, India","Maps Link":"https://maps.google.com/?cid=14137157863002353769&g_mp=Cidnb29nbGUubWFwcy5wbGFjZXMudjEuUGxhY2VzLlNlYXJjaFRleHQQAhgEIAA","layer":"Police stations"}},{"type":"Feature","geometry":{"type":"Point","coordinates":[73.7901498,19.999114]},"properties":{"Taluka":"Nashik","Zone":"Panchavati","Category":"Police Station","Name":"Dodh Bazar Police Station","Type":"Government Office","Review Count":"0","Address":"XQXR+J3R, Doodh Bazar, Koknipura, Nashik, Maharashtra 422001, India","Maps Link":"https://maps.google.com/?cid=1774086148097617253&g_mp=Cidnb29nbGUubWFwcy5wbGFjZXMudjEuUGxhY2VzLlNlYXJjaFRleHQQAhgEIAA","layer":"Police stations"}},{"type":"Feature","geometry":{"type":"Point","coordinates":[73.8010325,20.0081436]},"properties":{"Taluka":"Nashik","Zone":"Panchavati","Category":"Police Station","Name":"Katya Maruti Police Station","Type":"Government Office","Review Count":"0","Address":"Saikruti Apartment, 6, Ganeshwadi Rd, Old Adgaon Naka, Adgaon Naka, Panchavati, Nashik, Maharashtra 422003, India","Open Now":"true","Maps Link":"https://maps.google.com/?cid=68921221113617135&g_mp=Cidnb29nbGUubWFwcy5wbGFjZXMudjEuUGxhY2VzLlNlYXJjaFRleHQQAhgEIAA","layer":"Police stations"}},{"type":"Feature","geometry":{"type":"Point","coordinates":[73.7816933,20.0054924]},"properties":{"Taluka":"Nashik","Zone":"Panchavati","Category":"Police Station","Name":"Nashik Cyber Cell - Nashik Police","Type":"Government Office","Review Count":"0","Address":"476/1, Gangapur Rd, Samant Wadi, Shivaji Nagar, Nashik, Maharashtra 422002, India","Open Now":"true","Maps Link":"https://maps.google.com/?cid=10846660750382640048&g_mp=Cidnb29nbGUubWFwcy5wbGFjZXMudjEuUGxhY2VzLlNlYXJjaFRleHQQAhgEIAA","layer":"Police stations"}},{"type":"Feature","geometry":{"type":"Point","coordinates":[73.7946976,20.0097768]},"properties":{"Taluka":"Nashik","Zone":"Panchavati","Category":"Police Station","Name":"Panchavati Police C","Type":"Police","Review Count":"0","Address":"2Q5V+WV8, Panchavati Karanja Rd, Panchavati Karanja, Panchavati, Nashik, Maharashtra 422003, India","Open Now":"true","Maps Link":"https://maps.google.com/?cid=5289619724546601401&g_mp=Cidnb29nbGUubWFwcy5wbGFjZXMudjEuUGxhY2VzLlNlYXJjaFRleHQQAhgEIAA","Phone":"+91-0253-2629831 / 2629830","Email":"ps.pvati.nashikcp@mahapolice.gov.in","layer":"Police stations"}},{"type":"Feature","geometry":{"type":"Point","coordinates":[73.7967386,20.0156432]},"properties":{"Taluka":"Nashik","Zone":"Panchavati","Category":"Police Station","Name":"Panchvati Police Station","Type":"Police","Review Count":"0","Address":"2Q8W+7M5, Lok Sahakar Nagar Rd, opp. Krushi Utpanna Market, Adityakunj Society, Panchavati, Nashik, Maharashtra 422003, India","Maps Link":"https://maps.google.com/?cid=4366729237185242046&g_mp=Cidnb29nbGUubWFwcy5wbGFjZXMudjEuUGxhY2VzLlNlYXJjaFRleHQQAhgEIAA","layer":"Police stations"}},{"type":"Feature","geometry":{"type":"Point","coordinates":[73.7925949,19.9964908]},"properties":{"Taluka":"Nashik","Zone":"Panchavati","Category":"Police Station","Name":"Police Station","Review Count":"0","Address":"Police Station, 2875, Adarsh Road, Kazipura, Nashik, Maharashtra 422001, India","Maps Link":"https://maps.google.com/?cid=5565830016036182964&g_mp=Cidnb29nbGUubWFwcy5wbGFjZXMudjEuUGxhY2VzLlNlYXJjaFRleHQQAhgEIAA","layer":"Police stations"}},{"type":"Feature","geometry":{"type":"Point","coordinates":[73.7937848,20.0063341]},"properties":{"Taluka":"Nashik","Zone":"Panchavati","Category":"Police Station","Name":"Sardar Chowk Police Station","Type":"Government Office","Review Count":"0","Phone":"0253 251 4133","Address":"Sardar Chowk, Kala Ram Mandir Rd, near Dakshin Mukhi Prachin Hanuman Mandir, Panchavati, Nashik, Maharashtra 422003, India","Maps Link":"https://maps.google.com/?cid=5038508757795982821&g_mp=Cidnb29nbGUubWFwcy5wbGFjZXMudjEuUGxhY2VzLlNlYXJjaFRleHQQAhgEIAA","layer":"Police stations"}},{"type":"Feature","geometry":{"type":"Point","coordinates":[73.7797725,20.0056197]},"properties":{"Taluka":"Nashik","Zone":"Panchavati","Category":"Police Station","Name":"Sarkarwada Police Station","Type":"Government Office","Review Count":"0","Phone":"0253 230 5214","Address":"2Q4H+6WR, Gangapur Rd, opp. KTHM College, Gole Colony, Nashik, Maharashtra 422002, India","Website":"https://nashikcitypolice.gov.in/police_station/4","Open Now":"true","Maps Link":"https://maps.google.com/?cid=840269122793942316&g_mp=Cidnb29nbGUubWFwcy5wbGFjZXMudjEuUGxhY2VzLlNlYXJjaFRleHQQAhgEIAA","Email":"ps.swada.nashikcp@mahapolice.gov.in","layer":"Police stations"}},{"type":"Feature","geometry":{"type":"Point","coordinates":[73.8102369,20.0103321]},"properties":{"Taluka":"Nashik","Zone":"Panchavati","Category":"Police Station","Name":"Swaminarayan Police station","Type":"Government Office","Review Count":"0","Address":"2R66+43Q, Agra - Mumbai Hwy, Adgaon Naka, Vaishnavi Park, Nashik, Maharashtra 422003, India","Open Now":"true","Maps Link":"https://maps.google.com/?cid=10027759807600104754&g_mp=Cidnb29nbGUubWFwcy5wbGFjZXMudjEuUGxhY2VzLlNlYXJjaFRleHQQAhgEIAA","layer":"Police stations"}},{"type":"Feature","geometry":{"type":"Point","coordinates":[73.7515003,19.9709546]},"properties":{"Taluka":"Nashik","Zone":"Satpur","Category":"Police Chowky / Outpost","Name":"Trimurti Chowk Police Chowki","Type":"Government Office","Review Count":"0","Address":"XQC2+9JJ, New Nashik, GajananNagar, Modkeshwar Nagar, Nashik, Maharashtra 422008, India","Open Now":"true","Maps Link":"https://maps.google.com/?cid=15732623713570530399&g_mp=Cidnb29nbGUubWFwcy5wbGFjZXMudjEuUGxhY2VzLlNlYXJjaFRleHQQAhgEIAA","layer":"Police stations"}},{"type":"Feature","geometry":{"type":"Point","coordinates":[73.7634425,19.9658599]},"properties":{"Taluka":"Nashik","Zone":"Satpur","Category":"Police Station","Name":"Ambad Police Station","Type":"Government Office","Review Count":"0","Phone":"0253 239 2233","Address":"Pelican Park Road, Cidco, Shri Ram Colony, Nashik, Maharashtra 422009, India","Website":"https://nashikcitypolice.gov.in/police_station/2","Open Now":"true","Maps Link":"https://maps.google.com/?cid=14359788613732798988&g_mp=Cidnb29nbGUubWFwcy5wbGFjZXMudjEuUGxhY2VzLlNlYXJjaFRleHQQAhgEIAA","layer":"Police stations"}},{"type":"Feature","geometry":{"type":"Point","coordinates":[73.758154,19.9497701]},"properties":{"Taluka":"Nashik","Zone":"Satpur","Category":"Police Station","Name":"Anand Nagar Police Station","Type":"Police","Review Count":"0","Address":"shiv Prakash apartment, Cooperative Housing Society, Girdhar Nagar, Damodar Nagar, Pathardi Phata, Nashik, Maharashtra 422010, India","Maps Link":"https://maps.google.com/?cid=7056602894024764740&g_mp=Cidnb29nbGUubWFwcy5wbGFjZXMudjEuUGxhY2VzLlNlYXJjaFRleHQQAhgEIAA","layer":"Police stations"}},{"type":"Feature","geometry":{"type":"Point","coordinates":[73.7574847,19.9576913]},"properties":{"Taluka":"Nashik","Zone":"Satpur","Category":"Police Station","Name":"Ashwin Nagar Police Chauki","Type":"Government Office","Review Count":"0","Phone":"097621 00100","Address":"XQ54+3XH, Ashwin Nagar Service Rd, श्रावण सेक्टर, Ashwin Nagar, Nashik, Maharashtra 422009, India","Website":"http://mahapolice.gov.in/","Open Now":"true","Maps Link":"https://maps.google.com/?cid=17001778795715962705&g_mp=Cidnb29nbGUubWFwcy5wbGFjZXMudjEuUGxhY2VzLlNlYXJjaFRleHQQAhgEIAA","layer":"Police stations"}},{"type":"Feature","geometry":{"type":"Point","coordinates":[73.7785826,19.9745755]},"properties":{"Taluka":"Nashik","Zone":"Satpur","Category":"Police Station","Name":"Indira Nagar Police Station","Type":"Government Office","Review Count":"0","Phone":"0253 232 8833","Address":"Mumbai-Agra Road, Indira Nagar, 10, Kamod Nagar, Rajiv Nagar, Nashik, Maharashtra 422009, India","Website":"https://nashikcitypolice.gov.in/police_station/5","Open Now":"true","Maps Link":"https://maps.google.com/?cid=6743544170261308555&g_mp=Cidnb29nbGUubWFwcy5wbGFjZXMudjEuUGxhY2VzLlNlYXJjaFRleHQQAhgEIAA","Email":"ps.ingr.nashikcp@mahapolice.gov.in","layer":"Police stations"}},{"type":"Feature","geometry":{"type":"Point","coordinates":[73.7581475,19.9565875]},"properties":{"Taluka":"Nashik","Zone":"Satpur","Category":"Police Station","Name":"Pathardi Phata Police Station","Type":"Police","Review Count":"0","Address":"XQ45+J7J, MIDC Ambad, Nashik, Maharashtra 422010, India","Open Now":"true","Maps Link":"https://maps.google.com/?cid=12280633200299345998&g_mp=Cidnb29nbGUubWFwcy5wbGFjZXMudjEuUGxhY2VzLlNlYXJjaFRleHQQAhgEIAA","layer":"Police stations"}},{"type":"Feature","geometry":{"type":"Point","coordinates":[73.7619049,19.9727419]},"properties":{"Taluka":"Nashik","Zone":"Satpur","Category":"Police Station","Name":"Pawan Nagar police Station","Type":"Police","Review Count":"0","Address":"XQF6+3QR, Cidco Rd, Laxmi Nagar, Pawan Nagar, Nashik, Maharashtra 422008, India","Open Now":"true","Maps Link":"https://maps.google.com/?cid=3508768741276853031&g_mp=Cidnb29nbGUubWFwcy5wbGFjZXMudjEuUGxhY2VzLlNlYXJjaFRleHQQAhgEIAA","layer":"Police stations"}},{"type":"Feature","geometry":{"type":"Point","coordinates":[73.792463,20.002121]},"properties":{"Name":"Eat-Na Cloud Kitchen","Address":"410, Bidikamgar Nagar, Amrutdham, Nashik Zomato","locationConfidence":"approximate","Rating":"4.6 (537 delivery ratings) Zomato","Working Hours":"Serves Breakfast/Lunch/Dinner; specific times not published","Source":"Zomato","layer":"Cloud kitchens"}},{"type":"Feature","geometry":{"type":"Point","coordinates":[73.787918,19.998075]},"properties":{"Name":"Adira's Cloud Kitchen","Address":"P2, Shop 105, Serial 07/11/13/15, First Floor, Roongta Saket Apartment, Wadala Road, Indira Nagar, Nashik Zomato","locationConfidence":"approximate","Rating":"4.4 (153 delivery ratings) Zomato","Working Hours":"Dinner; specific times not published","Source":"Zomato / Swiggy","layer":"Cloud kitchens"}},{"type":"Feature","geometry":{"type":"Point","coordinates":[73.794618,20.006035]},"properties":{"Name":"Mom's Cloud Kitchen","Address":"House 2, Shivdhara Row Houses, Omkareshwar Colony, Ayodhya Nagari 2, near Omkareshwar Heights, Panchavati, Nashik","locationConfidence":"locality-match","Rating":"4.4 (105 delivery ratings) Zomato","Working Hours":"Breakfast/Lunch/Dinner; Zomato +2 specific times not published","Source":"Zomato","layer":"Cloud kitchens"}},{"type":"Feature","geometry":{"type":"Point","coordinates":[73.760986,19.973716]},"properties":{"Name":"24×7 Cloud Kitchen","Address":"Flat 7, Pawan Plaza, Cidco, Nashik Zomato","locationConfidence":"locality-match","Rating":"3.9 (249 delivery ratings); 3.8 on order page","Working Hours":"Name implies 24×7; not explicitly confirmed","Source":"Zomato / Swiggy","layer":"Cloud kitchens"}},{"type":"Feature","geometry":{"type":"Point","coordinates":[73.809939,20.011432]},"properties":{"Name":"Aarambha Cloud Kitchen","Address":"N-41-J-A-3-10-5, 4th Scheme, Sawata Nagar, Patil Nagar, Nashik Zomato","locationConfidence":"approximate","Rating":"3.6 (278 delivery ratings) Zomato","Working Hours":"Lunch/Dinner; specific times not published","Source":"Zomato","layer":"Cloud kitchens"}},{"type":"Feature","geometry":{"type":"Point","coordinates":[73.770453,19.957828]},"properties":{"Name":"CLOUD KITCHEN'S","Address":"Flat 601, 6th Floor, Jacob Sky View Apartment, Gangurde Nagar, Pathardi Gaon, Pathardi Vadner Road, near Jadhav Petrol Pump, Pathardi Phata, Nashik","locationConfidence":"locality-match","Rating":"4.0 (4 ratings)","Working Hours":"Lunch/Dinner; one Zomato snapshot shows \"Opens at 10:30pm\"","Source":"Zomato / District","layer":"Cloud kitchens"}},{"type":"Feature","geometry":{"type":"Point","coordinates":[73.729125,19.990198]},"properties":{"Name":"The Cloud Kitchen","Address":"House 1463, MHB Colony, Satpur, Nashik magicpinZomato","locationConfidence":"locality-match","Rating":"3.2 (34 delivery ratings, Zomato); Zomato 4.9 from a single review (magicpin)","Working Hours":"Sometimes shown as 24-hour (unverified); serves Breakfast/Lunch/Dinner","Source":"Zomato / magicpin","layer":"Cloud kitchens"}},{"type":"Feature","geometry":{"type":"Point","coordinates":[73.793703,20.014408]},"properties":{"Name":"The Cloud Kitchen – Non Veg","Address":"Survey 867/1, Kale Road, Indira Nagar, Nashik Zomato","locationConfidence":"approximate","Rating":"3.6 (15 delivery ratings) Zomato","Working Hours":"Breakfast/Lunch/Dinner; specific times not published","Source":"Zomato","layer":"Cloud kitchens"}},{"type":"Feature","geometry":{"type":"Point","coordinates":[73.78945,19.996587]},"properties":{"Name":"EATARO – The Cloud Kitchen","Address":"Plot No 64, Mahatma Nagar, Nashik 422007 (beside cricket ground) JustdialJustdial","locationConfidence":"approximate","Rating":"3.8/5 (4 ratings) Justdial","Working Hours":"\"Open until 10:30 pm\" (call window 9:00 AM–11:00 PM)","Source":"Justdial","layer":"Cloud kitchens"}},{"type":"Feature","geometry":{"type":"Point","coordinates":[73.773904,19.982749]},"properties":{"Name":"Bibaa's Cloud Kitchen","Address":"Flat No. 10, Krishna Residency, Mhada Colony, Bhor Township, Kabir Nagar, Nashik 422003 Justdial","locationConfidence":"approximate","Rating":"Not yet rated","Working Hours":"\"Open until 11:00 pm\" (actual hours may differ)","Source":"Justdial","layer":"Cloud kitchens"}},{"type":"Feature","geometry":{"type":"Point","coordinates":[73.828593,19.959702]},"properties":{"Name":"Shiv Cloud Kitchen","Address":"Survey 247, Plot 45, Kamathwade, Cidco, Nashik Road, Nashik 422101 Justdial","locationConfidence":"locality-match","Rating":"Not yet rated","Working Hours":"\"Opens at 12:00 PM\" (no close time listed)","Source":"Justdial","layer":"Cloud kitchens"}},{"type":"Feature","geometry":{"type":"Point","coordinates":[73.826001,19.958321]},"properties":{"Name":"Raalis Cloud Kitchen","Address":"Opposite Hsg Society, Jail Road / Nashik Road, Nashik Zomato","locationConfidence":"locality-match","Rating":"Not published","Working Hours":"Not published","Source":"Zomato / Justdial","layer":"Cloud kitchens"}},{"type":"Feature","geometry":{"type":"Point","coordinates":[73.791925,20.010003]},"properties":{"Name":"Ratna's Cloud Kitchen","Address":"College Road, Nashik","locationConfidence":"locality-match","Rating":"Not published","Working Hours":"Not published","Source":"Swiggy","layer":"Cloud kitchens"}},{"type":"Feature","geometry":{"type":"Point","coordinates":[73.753834,20.014987]},"properties":{"Name":"Archanaj Cloud Kitchen","Address":"Near Atharva Mangal Karyalay, Gangapur Road, Nashik Justdial","locationConfidence":"locality-match","Rating":"Not published","Working Hours":"Not published","Source":"Justdial","layer":"Cloud kitchens"}},{"type":"Feature","geometry":{"type":"Point","coordinates":[73.799074,19.98141]},"properties":{"Name":"Padma Laxmi Cloud Kitchen","Address":"Indira Nagar, Nashik","locationConfidence":"approximate","Rating":"Not published","Working Hours":"Not published","Source":"Zomato","layer":"Cloud kitchens"}},{"type":"Feature","geometry":{"type":"Point","coordinates":[73.744263,19.966272]},"properties":{"Name":"Devi's Cloud Kitchen","Address":"Indira Nagar / Ambad, Nashik","locationConfidence":"locality-match","Rating":"Not published","Working Hours":"Not published","Source":"Zomato / Swiggy","layer":"Cloud kitchens"}},{"type":"Feature","geometry":{"type":"Point","coordinates":[73.79367,19.991925]},"properties":{"Name":"The Cloud Kitchen Pure Veg","Address":"Deepali Nagar, Bombay Naka, Nashik Swiggy","locationConfidence":"approximate","Rating":"Not published","Working Hours":"Not published","Source":"Swiggy","layer":"Cloud kitchens"}},{"type":"Feature","geometry":{"type":"Point","coordinates":[73.79938,19.979554]},"properties":{"Name":"The Cloud Kitchen Non Veg (Bombay Naka)","Address":"Bombay Naka, Nashik","locationConfidence":"approximate","Rating":"Not published","Working Hours":"Not published","Source":"Swiggy","layer":"Cloud kitchens"}},{"type":"Feature","geometry":{"type":"Point","coordinates":[73.773175,19.997991]},"properties":{"Name":"EatNa Cloud Kitchen (RTO Circle)","Address":"RTO Circle, Nashik","locationConfidence":"approximate","Rating":"Not published","Working Hours":"Not published","Source":"Swiggy","layer":"Cloud kitchens"}},{"type":"Feature","geometry":{"type":"Point","coordinates":[73.744017,19.96642]},"properties":{"Name":"Home Chef (Cloud Kitchen)","Address":"Ambad, Nashik","locationConfidence":"locality-match","Rating":"Not published","Working Hours":"Not published","Source":"Swiggy","layer":"Cloud kitchens"}},{"type":"Feature","geometry":{"type":"Point","coordinates":[73.730821,19.989684]},"properties":{"Name":"Ratna's Kitchen","Address":"Satpur, Nashik","locationConfidence":"locality-match","Rating":"Not published","Working Hours":"Not published","Source":"Zomato","layer":"Cloud kitchens"}}]}